solid OpenSCAD_Model
  facet normal 1 0 0
    outer loop
      vertex 130.8 13.15 30
      vertex 130.8 0 30
      vertex 130.8 13.15 16
    endloop
  endfacet
  facet normal 1 0 0
    outer loop
      vertex 130.8 31.75 16
      vertex 130.8 44.9 30
      vertex 130.8 31.75 30
    endloop
  endfacet
  facet normal 1 0 0
    outer loop
      vertex 130.8 44.9 30
      vertex 130.8 31.75 16
      vertex 130.8 44.9 0
    endloop
  endfacet
  facet normal 1 -0 0
    outer loop
      vertex 130.8 31.7052 15.0884
      vertex 130.8 44.9 0
      vertex 130.8 31.75 16
    endloop
  endfacet
  facet normal 1 -0 0
    outer loop
      vertex 130.8 31.5713 14.1857
      vertex 130.8 44.9 0
      vertex 130.8 31.7052 15.0884
    endloop
  endfacet
  facet normal 1 -0 0
    outer loop
      vertex 130.8 31.3495 13.3004
      vertex 130.8 44.9 0
      vertex 130.8 31.5713 14.1857
    endloop
  endfacet
  facet normal 1 -0 0
    outer loop
      vertex 130.8 31.0421 12.441
      vertex 130.8 44.9 0
      vertex 130.8 31.3495 13.3004
    endloop
  endfacet
  facet normal 1 -0 0
    outer loop
      vertex 130.8 30.6519 11.616
      vertex 130.8 44.9 0
      vertex 130.8 31.0421 12.441
    endloop
  endfacet
  facet normal 1 -0 0
    outer loop
      vertex 130.8 30.1827 10.8332
      vertex 130.8 44.9 0
      vertex 130.8 30.6519 11.616
    endloop
  endfacet
  facet normal 1 -0 0
    outer loop
      vertex 130.8 29.639 10.1001
      vertex 130.8 44.9 0
      vertex 130.8 30.1827 10.8332
    endloop
  endfacet
  facet normal 1 -0 0
    outer loop
      vertex 130.8 29.0261 9.42391
      vertex 130.8 44.9 0
      vertex 130.8 29.639 10.1001
    endloop
  endfacet
  facet normal 1 -0 0
    outer loop
      vertex 130.8 28.3499 8.811
      vertex 130.8 44.9 0
      vertex 130.8 29.0261 9.42391
    endloop
  endfacet
  facet normal 1 -0 0
    outer loop
      vertex 130.8 27.6168 8.26733
      vertex 130.8 44.9 0
      vertex 130.8 28.3499 8.811
    endloop
  endfacet
  facet normal 1 -0 0
    outer loop
      vertex 130.8 26.834 7.79813
      vertex 130.8 44.9 0
      vertex 130.8 27.6168 8.26733
    endloop
  endfacet
  facet normal 1 -0 0
    outer loop
      vertex 130.8 26.009 7.40792
      vertex 130.8 44.9 0
      vertex 130.8 26.834 7.79813
    endloop
  endfacet
  facet normal 1 -0 0
    outer loop
      vertex 130.8 25.1496 7.10045
      vertex 130.8 44.9 0
      vertex 130.8 26.009 7.40792
    endloop
  endfacet
  facet normal 1 -0 0
    outer loop
      vertex 130.8 24.2643 6.8787
      vertex 130.8 44.9 0
      vertex 130.8 25.1496 7.10045
    endloop
  endfacet
  facet normal 1 -0 0
    outer loop
      vertex 130.8 23.3616 6.74478
      vertex 130.8 44.9 0
      vertex 130.8 24.2643 6.8787
    endloop
  endfacet
  facet normal 1 -0 0
    outer loop
      vertex 130.8 22.45 6.7
      vertex 130.8 44.9 0
      vertex 130.8 23.3616 6.74478
    endloop
  endfacet
  facet normal 1 0 0
    outer loop
      vertex 130.8 0 0
      vertex 130.8 22.45 6.7
      vertex 130.8 21.5384 6.74478
    endloop
  endfacet
  facet normal 1 0 0
    outer loop
      vertex 130.8 0 0
      vertex 130.8 21.5384 6.74478
      vertex 130.8 20.6357 6.8787
    endloop
  endfacet
  facet normal 1 0 0
    outer loop
      vertex 130.8 0 0
      vertex 130.8 20.6357 6.8787
      vertex 130.8 19.7504 7.10045
    endloop
  endfacet
  facet normal 1 0 0
    outer loop
      vertex 130.8 0 0
      vertex 130.8 13.15 16
      vertex 130.8 0 30
    endloop
  endfacet
  facet normal 1 0 0
    outer loop
      vertex 130.8 13.15 16
      vertex 130.8 0 0
      vertex 130.8 13.1948 15.0884
    endloop
  endfacet
  facet normal 1 0 0
    outer loop
      vertex 130.8 13.1948 15.0884
      vertex 130.8 0 0
      vertex 130.8 13.3287 14.1857
    endloop
  endfacet
  facet normal 1 0 0
    outer loop
      vertex 130.8 13.3287 14.1857
      vertex 130.8 0 0
      vertex 130.8 13.5505 13.3004
    endloop
  endfacet
  facet normal 1 0 0
    outer loop
      vertex 130.8 13.5505 13.3004
      vertex 130.8 0 0
      vertex 130.8 13.8579 12.441
    endloop
  endfacet
  facet normal 1 0 0
    outer loop
      vertex 130.8 13.8579 12.441
      vertex 130.8 0 0
      vertex 130.8 14.2481 11.616
    endloop
  endfacet
  facet normal 1 0 0
    outer loop
      vertex 130.8 14.2481 11.616
      vertex 130.8 0 0
      vertex 130.8 14.7173 10.8332
    endloop
  endfacet
  facet normal 1 0 0
    outer loop
      vertex 130.8 22.45 6.7
      vertex 130.8 0 0
      vertex 130.8 44.9 0
    endloop
  endfacet
  facet normal 1 0 0
    outer loop
      vertex 130.8 18.891 7.40792
      vertex 130.8 0 0
      vertex 130.8 19.7504 7.10045
    endloop
  endfacet
  facet normal 1 0 0
    outer loop
      vertex 130.8 18.066 7.79813
      vertex 130.8 0 0
      vertex 130.8 18.891 7.40792
    endloop
  endfacet
  facet normal 1 0 0
    outer loop
      vertex 130.8 17.2832 8.26733
      vertex 130.8 0 0
      vertex 130.8 18.066 7.79813
    endloop
  endfacet
  facet normal 1 0 0
    outer loop
      vertex 130.8 16.5501 8.811
      vertex 130.8 0 0
      vertex 130.8 17.2832 8.26733
    endloop
  endfacet
  facet normal 1 0 0
    outer loop
      vertex 130.8 15.8739 9.42391
      vertex 130.8 0 0
      vertex 130.8 16.5501 8.811
    endloop
  endfacet
  facet normal 1 0 0
    outer loop
      vertex 130.8 15.261 10.1001
      vertex 130.8 0 0
      vertex 130.8 15.8739 9.42391
    endloop
  endfacet
  facet normal 1 0 0
    outer loop
      vertex 130.8 14.7173 10.8332
      vertex 130.8 0 0
      vertex 130.8 15.261 10.1001
    endloop
  endfacet
  facet normal 0 0 1
    outer loop
      vertex 126.481 40.2222 30
      vertex 128.4 41.2946 30
      vertex 128.31 41.4445 30
    endloop
  endfacet
  facet normal 0 0 1
    outer loop
      vertex 128.4 41.2946 30
      vertex 126.7 39.5 30
      vertex 128.4 37.7054 30
    endloop
  endfacet
  facet normal 0 0 1
    outer loop
      vertex 126.481 40.2222 30
      vertex 128.31 41.4445 30
      vertex 128.106 41.7204 30
    endloop
  endfacet
  facet normal -0 0 1
    outer loop
      vertex 126.694 39.3726 30
      vertex 128.4 37.7054 30
      vertex 126.7 39.5 30
    endloop
  endfacet
  facet normal 0 0 1
    outer loop
      vertex 126.405 40.3247 30
      vertex 128.106 41.7204 30
      vertex 127.875 41.9749 30
    endloop
  endfacet
  facet normal -0 0 1
    outer loop
      vertex 126.675 39.2464 30
      vertex 128.4 37.7054 30
      vertex 126.694 39.3726 30
    endloop
  endfacet
  facet normal 0 0 1
    outer loop
      vertex 126.319 40.4192 30
      vertex 127.875 41.9749 30
      vertex 127.62 42.2055 30
    endloop
  endfacet
  facet normal -0 0 1
    outer loop
      vertex 126.644 39.1226 30
      vertex 128.4 37.7054 30
      vertex 126.675 39.2464 30
    endloop
  endfacet
  facet normal 0 0 1
    outer loop
      vertex 126.225 40.5049 30
      vertex 127.62 42.2055 30
      vertex 127.344 42.4101 30
    endloop
  endfacet
  facet normal -0 0 1
    outer loop
      vertex 126.601 39.0025 30
      vertex 128.4 37.7054 30
      vertex 126.644 39.1226 30
    endloop
  endfacet
  facet normal 0 0 1
    outer loop
      vertex 126.122 40.5809 30
      vertex 127.344 42.4101 30
      vertex 127.195 42.5 30
    endloop
  endfacet
  facet normal -0 0 1
    outer loop
      vertex 126.546 38.8872 30
      vertex 128.4 37.7054 30
      vertex 126.601 39.0025 30
    endloop
  endfacet
  facet normal 0 0 1
    outer loop
      vertex 128.4 41.2946 30
      vertex 130.8 44.9 30
      vertex 128.4 42.5 30
    endloop
  endfacet
  facet normal 0 0 1
    outer loop
      vertex 130.8 44.9 30
      vertex 127.195 42.5 30
      vertex 128.4 42.5 30
    endloop
  endfacet
  facet normal -0 0 1
    outer loop
      vertex 126.481 38.7778 30
      vertex 128.4 37.7054 30
      vertex 126.546 38.8872 30
    endloop
  endfacet
  facet normal 0 0 1
    outer loop
      vertex 128.4 37.7054 30
      vertex 126.481 38.7778 30
      vertex 128.31 37.5555 30
    endloop
  endfacet
  facet normal 0 0 1
    outer loop
      vertex 128.4 41.2946 30
      vertex 126.694 39.6274 30
      vertex 126.7 39.5 30
    endloop
  endfacet
  facet normal 0 0 1
    outer loop
      vertex 128.4 41.2946 30
      vertex 126.675 39.7536 30
      vertex 126.694 39.6274 30
    endloop
  endfacet
  facet normal 0 0 1
    outer loop
      vertex 128.4 41.2946 30
      vertex 126.644 39.8774 30
      vertex 126.675 39.7536 30
    endloop
  endfacet
  facet normal 0 0 1
    outer loop
      vertex 128.4 41.2946 30
      vertex 126.601 39.9975 30
      vertex 126.644 39.8774 30
    endloop
  endfacet
  facet normal 0 0 1
    outer loop
      vertex 128.4 41.2946 30
      vertex 126.546 40.1128 30
      vertex 126.601 39.9975 30
    endloop
  endfacet
  facet normal 0 0 1
    outer loop
      vertex 128.4 41.2946 30
      vertex 126.481 40.2222 30
      vertex 126.546 40.1128 30
    endloop
  endfacet
  facet normal 0 0 1
    outer loop
      vertex 128.106 41.7204 30
      vertex 126.405 40.3247 30
      vertex 126.481 40.2222 30
    endloop
  endfacet
  facet normal 0 0 1
    outer loop
      vertex 127.875 41.9749 30
      vertex 126.319 40.4192 30
      vertex 126.405 40.3247 30
    endloop
  endfacet
  facet normal 0 0 1
    outer loop
      vertex 127.62 42.2055 30
      vertex 126.225 40.5049 30
      vertex 126.319 40.4192 30
    endloop
  endfacet
  facet normal 0 0 1
    outer loop
      vertex 127.344 42.4101 30
      vertex 126.122 40.5809 30
      vertex 126.225 40.5049 30
    endloop
  endfacet
  facet normal 0 0 1
    outer loop
      vertex 127.195 42.5 30
      vertex 126.013 40.6465 30
      vertex 126.122 40.5809 30
    endloop
  endfacet
  facet normal 0 0 1
    outer loop
      vertex 127.195 42.5 30
      vertex 125.897 40.701 30
      vertex 126.013 40.6465 30
    endloop
  endfacet
  facet normal 0 0 1
    outer loop
      vertex 127.195 42.5 30
      vertex 125.777 40.744 30
      vertex 125.897 40.701 30
    endloop
  endfacet
  facet normal 0 0 1
    outer loop
      vertex 127.195 42.5 30
      vertex 125.654 40.775 30
      vertex 125.777 40.744 30
    endloop
  endfacet
  facet normal 0 0 1
    outer loop
      vertex 127.195 42.5 30
      vertex 125.527 40.7937 30
      vertex 125.654 40.775 30
    endloop
  endfacet
  facet normal 0 0 1
    outer loop
      vertex 127.195 42.5 30
      vertex 125.4 40.8 30
      vertex 125.527 40.7937 30
    endloop
  endfacet
  facet normal -0 0 1
    outer loop
      vertex 123.605 42.5 30
      vertex 125.4 40.8 30
      vertex 127.195 42.5 30
    endloop
  endfacet
  facet normal 0 0 1
    outer loop
      vertex 125.4 40.8 30
      vertex 123.605 42.5 30
      vertex 125.273 40.7937 30
    endloop
  endfacet
  facet normal 0 0 1
    outer loop
      vertex 125.273 40.7937 30
      vertex 123.605 42.5 30
      vertex 125.146 40.775 30
    endloop
  endfacet
  facet normal 0 0 1
    outer loop
      vertex 125.146 40.775 30
      vertex 123.605 42.5 30
      vertex 125.023 40.744 30
    endloop
  endfacet
  facet normal 0 0 1
    outer loop
      vertex 125.023 40.744 30
      vertex 123.605 42.5 30
      vertex 124.903 40.701 30
    endloop
  endfacet
  facet normal 0 0 1
    outer loop
      vertex 124.903 40.701 30
      vertex 123.605 42.5 30
      vertex 124.787 40.6465 30
    endloop
  endfacet
  facet normal 0 0 1
    outer loop
      vertex 124.787 40.6465 30
      vertex 123.605 42.5 30
      vertex 124.678 40.5809 30
    endloop
  endfacet
  facet normal 0 0 1
    outer loop
      vertex 124.787 38.3535 30
      vertex 123.75 36.4133 30
      vertex 124.061 36.2664 30
    endloop
  endfacet
  facet normal 0 0 1
    outer loop
      vertex 121.9 39.5 30
      vertex 124.1 39.5 30
      vertex 124.106 39.6274 30
    endloop
  endfacet
  facet normal 0 0 1
    outer loop
      vertex 124.319 40.2222 30
      vertex 122.49 41.4445 30
      vertex 124.254 40.1128 30
    endloop
  endfacet
  facet normal -0 0 1
    outer loop
      vertex 122.49 41.4445 30
      vertex 124.319 40.2222 30
      vertex 122.694 41.7204 30
    endloop
  endfacet
  facet normal 0 0 1
    outer loop
      vertex 124.395 40.3247 30
      vertex 122.694 41.7204 30
      vertex 124.319 40.2222 30
    endloop
  endfacet
  facet normal -0 0 1
    outer loop
      vertex 122.694 41.7204 30
      vertex 124.395 40.3247 30
      vertex 122.925 41.9749 30
    endloop
  endfacet
  facet normal 0 0 1
    outer loop
      vertex 124.481 40.4192 30
      vertex 122.925 41.9749 30
      vertex 124.395 40.3247 30
    endloop
  endfacet
  facet normal -0 0 1
    outer loop
      vertex 122.925 41.9749 30
      vertex 124.481 40.4192 30
      vertex 123.18 42.2055 30
    endloop
  endfacet
  facet normal 0 0 1
    outer loop
      vertex 124.575 40.5049 30
      vertex 123.18 42.2055 30
      vertex 124.481 40.4192 30
    endloop
  endfacet
  facet normal -0 0 1
    outer loop
      vertex 123.18 42.2055 30
      vertex 124.575 40.5049 30
      vertex 123.456 42.4101 30
    endloop
  endfacet
  facet normal 0 0 1
    outer loop
      vertex 124.678 40.5809 30
      vertex 123.456 42.4101 30
      vertex 124.575 40.5049 30
    endloop
  endfacet
  facet normal -0 0 1
    outer loop
      vertex 123.456 42.4101 30
      vertex 124.678 40.5809 30
      vertex 123.605 42.5 30
    endloop
  endfacet
  facet normal 0 0 1
    outer loop
      vertex 130.8 44.9 30
      vertex 123.605 42.5 30
      vertex 127.195 42.5 30
    endloop
  endfacet
  facet normal 0 0 1
    outer loop
      vertex 130.8 44.9 30
      vertex 7.19458 42.5 30
      vertex 123.605 42.5 30
    endloop
  endfacet
  facet normal 0 0 1
    outer loop
      vertex 8.48672 37.8501 30
      vertex 6.5465 38.8872 30
      vertex 8.31014 37.5555 30
    endloop
  endfacet
  facet normal -0 0 1
    outer loop
      vertex 6.48091 38.7778 30
      vertex 8.31014 37.5555 30
      vertex 6.5465 38.8872 30
    endloop
  endfacet
  facet normal 0 0 1
    outer loop
      vertex 7.19458 42.5 30
      vertex 6.69374 39.6274 30
      vertex 6.7 39.5 30
    endloop
  endfacet
  facet normal 0 0 1
    outer loop
      vertex 7.19458 42.5 30
      vertex 6.67502 39.7536 30
      vertex 6.69374 39.6274 30
    endloop
  endfacet
  facet normal 0 0 1
    outer loop
      vertex 7.19458 42.5 30
      vertex 6.64402 39.8774 30
      vertex 6.67502 39.7536 30
    endloop
  endfacet
  facet normal 0 0 1
    outer loop
      vertex 7.19458 42.5 30
      vertex 6.60104 39.9975 30
      vertex 6.64402 39.8774 30
    endloop
  endfacet
  facet normal 0 0 1
    outer loop
      vertex 7.19458 42.5 30
      vertex 6.5465 40.1128 30
      vertex 6.60104 39.9975 30
    endloop
  endfacet
  facet normal 0 0 1
    outer loop
      vertex 7.19458 42.5 30
      vertex 6.48091 40.2222 30
      vertex 6.5465 40.1128 30
    endloop
  endfacet
  facet normal 0 0 1
    outer loop
      vertex 7.19458 42.5 30
      vertex 6.40491 40.3247 30
      vertex 6.48091 40.2222 30
    endloop
  endfacet
  facet normal 0 0 1
    outer loop
      vertex 7.19458 42.5 30
      vertex 6.31924 40.4192 30
      vertex 6.40491 40.3247 30
    endloop
  endfacet
  facet normal 0 0 1
    outer loop
      vertex 7.19458 42.5 30
      vertex 6.22471 40.5049 30
      vertex 6.31924 40.4192 30
    endloop
  endfacet
  facet normal 0 0 1
    outer loop
      vertex 7.19458 42.5 30
      vertex 6.12224 40.5809 30
      vertex 6.22471 40.5049 30
    endloop
  endfacet
  facet normal 0 0 1
    outer loop
      vertex 7.19458 42.5 30
      vertex 6.01282 40.6465 30
      vertex 6.12224 40.5809 30
    endloop
  endfacet
  facet normal 0 0 1
    outer loop
      vertex 7.19458 42.5 30
      vertex 5.89749 40.701 30
      vertex 6.01282 40.6465 30
    endloop
  endfacet
  facet normal 0 0 1
    outer loop
      vertex 7.19458 42.5 30
      vertex 5.77737 40.744 30
      vertex 5.89749 40.701 30
    endloop
  endfacet
  facet normal 0 0 1
    outer loop
      vertex 7.19458 42.5 30
      vertex 5.65362 40.775 30
      vertex 5.77737 40.744 30
    endloop
  endfacet
  facet normal 0 0 1
    outer loop
      vertex 7.19458 42.5 30
      vertex 5.52742 40.7937 30
      vertex 5.65362 40.775 30
    endloop
  endfacet
  facet normal 0 0 1
    outer loop
      vertex 7.19458 42.5 30
      vertex 5.4 40.8 30
      vertex 5.52742 40.7937 30
    endloop
  endfacet
  facet normal -0 0 1
    outer loop
      vertex 3.60542 42.5 30
      vertex 5.4 40.8 30
      vertex 7.19458 42.5 30
    endloop
  endfacet
  facet normal 0 0 1
    outer loop
      vertex 5.4 40.8 30
      vertex 3.60542 42.5 30
      vertex 5.27258 40.7937 30
    endloop
  endfacet
  facet normal 0 0 1
    outer loop
      vertex 5.27258 40.7937 30
      vertex 3.60542 42.5 30
      vertex 5.14638 40.775 30
    endloop
  endfacet
  facet normal 0 0 1
    outer loop
      vertex 5.14638 40.775 30
      vertex 3.60542 42.5 30
      vertex 5.02263 40.744 30
    endloop
  endfacet
  facet normal 0 0 1
    outer loop
      vertex 5.02263 40.744 30
      vertex 3.60542 42.5 30
      vertex 4.90251 40.701 30
    endloop
  endfacet
  facet normal 0 0 1
    outer loop
      vertex 4.90251 40.701 30
      vertex 3.60542 42.5 30
      vertex 4.78718 40.6465 30
    endloop
  endfacet
  facet normal 0 0 1
    outer loop
      vertex 4.78718 40.6465 30
      vertex 3.60542 42.5 30
      vertex 4.67776 40.5809 30
    endloop
  endfacet
  facet normal 0 0 1
    outer loop
      vertex 4.78718 38.3535 30
      vertex 3.75011 36.4133 30
      vertex 4.06061 36.2664 30
    endloop
  endfacet
  facet normal 0 0 1
    outer loop
      vertex 2.4 41.2946 30
      vertex 4.1 39.5 30
      vertex 4.10626 39.6274 30
    endloop
  endfacet
  facet normal -0 0 1
    outer loop
      vertex 2.4 41.2946 30
      vertex 4.31909 40.2222 30
      vertex 2.48986 41.4445 30
    endloop
  endfacet
  facet normal -0 0 1
    outer loop
      vertex 2.48986 41.4445 30
      vertex 4.31909 40.2222 30
      vertex 2.69446 41.7204 30
    endloop
  endfacet
  facet normal 0 0 1
    outer loop
      vertex 4.39509 40.3247 30
      vertex 2.69446 41.7204 30
      vertex 4.31909 40.2222 30
    endloop
  endfacet
  facet normal -0 0 1
    outer loop
      vertex 2.69446 41.7204 30
      vertex 4.39509 40.3247 30
      vertex 2.92513 41.9749 30
    endloop
  endfacet
  facet normal 0 0 1
    outer loop
      vertex 4.48076 40.4192 30
      vertex 2.92513 41.9749 30
      vertex 4.39509 40.3247 30
    endloop
  endfacet
  facet normal -0 0 1
    outer loop
      vertex 2.92513 41.9749 30
      vertex 4.48076 40.4192 30
      vertex 3.17962 42.2055 30
    endloop
  endfacet
  facet normal 0 0 1
    outer loop
      vertex 4.57529 40.5049 30
      vertex 3.17962 42.2055 30
      vertex 4.48076 40.4192 30
    endloop
  endfacet
  facet normal -0 0 1
    outer loop
      vertex 3.17962 42.2055 30
      vertex 4.57529 40.5049 30
      vertex 3.4555 42.4101 30
    endloop
  endfacet
  facet normal 0 0 1
    outer loop
      vertex 4.67776 40.5809 30
      vertex 3.4555 42.4101 30
      vertex 4.57529 40.5049 30
    endloop
  endfacet
  facet normal -0 0 1
    outer loop
      vertex 3.4555 42.4101 30
      vertex 4.67776 40.5809 30
      vertex 3.60542 42.5 30
    endloop
  endfacet
  facet normal -0 0 1
    outer loop
      vertex 0 44.9 30
      vertex 7.19458 42.5 30
      vertex 130.8 44.9 30
    endloop
  endfacet
  facet normal 0 0 1
    outer loop
      vertex 7.19458 42.5 30
      vertex 0 44.9 30
      vertex 3.60542 42.5 30
    endloop
  endfacet
  facet normal 0 0 1
    outer loop
      vertex 0 44.9 30
      vertex 2.4 41.2946 30
      vertex 2.4 42.5 30
    endloop
  endfacet
  facet normal 0 0 1
    outer loop
      vertex 2.4 41.2946 30
      vertex 0 44.9 30
      vertex 2.4 37.7054 30
    endloop
  endfacet
  facet normal 0 0 1
    outer loop
      vertex 3.60542 42.5 30
      vertex 0 44.9 30
      vertex 2.4 42.5 30
    endloop
  endfacet
  facet normal 0 0 1
    outer loop
      vertex 2.4 37.7054 30
      vertex 0 44.9 30
      vertex 0 31.75 30
    endloop
  endfacet
  facet normal 0 0 1
    outer loop
      vertex 2.4 37.7054 30
      vertex 0 31.75 30
      vertex 2.4 31.75 30
    endloop
  endfacet
  facet normal 0 0 1
    outer loop
      vertex 128.4 37.7054 30
      vertex 130.8 44.9 30
      vertex 128.4 41.2946 30
    endloop
  endfacet
  facet normal 0 0 1
    outer loop
      vertex 130.8 44.9 30
      vertex 128.4 37.7054 30
      vertex 130.8 31.75 30
    endloop
  endfacet
  facet normal 0 0 1
    outer loop
      vertex 130.8 31.75 30
      vertex 128.4 37.7054 30
      vertex 128.4 31.75 30
    endloop
  endfacet
  facet normal 0 0 1
    outer loop
      vertex 128.31 37.5555 30
      vertex 126.481 38.7778 30
      vertex 128.106 37.2796 30
    endloop
  endfacet
  facet normal -0 0 1
    outer loop
      vertex 126.405 38.6753 30
      vertex 128.106 37.2796 30
      vertex 126.481 38.7778 30
    endloop
  endfacet
  facet normal 0 0 1
    outer loop
      vertex 128.106 37.2796 30
      vertex 126.405 38.6753 30
      vertex 127.875 37.0251 30
    endloop
  endfacet
  facet normal -0 0 1
    outer loop
      vertex 126.319 38.5808 30
      vertex 127.875 37.0251 30
      vertex 126.405 38.6753 30
    endloop
  endfacet
  facet normal 0 0 1
    outer loop
      vertex 127.875 37.0251 30
      vertex 126.319 38.5808 30
      vertex 127.62 36.7945 30
    endloop
  endfacet
  facet normal -0 0 1
    outer loop
      vertex 126.225 38.4951 30
      vertex 127.62 36.7945 30
      vertex 126.319 38.5808 30
    endloop
  endfacet
  facet normal 0 0 1
    outer loop
      vertex 127.62 36.7945 30
      vertex 126.225 38.4951 30
      vertex 127.344 36.5899 30
    endloop
  endfacet
  facet normal -0 0 1
    outer loop
      vertex 126.122 38.4191 30
      vertex 127.344 36.5899 30
      vertex 126.225 38.4951 30
    endloop
  endfacet
  facet normal 0 0 1
    outer loop
      vertex 127.344 36.5899 30
      vertex 126.122 38.4191 30
      vertex 127.05 36.4133 30
    endloop
  endfacet
  facet normal -0 0 1
    outer loop
      vertex 126.013 38.3535 30
      vertex 127.05 36.4133 30
      vertex 126.122 38.4191 30
    endloop
  endfacet
  facet normal 0 0 1
    outer loop
      vertex 127.05 36.4133 30
      vertex 126.013 38.3535 30
      vertex 126.739 36.2664 30
    endloop
  endfacet
  facet normal -0 0 1
    outer loop
      vertex 125.897 38.299 30
      vertex 126.739 36.2664 30
      vertex 126.013 38.3535 30
    endloop
  endfacet
  facet normal 0 0 1
    outer loop
      vertex 126.739 36.2664 30
      vertex 125.897 38.299 30
      vertex 126.416 36.1507 30
    endloop
  endfacet
  facet normal -0 0 1
    outer loop
      vertex 125.777 38.256 30
      vertex 126.416 36.1507 30
      vertex 125.897 38.299 30
    endloop
  endfacet
  facet normal 0 0 1
    outer loop
      vertex 126.416 36.1507 30
      vertex 125.777 38.256 30
      vertex 126.083 36.0673 30
    endloop
  endfacet
  facet normal -0 0 1
    outer loop
      vertex 125.654 38.225 30
      vertex 126.083 36.0673 30
      vertex 125.777 38.256 30
    endloop
  endfacet
  facet normal 0 0 1
    outer loop
      vertex 126.083 36.0673 30
      vertex 125.654 38.225 30
      vertex 125.743 36.0169 30
    endloop
  endfacet
  facet normal -0 0 1
    outer loop
      vertex 125.527 38.2063 30
      vertex 125.743 36.0169 30
      vertex 125.654 38.225 30
    endloop
  endfacet
  facet normal -0 0 1
    outer loop
      vertex 125.4 38.2 30
      vertex 125.743 36.0169 30
      vertex 125.527 38.2063 30
    endloop
  endfacet
  facet normal 0 0 1
    outer loop
      vertex 125.4 38.2 30
      vertex 125.4 36 30
      vertex 125.743 36.0169 30
    endloop
  endfacet
  facet normal 0 0 1
    outer loop
      vertex 125.273 38.2063 30
      vertex 125.4 36 30
      vertex 125.4 38.2 30
    endloop
  endfacet
  facet normal 0 0 1
    outer loop
      vertex 125.057 36.0169 30
      vertex 125.273 38.2063 30
      vertex 125.146 38.225 30
    endloop
  endfacet
  facet normal 0 0 1
    outer loop
      vertex 125.273 38.2063 30
      vertex 125.057 36.0169 30
      vertex 125.4 36 30
    endloop
  endfacet
  facet normal 0 0 1
    outer loop
      vertex 124.717 36.0673 30
      vertex 125.146 38.225 30
      vertex 125.023 38.256 30
    endloop
  endfacet
  facet normal 0 0 1
    outer loop
      vertex 124.384 36.1507 30
      vertex 125.023 38.256 30
      vertex 124.903 38.299 30
    endloop
  endfacet
  facet normal 0 0 1
    outer loop
      vertex 124.061 36.2664 30
      vertex 124.903 38.299 30
      vertex 124.787 38.3535 30
    endloop
  endfacet
  facet normal 0 0 1
    outer loop
      vertex 125.146 38.225 30
      vertex 124.717 36.0673 30
      vertex 125.057 36.0169 30
    endloop
  endfacet
  facet normal 0 0 1
    outer loop
      vertex 123.75 36.4133 30
      vertex 124.787 38.3535 30
      vertex 124.678 38.4191 30
    endloop
  endfacet
  facet normal 0 0 1
    outer loop
      vertex 123.75 36.4133 30
      vertex 124.678 38.4191 30
      vertex 124.575 38.4951 30
    endloop
  endfacet
  facet normal 0 0 1
    outer loop
      vertex 123.75 36.4133 30
      vertex 124.575 38.4951 30
      vertex 124.481 38.5808 30
    endloop
  endfacet
  facet normal 0 0 1
    outer loop
      vertex 123.75 36.4133 30
      vertex 124.481 38.5808 30
      vertex 124.395 38.6753 30
    endloop
  endfacet
  facet normal 0 0 1
    outer loop
      vertex 125.023 38.256 30
      vertex 124.384 36.1507 30
      vertex 124.717 36.0673 30
    endloop
  endfacet
  facet normal 0 0 1
    outer loop
      vertex 123.75 36.4133 30
      vertex 124.395 38.6753 30
      vertex 124.319 38.7778 30
    endloop
  endfacet
  facet normal 0 0 1
    outer loop
      vertex 123.75 36.4133 30
      vertex 124.319 38.7778 30
      vertex 124.254 38.8872 30
    endloop
  endfacet
  facet normal 0 0 1
    outer loop
      vertex 123.75 36.4133 30
      vertex 124.254 38.8872 30
      vertex 124.199 39.0025 30
    endloop
  endfacet
  facet normal 0 0 1
    outer loop
      vertex 123.75 36.4133 30
      vertex 124.199 39.0025 30
      vertex 124.156 39.1226 30
    endloop
  endfacet
  facet normal 0 0 1
    outer loop
      vertex 123.75 36.4133 30
      vertex 124.156 39.1226 30
      vertex 124.125 39.2464 30
    endloop
  endfacet
  facet normal 0 0 1
    outer loop
      vertex 123.75 36.4133 30
      vertex 124.125 39.2464 30
      vertex 124.106 39.3726 30
    endloop
  endfacet
  facet normal 0 0 1
    outer loop
      vertex 124.903 38.299 30
      vertex 124.061 36.2664 30
      vertex 124.384 36.1507 30
    endloop
  endfacet
  facet normal 0 0 1
    outer loop
      vertex 121.917 39.1569 30
      vertex 124.106 39.3726 30
      vertex 124.1 39.5 30
    endloop
  endfacet
  facet normal -0 0 1
    outer loop
      vertex 122.313 41.1499 30
      vertex 124.254 40.1128 30
      vertex 122.49 41.4445 30
    endloop
  endfacet
  facet normal 0 0 1
    outer loop
      vertex 124.106 39.3726 30
      vertex 123.456 36.5899 30
      vertex 123.75 36.4133 30
    endloop
  endfacet
  facet normal 0 0 1
    outer loop
      vertex 124.254 40.1128 30
      vertex 122.313 41.1499 30
      vertex 124.199 39.9975 30
    endloop
  endfacet
  facet normal 0 0 1
    outer loop
      vertex 124.106 39.3726 30
      vertex 123.18 36.7945 30
      vertex 123.456 36.5899 30
    endloop
  endfacet
  facet normal -0 0 1
    outer loop
      vertex 122.166 40.8394 30
      vertex 124.199 39.9975 30
      vertex 122.313 41.1499 30
    endloop
  endfacet
  facet normal 0 0 1
    outer loop
      vertex 124.106 39.3726 30
      vertex 122.925 37.0251 30
      vertex 123.18 36.7945 30
    endloop
  endfacet
  facet normal 0 0 1
    outer loop
      vertex 124.199 39.9975 30
      vertex 122.166 40.8394 30
      vertex 124.156 39.8774 30
    endloop
  endfacet
  facet normal 0 0 1
    outer loop
      vertex 124.106 39.3726 30
      vertex 122.694 37.2796 30
      vertex 122.925 37.0251 30
    endloop
  endfacet
  facet normal -0 0 1
    outer loop
      vertex 122.051 40.516 30
      vertex 124.156 39.8774 30
      vertex 122.166 40.8394 30
    endloop
  endfacet
  facet normal 0 0 1
    outer loop
      vertex 124.106 39.3726 30
      vertex 122.49 37.5555 30
      vertex 122.694 37.2796 30
    endloop
  endfacet
  facet normal 0 0 1
    outer loop
      vertex 124.156 39.8774 30
      vertex 122.051 40.516 30
      vertex 124.125 39.7536 30
    endloop
  endfacet
  facet normal 0 0 1
    outer loop
      vertex 124.106 39.3726 30
      vertex 122.313 37.8501 30
      vertex 122.49 37.5555 30
    endloop
  endfacet
  facet normal -0 0 1
    outer loop
      vertex 121.967 40.1828 30
      vertex 124.125 39.7536 30
      vertex 122.051 40.516 30
    endloop
  endfacet
  facet normal 0 0 1
    outer loop
      vertex 124.106 39.3726 30
      vertex 122.166 38.1606 30
      vertex 122.313 37.8501 30
    endloop
  endfacet
  facet normal 0 0 1
    outer loop
      vertex 124.125 39.7536 30
      vertex 121.967 40.1828 30
      vertex 124.106 39.6274 30
    endloop
  endfacet
  facet normal 0 0 1
    outer loop
      vertex 124.106 39.3726 30
      vertex 122.051 38.484 30
      vertex 122.166 38.1606 30
    endloop
  endfacet
  facet normal -0 0 1
    outer loop
      vertex 121.917 39.8431 30
      vertex 124.106 39.6274 30
      vertex 121.967 40.1828 30
    endloop
  endfacet
  facet normal 0 0 1
    outer loop
      vertex 124.106 39.3726 30
      vertex 121.967 38.8172 30
      vertex 122.051 38.484 30
    endloop
  endfacet
  facet normal 0 0 1
    outer loop
      vertex 121.9 39.5 30
      vertex 124.106 39.6274 30
      vertex 121.917 39.8431 30
    endloop
  endfacet
  facet normal 0 0 1
    outer loop
      vertex 124.106 39.3726 30
      vertex 121.917 39.1569 30
      vertex 121.967 38.8172 30
    endloop
  endfacet
  facet normal 0 0 1
    outer loop
      vertex 124.1 39.5 30
      vertex 121.9 39.5 30
      vertex 121.917 39.1569 30
    endloop
  endfacet
  facet normal 0 0 1
    outer loop
      vertex 6.7 39.5 30
      vertex 8.9 39.5 30
      vertex 8.88315 39.8431 30
    endloop
  endfacet
  facet normal 0 0 1
    outer loop
      vertex 6.7 39.5 30
      vertex 8.88315 39.8431 30
      vertex 8.83275 40.1828 30
    endloop
  endfacet
  facet normal 0 0 1
    outer loop
      vertex 8.9 39.5 30
      vertex 6.7 39.5 30
      vertex 8.88315 39.1569 30
    endloop
  endfacet
  facet normal 0 0 1
    outer loop
      vertex 6.7 39.5 30
      vertex 8.83275 40.1828 30
      vertex 8.74929 40.516 30
    endloop
  endfacet
  facet normal -0 0 1
    outer loop
      vertex 6.69374 39.3726 30
      vertex 8.88315 39.1569 30
      vertex 6.7 39.5 30
    endloop
  endfacet
  facet normal 0 0 1
    outer loop
      vertex 6.7 39.5 30
      vertex 8.74929 40.516 30
      vertex 8.63358 40.8394 30
    endloop
  endfacet
  facet normal 0 0 1
    outer loop
      vertex 8.88315 39.1569 30
      vertex 6.69374 39.3726 30
      vertex 8.83275 38.8172 30
    endloop
  endfacet
  facet normal 0 0 1
    outer loop
      vertex 6.7 39.5 30
      vertex 8.63358 40.8394 30
      vertex 8.48672 41.1499 30
    endloop
  endfacet
  facet normal -0 0 1
    outer loop
      vertex 6.67502 39.2464 30
      vertex 8.83275 38.8172 30
      vertex 6.69374 39.3726 30
    endloop
  endfacet
  facet normal 0 0 1
    outer loop
      vertex 6.7 39.5 30
      vertex 8.48672 41.1499 30
      vertex 8.31014 41.4445 30
    endloop
  endfacet
  facet normal 0 0 1
    outer loop
      vertex 8.83275 38.8172 30
      vertex 6.67502 39.2464 30
      vertex 8.74929 38.484 30
    endloop
  endfacet
  facet normal 0 0 1
    outer loop
      vertex 6.7 39.5 30
      vertex 8.31014 41.4445 30
      vertex 8.10554 41.7204 30
    endloop
  endfacet
  facet normal -0 0 1
    outer loop
      vertex 6.64402 39.1226 30
      vertex 8.74929 38.484 30
      vertex 6.67502 39.2464 30
    endloop
  endfacet
  facet normal 0 0 1
    outer loop
      vertex 6.7 39.5 30
      vertex 8.10554 41.7204 30
      vertex 7.87487 41.9749 30
    endloop
  endfacet
  facet normal 0 0 1
    outer loop
      vertex 8.74929 38.484 30
      vertex 6.64402 39.1226 30
      vertex 8.63358 38.1606 30
    endloop
  endfacet
  facet normal 0 0 1
    outer loop
      vertex 6.7 39.5 30
      vertex 7.87487 41.9749 30
      vertex 7.62038 42.2055 30
    endloop
  endfacet
  facet normal -0 0 1
    outer loop
      vertex 6.60104 39.0025 30
      vertex 8.63358 38.1606 30
      vertex 6.64402 39.1226 30
    endloop
  endfacet
  facet normal 0 0 1
    outer loop
      vertex 6.7 39.5 30
      vertex 7.3445 42.4101 30
      vertex 7.19458 42.5 30
    endloop
  endfacet
  facet normal 0 0 1
    outer loop
      vertex 7.3445 42.4101 30
      vertex 6.7 39.5 30
      vertex 7.62038 42.2055 30
    endloop
  endfacet
  facet normal 0 0 1
    outer loop
      vertex 8.63358 38.1606 30
      vertex 6.60104 39.0025 30
      vertex 8.48672 37.8501 30
    endloop
  endfacet
  facet normal -0 0 1
    outer loop
      vertex 6.5465 38.8872 30
      vertex 8.48672 37.8501 30
      vertex 6.60104 39.0025 30
    endloop
  endfacet
  facet normal 0 0 1
    outer loop
      vertex 8.31014 37.5555 30
      vertex 6.48091 38.7778 30
      vertex 8.10554 37.2796 30
    endloop
  endfacet
  facet normal -0 0 1
    outer loop
      vertex 6.40491 38.6753 30
      vertex 8.10554 37.2796 30
      vertex 6.48091 38.7778 30
    endloop
  endfacet
  facet normal 0 0 1
    outer loop
      vertex 8.10554 37.2796 30
      vertex 6.40491 38.6753 30
      vertex 7.87487 37.0251 30
    endloop
  endfacet
  facet normal -0 0 1
    outer loop
      vertex 6.31924 38.5808 30
      vertex 7.87487 37.0251 30
      vertex 6.40491 38.6753 30
    endloop
  endfacet
  facet normal 0 0 1
    outer loop
      vertex 7.87487 37.0251 30
      vertex 6.31924 38.5808 30
      vertex 7.62038 36.7945 30
    endloop
  endfacet
  facet normal -0 0 1
    outer loop
      vertex 6.22471 38.4951 30
      vertex 7.62038 36.7945 30
      vertex 6.31924 38.5808 30
    endloop
  endfacet
  facet normal 0 0 1
    outer loop
      vertex 7.62038 36.7945 30
      vertex 6.22471 38.4951 30
      vertex 7.3445 36.5899 30
    endloop
  endfacet
  facet normal -0 0 1
    outer loop
      vertex 6.12224 38.4191 30
      vertex 7.3445 36.5899 30
      vertex 6.22471 38.4951 30
    endloop
  endfacet
  facet normal 0 0 1
    outer loop
      vertex 7.3445 36.5899 30
      vertex 6.12224 38.4191 30
      vertex 7.04989 36.4133 30
    endloop
  endfacet
  facet normal -0 0 1
    outer loop
      vertex 6.01282 38.3535 30
      vertex 7.04989 36.4133 30
      vertex 6.12224 38.4191 30
    endloop
  endfacet
  facet normal 0 0 1
    outer loop
      vertex 7.04989 36.4133 30
      vertex 6.01282 38.3535 30
      vertex 6.73939 36.2664 30
    endloop
  endfacet
  facet normal -0 0 1
    outer loop
      vertex 5.89749 38.299 30
      vertex 6.73939 36.2664 30
      vertex 6.01282 38.3535 30
    endloop
  endfacet
  facet normal 0 0 1
    outer loop
      vertex 6.73939 36.2664 30
      vertex 5.89749 38.299 30
      vertex 6.416 36.1507 30
    endloop
  endfacet
  facet normal -0 0 1
    outer loop
      vertex 5.77737 38.256 30
      vertex 6.416 36.1507 30
      vertex 5.89749 38.299 30
    endloop
  endfacet
  facet normal 0 0 1
    outer loop
      vertex 6.416 36.1507 30
      vertex 5.77737 38.256 30
      vertex 6.08282 36.0673 30
    endloop
  endfacet
  facet normal -0 0 1
    outer loop
      vertex 5.65362 38.225 30
      vertex 6.08282 36.0673 30
      vertex 5.77737 38.256 30
    endloop
  endfacet
  facet normal 0 0 1
    outer loop
      vertex 6.08282 36.0673 30
      vertex 5.65362 38.225 30
      vertex 5.74306 36.0169 30
    endloop
  endfacet
  facet normal -0 0 1
    outer loop
      vertex 5.52742 38.2063 30
      vertex 5.74306 36.0169 30
      vertex 5.65362 38.225 30
    endloop
  endfacet
  facet normal -0 0 1
    outer loop
      vertex 5.4 38.2 30
      vertex 5.74306 36.0169 30
      vertex 5.52742 38.2063 30
    endloop
  endfacet
  facet normal 0 0 1
    outer loop
      vertex 5.4 38.2 30
      vertex 5.4 36 30
      vertex 5.74306 36.0169 30
    endloop
  endfacet
  facet normal 0 0 1
    outer loop
      vertex 5.27258 38.2063 30
      vertex 5.4 36 30
      vertex 5.4 38.2 30
    endloop
  endfacet
  facet normal 0 0 1
    outer loop
      vertex 5.05694 36.0169 30
      vertex 5.27258 38.2063 30
      vertex 5.14638 38.225 30
    endloop
  endfacet
  facet normal 0 0 1
    outer loop
      vertex 5.27258 38.2063 30
      vertex 5.05694 36.0169 30
      vertex 5.4 36 30
    endloop
  endfacet
  facet normal 0 0 1
    outer loop
      vertex 4.71718 36.0673 30
      vertex 5.14638 38.225 30
      vertex 5.02263 38.256 30
    endloop
  endfacet
  facet normal 0 0 1
    outer loop
      vertex 4.384 36.1507 30
      vertex 5.02263 38.256 30
      vertex 4.90251 38.299 30
    endloop
  endfacet
  facet normal 0 0 1
    outer loop
      vertex 4.06061 36.2664 30
      vertex 4.90251 38.299 30
      vertex 4.78718 38.3535 30
    endloop
  endfacet
  facet normal 0 0 1
    outer loop
      vertex 5.14638 38.225 30
      vertex 4.71718 36.0673 30
      vertex 5.05694 36.0169 30
    endloop
  endfacet
  facet normal 0 0 1
    outer loop
      vertex 3.75011 36.4133 30
      vertex 4.78718 38.3535 30
      vertex 4.67776 38.4191 30
    endloop
  endfacet
  facet normal 0 0 1
    outer loop
      vertex 3.75011 36.4133 30
      vertex 4.67776 38.4191 30
      vertex 4.57529 38.4951 30
    endloop
  endfacet
  facet normal 0 0 1
    outer loop
      vertex 3.75011 36.4133 30
      vertex 4.57529 38.4951 30
      vertex 4.48076 38.5808 30
    endloop
  endfacet
  facet normal 0 0 1
    outer loop
      vertex 3.75011 36.4133 30
      vertex 4.48076 38.5808 30
      vertex 4.39509 38.6753 30
    endloop
  endfacet
  facet normal 0 0 1
    outer loop
      vertex 5.02263 38.256 30
      vertex 4.384 36.1507 30
      vertex 4.71718 36.0673 30
    endloop
  endfacet
  facet normal 0 0 1
    outer loop
      vertex 3.75011 36.4133 30
      vertex 4.39509 38.6753 30
      vertex 4.31909 38.7778 30
    endloop
  endfacet
  facet normal 0 0 1
    outer loop
      vertex 3.75011 36.4133 30
      vertex 4.31909 38.7778 30
      vertex 4.2535 38.8872 30
    endloop
  endfacet
  facet normal 0 0 1
    outer loop
      vertex 3.75011 36.4133 30
      vertex 4.2535 38.8872 30
      vertex 4.19896 39.0025 30
    endloop
  endfacet
  facet normal 0 0 1
    outer loop
      vertex 3.75011 36.4133 30
      vertex 4.19896 39.0025 30
      vertex 4.15598 39.1226 30
    endloop
  endfacet
  facet normal 0 0 1
    outer loop
      vertex 3.75011 36.4133 30
      vertex 4.15598 39.1226 30
      vertex 4.12498 39.2464 30
    endloop
  endfacet
  facet normal 0 0 1
    outer loop
      vertex 3.75011 36.4133 30
      vertex 4.12498 39.2464 30
      vertex 4.10626 39.3726 30
    endloop
  endfacet
  facet normal 0 0 1
    outer loop
      vertex 4.90251 38.299 30
      vertex 4.06061 36.2664 30
      vertex 4.384 36.1507 30
    endloop
  endfacet
  facet normal 0 0 1
    outer loop
      vertex 2.4 37.7054 30
      vertex 4.10626 39.3726 30
      vertex 4.1 39.5 30
    endloop
  endfacet
  facet normal 0 0 1
    outer loop
      vertex 4.31909 40.2222 30
      vertex 2.4 41.2946 30
      vertex 4.2535 40.1128 30
    endloop
  endfacet
  facet normal 0 0 1
    outer loop
      vertex 4.10626 39.3726 30
      vertex 3.4555 36.5899 30
      vertex 3.75011 36.4133 30
    endloop
  endfacet
  facet normal 0 0 1
    outer loop
      vertex 4.2535 40.1128 30
      vertex 2.4 41.2946 30
      vertex 4.19896 39.9975 30
    endloop
  endfacet
  facet normal 0 0 1
    outer loop
      vertex 4.10626 39.3726 30
      vertex 3.17962 36.7945 30
      vertex 3.4555 36.5899 30
    endloop
  endfacet
  facet normal 0 0 1
    outer loop
      vertex 4.19896 39.9975 30
      vertex 2.4 41.2946 30
      vertex 4.15598 39.8774 30
    endloop
  endfacet
  facet normal 0 0 1
    outer loop
      vertex 4.10626 39.3726 30
      vertex 2.92513 37.0251 30
      vertex 3.17962 36.7945 30
    endloop
  endfacet
  facet normal 0 0 1
    outer loop
      vertex 4.15598 39.8774 30
      vertex 2.4 41.2946 30
      vertex 4.12498 39.7536 30
    endloop
  endfacet
  facet normal 0 0 1
    outer loop
      vertex 4.10626 39.3726 30
      vertex 2.69446 37.2796 30
      vertex 2.92513 37.0251 30
    endloop
  endfacet
  facet normal 0 0 1
    outer loop
      vertex 4.12498 39.7536 30
      vertex 2.4 41.2946 30
      vertex 4.10626 39.6274 30
    endloop
  endfacet
  facet normal 0 0 1
    outer loop
      vertex 4.1 39.5 30
      vertex 2.4 41.2946 30
      vertex 2.4 37.7054 30
    endloop
  endfacet
  facet normal 0 0 1
    outer loop
      vertex 4.10626 39.3726 30
      vertex 2.4 37.7054 30
      vertex 2.48986 37.5555 30
    endloop
  endfacet
  facet normal 0 0 1
    outer loop
      vertex 4.10626 39.3726 30
      vertex 2.48986 37.5555 30
      vertex 2.69446 37.2796 30
    endloop
  endfacet
  facet normal 0 0 1
    outer loop
      vertex 6.7 5.4 30
      vertex 8.9 5.4 30
      vertex 8.88315 5.74306 30
    endloop
  endfacet
  facet normal 0 0 1
    outer loop
      vertex 6.69374 5.52742 30
      vertex 8.88315 5.74306 30
      vertex 8.83275 6.08282 30
    endloop
  endfacet
  facet normal 0 0 1
    outer loop
      vertex 8.9 5.4 30
      vertex 6.7 5.4 30
      vertex 8.88315 5.05694 30
    endloop
  endfacet
  facet normal 0 0 1
    outer loop
      vertex 6.67502 5.65362 30
      vertex 8.83275 6.08282 30
      vertex 8.74929 6.416 30
    endloop
  endfacet
  facet normal -0 0 1
    outer loop
      vertex 6.69374 5.27258 30
      vertex 8.88315 5.05694 30
      vertex 6.7 5.4 30
    endloop
  endfacet
  facet normal 0 0 1
    outer loop
      vertex 6.64402 5.77737 30
      vertex 8.74929 6.416 30
      vertex 8.63358 6.73939 30
    endloop
  endfacet
  facet normal 0 0 1
    outer loop
      vertex 8.88315 5.05694 30
      vertex 6.69374 5.27258 30
      vertex 8.83275 4.71718 30
    endloop
  endfacet
  facet normal 0 0 1
    outer loop
      vertex 6.60104 5.89749 30
      vertex 8.63358 6.73939 30
      vertex 8.48672 7.04989 30
    endloop
  endfacet
  facet normal -0 0 1
    outer loop
      vertex 6.67502 5.14638 30
      vertex 8.83275 4.71718 30
      vertex 6.69374 5.27258 30
    endloop
  endfacet
  facet normal 0 0 1
    outer loop
      vertex 6.5465 6.01282 30
      vertex 8.48672 7.04989 30
      vertex 8.31014 7.3445 30
    endloop
  endfacet
  facet normal 0 0 1
    outer loop
      vertex 8.83275 4.71718 30
      vertex 6.67502 5.14638 30
      vertex 8.74929 4.384 30
    endloop
  endfacet
  facet normal 0 0 1
    outer loop
      vertex 6.48091 6.12224 30
      vertex 8.31014 7.3445 30
      vertex 8.10554 7.62038 30
    endloop
  endfacet
  facet normal -0 0 1
    outer loop
      vertex 6.64402 5.02263 30
      vertex 8.74929 4.384 30
      vertex 6.67502 5.14638 30
    endloop
  endfacet
  facet normal 0 0 1
    outer loop
      vertex 6.40491 6.22471 30
      vertex 8.10554 7.62038 30
      vertex 7.87487 7.87487 30
    endloop
  endfacet
  facet normal 0 0 1
    outer loop
      vertex 8.74929 4.384 30
      vertex 6.64402 5.02263 30
      vertex 8.63358 4.06061 30
    endloop
  endfacet
  facet normal 0 0 1
    outer loop
      vertex 6.31924 6.31924 30
      vertex 7.87487 7.87487 30
      vertex 7.62038 8.10554 30
    endloop
  endfacet
  facet normal -0 0 1
    outer loop
      vertex 6.60104 4.90251 30
      vertex 8.63358 4.06061 30
      vertex 6.64402 5.02263 30
    endloop
  endfacet
  facet normal 0 0 1
    outer loop
      vertex 6.22471 6.40491 30
      vertex 7.62038 8.10554 30
      vertex 7.3445 8.31014 30
    endloop
  endfacet
  facet normal 0 0 1
    outer loop
      vertex 8.63358 4.06061 30
      vertex 6.60104 4.90251 30
      vertex 8.48672 3.75011 30
    endloop
  endfacet
  facet normal -0 0 1
    outer loop
      vertex 6.5465 4.78718 30
      vertex 8.48672 3.75011 30
      vertex 6.60104 4.90251 30
    endloop
  endfacet
  facet normal 0 0 1
    outer loop
      vertex 6.12224 6.48091 30
      vertex 7.3445 8.31014 30
      vertex 7.04989 8.48672 30
    endloop
  endfacet
  facet normal 0 0 1
    outer loop
      vertex 124.254 6.01282 30
      vertex 122.313 7.04989 30
      vertex 124.199 5.89749 30
    endloop
  endfacet
  facet normal -0 0 1
    outer loop
      vertex 122.166 6.73939 30
      vertex 124.199 5.89749 30
      vertex 122.313 7.04989 30
    endloop
  endfacet
  facet normal 0 -0 1
    outer loop
      vertex 123.456 2.48986 30
      vertex 124.1 5.4 30
      vertex 123.18 2.69446 30
    endloop
  endfacet
  facet normal 0 0 1
    outer loop
      vertex 124.1 5.4 30
      vertex 123.456 2.48986 30
      vertex 123.605 2.4 30
    endloop
  endfacet
  facet normal 0 0 1
    outer loop
      vertex 124.199 5.89749 30
      vertex 122.166 6.73939 30
      vertex 124.156 5.77737 30
    endloop
  endfacet
  facet normal 0 0 1
    outer loop
      vertex 124.1 5.4 30
      vertex 122.925 2.92513 30
      vertex 123.18 2.69446 30
    endloop
  endfacet
  facet normal -0 0 1
    outer loop
      vertex 122.051 6.416 30
      vertex 124.156 5.77737 30
      vertex 122.166 6.73939 30
    endloop
  endfacet
  facet normal 0 0 1
    outer loop
      vertex 124.1 5.4 30
      vertex 122.694 3.17962 30
      vertex 122.925 2.92513 30
    endloop
  endfacet
  facet normal 0 0 1
    outer loop
      vertex 124.156 5.77737 30
      vertex 122.051 6.416 30
      vertex 124.125 5.65362 30
    endloop
  endfacet
  facet normal 0 0 1
    outer loop
      vertex 124.1 5.4 30
      vertex 122.49 3.4555 30
      vertex 122.694 3.17962 30
    endloop
  endfacet
  facet normal -0 0 1
    outer loop
      vertex 121.967 6.08282 30
      vertex 124.125 5.65362 30
      vertex 122.051 6.416 30
    endloop
  endfacet
  facet normal 0 0 1
    outer loop
      vertex 124.1 5.4 30
      vertex 122.313 3.75011 30
      vertex 122.49 3.4555 30
    endloop
  endfacet
  facet normal 0 0 1
    outer loop
      vertex 124.125 5.65362 30
      vertex 121.967 6.08282 30
      vertex 124.106 5.52742 30
    endloop
  endfacet
  facet normal 0 0 1
    outer loop
      vertex 124.1 5.4 30
      vertex 122.166 4.06061 30
      vertex 122.313 3.75011 30
    endloop
  endfacet
  facet normal -0 0 1
    outer loop
      vertex 121.917 5.74306 30
      vertex 124.106 5.52742 30
      vertex 121.967 6.08282 30
    endloop
  endfacet
  facet normal 0 0 1
    outer loop
      vertex 124.1 5.4 30
      vertex 122.051 4.384 30
      vertex 122.166 4.06061 30
    endloop
  endfacet
  facet normal 0 0 1
    outer loop
      vertex 124.106 5.52742 30
      vertex 121.917 5.74306 30
      vertex 124.1 5.4 30
    endloop
  endfacet
  facet normal 0 0 1
    outer loop
      vertex 124.1 5.4 30
      vertex 121.967 4.71718 30
      vertex 122.051 4.384 30
    endloop
  endfacet
  facet normal 0 0 1
    outer loop
      vertex 121.9 5.4 30
      vertex 124.1 5.4 30
      vertex 121.917 5.74306 30
    endloop
  endfacet
  facet normal 0 0 1
    outer loop
      vertex 124.1 5.4 30
      vertex 121.917 5.05694 30
      vertex 121.967 4.71718 30
    endloop
  endfacet
  facet normal 0 0 1
    outer loop
      vertex 124.1 5.4 30
      vertex 121.9 5.4 30
      vertex 121.917 5.05694 30
    endloop
  endfacet
  facet normal -0 0 1
    outer loop
      vertex 0 13.15 30
      vertex 2.4 7.19458 30
      vertex 2.4 13.15 30
    endloop
  endfacet
  facet normal 0 0 1
    outer loop
      vertex 0 0 30
      vertex 2.4 7.19458 30
      vertex 0 13.15 30
    endloop
  endfacet
  facet normal 0 0 1
    outer loop
      vertex 2.4 7.19458 30
      vertex 0 0 30
      vertex 2.4 3.60542 30
    endloop
  endfacet
  facet normal 0 0 1
    outer loop
      vertex 4.2535 6.01282 30
      vertex 2.4 7.19458 30
      vertex 4.19896 5.89749 30
    endloop
  endfacet
  facet normal 0 0 1
    outer loop
      vertex 4.19896 5.89749 30
      vertex 2.4 7.19458 30
      vertex 4.15598 5.77737 30
    endloop
  endfacet
  facet normal 0 -0 1
    outer loop
      vertex 3.4555 2.48986 30
      vertex 4.1 5.4 30
      vertex 3.17962 2.69446 30
    endloop
  endfacet
  facet normal 0 0 1
    outer loop
      vertex 4.1 5.4 30
      vertex 3.4555 2.48986 30
      vertex 3.60542 2.4 30
    endloop
  endfacet
  facet normal 0 0 1
    outer loop
      vertex 4.15598 5.77737 30
      vertex 2.4 7.19458 30
      vertex 4.12498 5.65362 30
    endloop
  endfacet
  facet normal 0 0 1
    outer loop
      vertex 4.1 5.4 30
      vertex 2.92513 2.92513 30
      vertex 3.17962 2.69446 30
    endloop
  endfacet
  facet normal 0 0 1
    outer loop
      vertex 4.12498 5.65362 30
      vertex 2.4 7.19458 30
      vertex 4.10626 5.52742 30
    endloop
  endfacet
  facet normal 0 0 1
    outer loop
      vertex 4.1 5.4 30
      vertex 2.69446 3.17962 30
      vertex 2.92513 2.92513 30
    endloop
  endfacet
  facet normal 0 0 1
    outer loop
      vertex 4.10626 5.52742 30
      vertex 2.4 7.19458 30
      vertex 4.1 5.4 30
    endloop
  endfacet
  facet normal 0 0 1
    outer loop
      vertex 2.4 3.60542 30
      vertex 4.1 5.4 30
      vertex 2.4 7.19458 30
    endloop
  endfacet
  facet normal 0 -0 1
    outer loop
      vertex 2.48986 3.4555 30
      vertex 4.1 5.4 30
      vertex 2.4 3.60542 30
    endloop
  endfacet
  facet normal 0 0 1
    outer loop
      vertex 4.1 5.4 30
      vertex 2.48986 3.4555 30
      vertex 2.69446 3.17962 30
    endloop
  endfacet
  facet normal 0 0 1
    outer loop
      vertex 8.88315 5.74306 30
      vertex 6.69374 5.52742 30
      vertex 6.7 5.4 30
    endloop
  endfacet
  facet normal 0 0 1
    outer loop
      vertex 8.83275 6.08282 30
      vertex 6.67502 5.65362 30
      vertex 6.69374 5.52742 30
    endloop
  endfacet
  facet normal 0 0 1
    outer loop
      vertex 8.74929 6.416 30
      vertex 6.64402 5.77737 30
      vertex 6.67502 5.65362 30
    endloop
  endfacet
  facet normal 0 0 1
    outer loop
      vertex 8.63358 6.73939 30
      vertex 6.60104 5.89749 30
      vertex 6.64402 5.77737 30
    endloop
  endfacet
  facet normal 0 0 1
    outer loop
      vertex 8.48672 7.04989 30
      vertex 6.5465 6.01282 30
      vertex 6.60104 5.89749 30
    endloop
  endfacet
  facet normal 0 0 1
    outer loop
      vertex 8.31014 7.3445 30
      vertex 6.48091 6.12224 30
      vertex 6.5465 6.01282 30
    endloop
  endfacet
  facet normal 0 0 1
    outer loop
      vertex 5.89749 6.60104 30
      vertex 6.73939 8.63358 30
      vertex 6.416 8.74929 30
    endloop
  endfacet
  facet normal 0 0 1
    outer loop
      vertex 8.10554 7.62038 30
      vertex 6.40491 6.22471 30
      vertex 6.48091 6.12224 30
    endloop
  endfacet
  facet normal 0 0 1
    outer loop
      vertex 7.87487 7.87487 30
      vertex 6.31924 6.31924 30
      vertex 6.40491 6.22471 30
    endloop
  endfacet
  facet normal 0 0 1
    outer loop
      vertex 7.62038 8.10554 30
      vertex 6.22471 6.40491 30
      vertex 6.31924 6.31924 30
    endloop
  endfacet
  facet normal 0 0 1
    outer loop
      vertex 7.3445 8.31014 30
      vertex 6.12224 6.48091 30
      vertex 6.22471 6.40491 30
    endloop
  endfacet
  facet normal 0 0 1
    outer loop
      vertex 5.77737 6.64402 30
      vertex 6.416 8.74929 30
      vertex 6.08282 8.83275 30
    endloop
  endfacet
  facet normal 0 0 1
    outer loop
      vertex 7.04989 8.48672 30
      vertex 6.01282 6.5465 30
      vertex 6.12224 6.48091 30
    endloop
  endfacet
  facet normal 0 0 1
    outer loop
      vertex 6.73939 8.63358 30
      vertex 5.89749 6.60104 30
      vertex 6.01282 6.5465 30
    endloop
  endfacet
  facet normal 0 0 1
    outer loop
      vertex 6.416 8.74929 30
      vertex 5.77737 6.64402 30
      vertex 5.89749 6.60104 30
    endloop
  endfacet
  facet normal 0 0 1
    outer loop
      vertex 5.65362 6.67502 30
      vertex 6.08282 8.83275 30
      vertex 5.74306 8.88315 30
    endloop
  endfacet
  facet normal 0 0 1
    outer loop
      vertex 6.08282 8.83275 30
      vertex 5.65362 6.67502 30
      vertex 5.77737 6.64402 30
    endloop
  endfacet
  facet normal 0 0 1
    outer loop
      vertex 5.74306 8.88315 30
      vertex 5.52742 6.69374 30
      vertex 5.65362 6.67502 30
    endloop
  endfacet
  facet normal 0 0 1
    outer loop
      vertex 5.4 8.9 30
      vertex 5.52742 6.69374 30
      vertex 5.74306 8.88315 30
    endloop
  endfacet
  facet normal 0 0 1
    outer loop
      vertex 5.4 8.9 30
      vertex 5.4 6.7 30
      vertex 5.52742 6.69374 30
    endloop
  endfacet
  facet normal 0 0 1
    outer loop
      vertex 5.4 8.9 30
      vertex 5.27258 6.69374 30
      vertex 5.4 6.7 30
    endloop
  endfacet
  facet normal -0 0 1
    outer loop
      vertex 5.05694 8.88315 30
      vertex 5.27258 6.69374 30
      vertex 5.4 8.9 30
    endloop
  endfacet
  facet normal 0 0 1
    outer loop
      vertex 5.27258 6.69374 30
      vertex 5.05694 8.88315 30
      vertex 5.14638 6.67502 30
    endloop
  endfacet
  facet normal -0 0 1
    outer loop
      vertex 4.71718 8.83275 30
      vertex 5.14638 6.67502 30
      vertex 5.05694 8.88315 30
    endloop
  endfacet
  facet normal 0 0 1
    outer loop
      vertex 5.14638 6.67502 30
      vertex 4.71718 8.83275 30
      vertex 5.02263 6.64402 30
    endloop
  endfacet
  facet normal -0 0 1
    outer loop
      vertex 4.384 8.74929 30
      vertex 5.02263 6.64402 30
      vertex 4.71718 8.83275 30
    endloop
  endfacet
  facet normal 0 0 1
    outer loop
      vertex 5.02263 6.64402 30
      vertex 4.384 8.74929 30
      vertex 4.90251 6.60104 30
    endloop
  endfacet
  facet normal -0 0 1
    outer loop
      vertex 4.06061 8.63358 30
      vertex 4.90251 6.60104 30
      vertex 4.384 8.74929 30
    endloop
  endfacet
  facet normal 0 0 1
    outer loop
      vertex 4.90251 6.60104 30
      vertex 4.06061 8.63358 30
      vertex 4.78718 6.5465 30
    endloop
  endfacet
  facet normal -0 0 1
    outer loop
      vertex 3.75011 8.48672 30
      vertex 4.78718 6.5465 30
      vertex 4.06061 8.63358 30
    endloop
  endfacet
  facet normal 0 0 1
    outer loop
      vertex 4.78718 6.5465 30
      vertex 3.75011 8.48672 30
      vertex 4.67776 6.48091 30
    endloop
  endfacet
  facet normal -0 0 1
    outer loop
      vertex 3.4555 8.31014 30
      vertex 4.67776 6.48091 30
      vertex 3.75011 8.48672 30
    endloop
  endfacet
  facet normal 0 0 1
    outer loop
      vertex 4.67776 6.48091 30
      vertex 3.4555 8.31014 30
      vertex 4.57529 6.40491 30
    endloop
  endfacet
  facet normal -0 0 1
    outer loop
      vertex 3.17962 8.10554 30
      vertex 4.57529 6.40491 30
      vertex 3.4555 8.31014 30
    endloop
  endfacet
  facet normal 0 0 1
    outer loop
      vertex 4.57529 6.40491 30
      vertex 3.17962 8.10554 30
      vertex 4.48076 6.31924 30
    endloop
  endfacet
  facet normal -0 0 1
    outer loop
      vertex 2.92513 7.87487 30
      vertex 4.48076 6.31924 30
      vertex 3.17962 8.10554 30
    endloop
  endfacet
  facet normal 0 0 1
    outer loop
      vertex 4.48076 6.31924 30
      vertex 2.92513 7.87487 30
      vertex 4.39509 6.22471 30
    endloop
  endfacet
  facet normal -0 0 1
    outer loop
      vertex 2.69446 7.62038 30
      vertex 4.39509 6.22471 30
      vertex 2.92513 7.87487 30
    endloop
  endfacet
  facet normal -0 0 1
    outer loop
      vertex 2.48986 7.3445 30
      vertex 4.31909 6.12224 30
      vertex 2.69446 7.62038 30
    endloop
  endfacet
  facet normal 0 0 1
    outer loop
      vertex 4.39509 6.22471 30
      vertex 2.69446 7.62038 30
      vertex 4.31909 6.12224 30
    endloop
  endfacet
  facet normal 0 0 1
    outer loop
      vertex 128.4 7.19458 30
      vertex 126.694 5.52742 30
      vertex 126.7 5.4 30
    endloop
  endfacet
  facet normal 0 0 1
    outer loop
      vertex 127.05 8.48672 30
      vertex 126.675 5.65362 30
      vertex 126.694 5.52742 30
    endloop
  endfacet
  facet normal 0 0 1
    outer loop
      vertex 127.05 8.48672 30
      vertex 126.644 5.77737 30
      vertex 126.675 5.65362 30
    endloop
  endfacet
  facet normal 0 0 1
    outer loop
      vertex 127.05 8.48672 30
      vertex 126.601 5.89749 30
      vertex 126.644 5.77737 30
    endloop
  endfacet
  facet normal 0 0 1
    outer loop
      vertex 127.05 8.48672 30
      vertex 126.546 6.01282 30
      vertex 126.601 5.89749 30
    endloop
  endfacet
  facet normal 0 0 1
    outer loop
      vertex 127.05 8.48672 30
      vertex 126.481 6.12224 30
      vertex 126.546 6.01282 30
    endloop
  endfacet
  facet normal 0 0 1
    outer loop
      vertex 125.897 6.60104 30
      vertex 126.739 8.63358 30
      vertex 126.416 8.74929 30
    endloop
  endfacet
  facet normal 0 0 1
    outer loop
      vertex 127.05 8.48672 30
      vertex 126.405 6.22471 30
      vertex 126.481 6.12224 30
    endloop
  endfacet
  facet normal 0 0 1
    outer loop
      vertex 127.05 8.48672 30
      vertex 126.319 6.31924 30
      vertex 126.405 6.22471 30
    endloop
  endfacet
  facet normal 0 0 1
    outer loop
      vertex 127.05 8.48672 30
      vertex 126.225 6.40491 30
      vertex 126.319 6.31924 30
    endloop
  endfacet
  facet normal 0 0 1
    outer loop
      vertex 127.05 8.48672 30
      vertex 126.122 6.48091 30
      vertex 126.225 6.40491 30
    endloop
  endfacet
  facet normal 0 0 1
    outer loop
      vertex 125.777 6.64402 30
      vertex 126.416 8.74929 30
      vertex 126.083 8.83275 30
    endloop
  endfacet
  facet normal 0 0 1
    outer loop
      vertex 127.05 8.48672 30
      vertex 126.013 6.5465 30
      vertex 126.122 6.48091 30
    endloop
  endfacet
  facet normal 0 0 1
    outer loop
      vertex 126.739 8.63358 30
      vertex 125.897 6.60104 30
      vertex 126.013 6.5465 30
    endloop
  endfacet
  facet normal 0 0 1
    outer loop
      vertex 126.416 8.74929 30
      vertex 125.777 6.64402 30
      vertex 125.897 6.60104 30
    endloop
  endfacet
  facet normal 0 0 1
    outer loop
      vertex 125.654 6.67502 30
      vertex 126.083 8.83275 30
      vertex 125.743 8.88315 30
    endloop
  endfacet
  facet normal 0 0 1
    outer loop
      vertex 126.083 8.83275 30
      vertex 125.654 6.67502 30
      vertex 125.777 6.64402 30
    endloop
  endfacet
  facet normal 0 0 1
    outer loop
      vertex 125.743 8.88315 30
      vertex 125.527 6.69374 30
      vertex 125.654 6.67502 30
    endloop
  endfacet
  facet normal 0 0 1
    outer loop
      vertex 125.4 8.9 30
      vertex 125.527 6.69374 30
      vertex 125.743 8.88315 30
    endloop
  endfacet
  facet normal 0 0 1
    outer loop
      vertex 125.4 8.9 30
      vertex 125.4 6.7 30
      vertex 125.527 6.69374 30
    endloop
  endfacet
  facet normal 0 0 1
    outer loop
      vertex 125.4 8.9 30
      vertex 125.273 6.69374 30
      vertex 125.4 6.7 30
    endloop
  endfacet
  facet normal -0 0 1
    outer loop
      vertex 125.057 8.88315 30
      vertex 125.273 6.69374 30
      vertex 125.4 8.9 30
    endloop
  endfacet
  facet normal 0 0 1
    outer loop
      vertex 125.273 6.69374 30
      vertex 125.057 8.88315 30
      vertex 125.146 6.67502 30
    endloop
  endfacet
  facet normal -0 0 1
    outer loop
      vertex 124.717 8.83275 30
      vertex 125.146 6.67502 30
      vertex 125.057 8.88315 30
    endloop
  endfacet
  facet normal 0 0 1
    outer loop
      vertex 125.146 6.67502 30
      vertex 124.717 8.83275 30
      vertex 125.023 6.64402 30
    endloop
  endfacet
  facet normal -0 0 1
    outer loop
      vertex 124.384 8.74929 30
      vertex 125.023 6.64402 30
      vertex 124.717 8.83275 30
    endloop
  endfacet
  facet normal 0 0 1
    outer loop
      vertex 125.023 6.64402 30
      vertex 124.384 8.74929 30
      vertex 124.903 6.60104 30
    endloop
  endfacet
  facet normal -0 0 1
    outer loop
      vertex 124.061 8.63358 30
      vertex 124.903 6.60104 30
      vertex 124.384 8.74929 30
    endloop
  endfacet
  facet normal 0 0 1
    outer loop
      vertex 124.903 6.60104 30
      vertex 124.061 8.63358 30
      vertex 124.787 6.5465 30
    endloop
  endfacet
  facet normal -0 0 1
    outer loop
      vertex 123.75 8.48672 30
      vertex 124.787 6.5465 30
      vertex 124.061 8.63358 30
    endloop
  endfacet
  facet normal 0 0 1
    outer loop
      vertex 124.787 6.5465 30
      vertex 123.75 8.48672 30
      vertex 124.678 6.48091 30
    endloop
  endfacet
  facet normal -0 0 1
    outer loop
      vertex 123.456 8.31014 30
      vertex 124.678 6.48091 30
      vertex 123.75 8.48672 30
    endloop
  endfacet
  facet normal 0 0 1
    outer loop
      vertex 124.678 6.48091 30
      vertex 123.456 8.31014 30
      vertex 124.575 6.40491 30
    endloop
  endfacet
  facet normal -0 0 1
    outer loop
      vertex 123.18 8.10554 30
      vertex 124.575 6.40491 30
      vertex 123.456 8.31014 30
    endloop
  endfacet
  facet normal 0 0 1
    outer loop
      vertex 124.575 6.40491 30
      vertex 123.18 8.10554 30
      vertex 124.481 6.31924 30
    endloop
  endfacet
  facet normal -0 0 1
    outer loop
      vertex 122.925 7.87487 30
      vertex 124.481 6.31924 30
      vertex 123.18 8.10554 30
    endloop
  endfacet
  facet normal 0 0 1
    outer loop
      vertex 124.481 6.31924 30
      vertex 122.925 7.87487 30
      vertex 124.395 6.22471 30
    endloop
  endfacet
  facet normal -0 0 1
    outer loop
      vertex 122.694 7.62038 30
      vertex 124.395 6.22471 30
      vertex 122.925 7.87487 30
    endloop
  endfacet
  facet normal -0 0 1
    outer loop
      vertex 122.49 7.3445 30
      vertex 124.319 6.12224 30
      vertex 122.694 7.62038 30
    endloop
  endfacet
  facet normal 0 0 1
    outer loop
      vertex 124.395 6.22471 30
      vertex 122.694 7.62038 30
      vertex 124.319 6.12224 30
    endloop
  endfacet
  facet normal 0 0 1
    outer loop
      vertex 126.694 5.52742 30
      vertex 128.4 7.19458 30
      vertex 128.31 7.3445 30
    endloop
  endfacet
  facet normal 0 0 1
    outer loop
      vertex 128.4 7.19458 30
      vertex 126.7 5.4 30
      vertex 128.4 3.60542 30
    endloop
  endfacet
  facet normal 0 0 1
    outer loop
      vertex 126.694 5.52742 30
      vertex 128.31 7.3445 30
      vertex 128.106 7.62038 30
    endloop
  endfacet
  facet normal -0 0 1
    outer loop
      vertex 126.694 5.27258 30
      vertex 128.4 3.60542 30
      vertex 126.7 5.4 30
    endloop
  endfacet
  facet normal 0 0 1
    outer loop
      vertex 126.694 5.52742 30
      vertex 128.106 7.62038 30
      vertex 127.875 7.87487 30
    endloop
  endfacet
  facet normal -0 0 1
    outer loop
      vertex 126.675 5.14638 30
      vertex 128.4 3.60542 30
      vertex 126.694 5.27258 30
    endloop
  endfacet
  facet normal 0 0 1
    outer loop
      vertex 126.694 5.52742 30
      vertex 127.875 7.87487 30
      vertex 127.62 8.10554 30
    endloop
  endfacet
  facet normal -0 0 1
    outer loop
      vertex 126.644 5.02263 30
      vertex 128.4 3.60542 30
      vertex 126.675 5.14638 30
    endloop
  endfacet
  facet normal 0 0 1
    outer loop
      vertex 126.694 5.52742 30
      vertex 127.62 8.10554 30
      vertex 127.344 8.31014 30
    endloop
  endfacet
  facet normal -0 0 1
    outer loop
      vertex 126.601 4.90251 30
      vertex 128.4 3.60542 30
      vertex 126.644 5.02263 30
    endloop
  endfacet
  facet normal -0 0 1
    outer loop
      vertex 126.546 4.78718 30
      vertex 128.4 3.60542 30
      vertex 126.601 4.90251 30
    endloop
  endfacet
  facet normal 0 0 1
    outer loop
      vertex 126.694 5.52742 30
      vertex 127.344 8.31014 30
      vertex 127.05 8.48672 30
    endloop
  endfacet
  facet normal 0 0 1
    outer loop
      vertex 128.4 7.19458 30
      vertex 130.8 13.15 30
      vertex 128.4 13.15 30
    endloop
  endfacet
  facet normal 0 0 1
    outer loop
      vertex 130.8 13.15 30
      vertex 128.4 7.19458 30
      vertex 130.8 0 30
    endloop
  endfacet
  facet normal -0 0 1
    outer loop
      vertex 128.4 3.60542 30
      vertex 130.8 0 30
      vertex 128.4 7.19458 30
    endloop
  endfacet
  facet normal -0 0 1
    outer loop
      vertex 128.4 2.4 30
      vertex 130.8 0 30
      vertex 128.4 3.60542 30
    endloop
  endfacet
  facet normal -0 0 1
    outer loop
      vertex 127.195 2.4 30
      vertex 130.8 0 30
      vertex 128.4 2.4 30
    endloop
  endfacet
  facet normal 0 0 1
    outer loop
      vertex 126.013 6.5465 30
      vertex 127.05 8.48672 30
      vertex 126.739 8.63358 30
    endloop
  endfacet
  facet normal -0 0 1
    outer loop
      vertex 126.481 4.67776 30
      vertex 128.4 3.60542 30
      vertex 126.546 4.78718 30
    endloop
  endfacet
  facet normal 0 0 1
    outer loop
      vertex 128.4 3.60542 30
      vertex 126.481 4.67776 30
      vertex 128.31 3.4555 30
    endloop
  endfacet
  facet normal 0 0 1
    outer loop
      vertex 128.31 3.4555 30
      vertex 126.481 4.67776 30
      vertex 128.106 3.17962 30
    endloop
  endfacet
  facet normal -0 0 1
    outer loop
      vertex 126.405 4.57529 30
      vertex 128.106 3.17962 30
      vertex 126.481 4.67776 30
    endloop
  endfacet
  facet normal 0 0 1
    outer loop
      vertex 128.106 3.17962 30
      vertex 126.405 4.57529 30
      vertex 127.875 2.92513 30
    endloop
  endfacet
  facet normal -0 0 1
    outer loop
      vertex 126.319 4.48076 30
      vertex 127.875 2.92513 30
      vertex 126.405 4.57529 30
    endloop
  endfacet
  facet normal 0 0 1
    outer loop
      vertex 127.875 2.92513 30
      vertex 126.319 4.48076 30
      vertex 127.62 2.69446 30
    endloop
  endfacet
  facet normal -0 0 1
    outer loop
      vertex 126.225 4.39509 30
      vertex 127.62 2.69446 30
      vertex 126.319 4.48076 30
    endloop
  endfacet
  facet normal 0 0 1
    outer loop
      vertex 127.62 2.69446 30
      vertex 126.225 4.39509 30
      vertex 127.344 2.48986 30
    endloop
  endfacet
  facet normal -0 0 1
    outer loop
      vertex 126.122 4.31909 30
      vertex 127.344 2.48986 30
      vertex 126.225 4.39509 30
    endloop
  endfacet
  facet normal 0 0 1
    outer loop
      vertex 127.344 2.48986 30
      vertex 126.122 4.31909 30
      vertex 127.195 2.4 30
    endloop
  endfacet
  facet normal -0 0 1
    outer loop
      vertex 126.013 4.2535 30
      vertex 127.195 2.4 30
      vertex 126.122 4.31909 30
    endloop
  endfacet
  facet normal -0 0 1
    outer loop
      vertex 125.897 4.19896 30
      vertex 127.195 2.4 30
      vertex 126.013 4.2535 30
    endloop
  endfacet
  facet normal -0 0 1
    outer loop
      vertex 125.777 4.15598 30
      vertex 127.195 2.4 30
      vertex 125.897 4.19896 30
    endloop
  endfacet
  facet normal -0 0 1
    outer loop
      vertex 125.654 4.12498 30
      vertex 127.195 2.4 30
      vertex 125.777 4.15598 30
    endloop
  endfacet
  facet normal -0 0 1
    outer loop
      vertex 125.527 4.10626 30
      vertex 127.195 2.4 30
      vertex 125.654 4.12498 30
    endloop
  endfacet
  facet normal -0 0 1
    outer loop
      vertex 125.4 4.1 30
      vertex 127.195 2.4 30
      vertex 125.527 4.10626 30
    endloop
  endfacet
  facet normal 0 0 1
    outer loop
      vertex 123.605 2.4 30
      vertex 125.4 4.1 30
      vertex 125.273 4.10626 30
    endloop
  endfacet
  facet normal 0 0 1
    outer loop
      vertex 123.605 2.4 30
      vertex 125.273 4.10626 30
      vertex 125.146 4.12498 30
    endloop
  endfacet
  facet normal 0 0 1
    outer loop
      vertex 123.605 2.4 30
      vertex 125.146 4.12498 30
      vertex 125.023 4.15598 30
    endloop
  endfacet
  facet normal 0 0 1
    outer loop
      vertex 123.605 2.4 30
      vertex 125.023 4.15598 30
      vertex 124.903 4.19896 30
    endloop
  endfacet
  facet normal 0 0 1
    outer loop
      vertex 123.605 2.4 30
      vertex 124.903 4.19896 30
      vertex 124.787 4.2535 30
    endloop
  endfacet
  facet normal 0 0 1
    outer loop
      vertex 123.605 2.4 30
      vertex 124.787 4.2535 30
      vertex 124.678 4.31909 30
    endloop
  endfacet
  facet normal 0 0 1
    outer loop
      vertex 123.605 2.4 30
      vertex 124.678 4.31909 30
      vertex 124.575 4.39509 30
    endloop
  endfacet
  facet normal 0 0 1
    outer loop
      vertex 124.319 6.12224 30
      vertex 122.49 7.3445 30
      vertex 124.254 6.01282 30
    endloop
  endfacet
  facet normal -0 0 1
    outer loop
      vertex 122.313 7.04989 30
      vertex 124.254 6.01282 30
      vertex 122.49 7.3445 30
    endloop
  endfacet
  facet normal 0 0 1
    outer loop
      vertex 124.1 5.4 30
      vertex 123.605 2.4 30
      vertex 124.106 5.27258 30
    endloop
  endfacet
  facet normal 0 0 1
    outer loop
      vertex 123.605 2.4 30
      vertex 124.125 5.14638 30
      vertex 124.106 5.27258 30
    endloop
  endfacet
  facet normal 0 0 1
    outer loop
      vertex 123.605 2.4 30
      vertex 124.156 5.02263 30
      vertex 124.125 5.14638 30
    endloop
  endfacet
  facet normal 0 0 1
    outer loop
      vertex 123.605 2.4 30
      vertex 124.199 4.90251 30
      vertex 124.156 5.02263 30
    endloop
  endfacet
  facet normal 0 0 1
    outer loop
      vertex 123.605 2.4 30
      vertex 124.254 4.78718 30
      vertex 124.199 4.90251 30
    endloop
  endfacet
  facet normal 0 0 1
    outer loop
      vertex 123.605 2.4 30
      vertex 124.319 4.67776 30
      vertex 124.254 4.78718 30
    endloop
  endfacet
  facet normal 0 0 1
    outer loop
      vertex 123.605 2.4 30
      vertex 124.395 4.57529 30
      vertex 124.319 4.67776 30
    endloop
  endfacet
  facet normal 0 0 1
    outer loop
      vertex 123.605 2.4 30
      vertex 124.481 4.48076 30
      vertex 124.395 4.57529 30
    endloop
  endfacet
  facet normal 0 0 1
    outer loop
      vertex 123.605 2.4 30
      vertex 124.575 4.39509 30
      vertex 124.481 4.48076 30
    endloop
  endfacet
  facet normal 0 0 1
    outer loop
      vertex 125.4 4.1 30
      vertex 123.605 2.4 30
      vertex 127.195 2.4 30
    endloop
  endfacet
  facet normal -0 0 1
    outer loop
      vertex 123.605 2.4 30
      vertex 130.8 0 30
      vertex 127.195 2.4 30
    endloop
  endfacet
  facet normal -0 0 1
    outer loop
      vertex 7.19458 2.4 30
      vertex 130.8 0 30
      vertex 123.605 2.4 30
    endloop
  endfacet
  facet normal 0 0 1
    outer loop
      vertex 6.01282 6.5465 30
      vertex 7.04989 8.48672 30
      vertex 6.73939 8.63358 30
    endloop
  endfacet
  facet normal 0 0 1
    outer loop
      vertex 8.48672 3.75011 30
      vertex 6.5465 4.78718 30
      vertex 8.31014 3.4555 30
    endloop
  endfacet
  facet normal -0 0 1
    outer loop
      vertex 6.48091 4.67776 30
      vertex 8.31014 3.4555 30
      vertex 6.5465 4.78718 30
    endloop
  endfacet
  facet normal 0 0 1
    outer loop
      vertex 8.31014 3.4555 30
      vertex 6.48091 4.67776 30
      vertex 8.10554 3.17962 30
    endloop
  endfacet
  facet normal -0 0 1
    outer loop
      vertex 6.40491 4.57529 30
      vertex 8.10554 3.17962 30
      vertex 6.48091 4.67776 30
    endloop
  endfacet
  facet normal 0 0 1
    outer loop
      vertex 8.10554 3.17962 30
      vertex 6.40491 4.57529 30
      vertex 7.87487 2.92513 30
    endloop
  endfacet
  facet normal -0 0 1
    outer loop
      vertex 6.31924 4.48076 30
      vertex 7.87487 2.92513 30
      vertex 6.40491 4.57529 30
    endloop
  endfacet
  facet normal 0 0 1
    outer loop
      vertex 7.87487 2.92513 30
      vertex 6.31924 4.48076 30
      vertex 7.62038 2.69446 30
    endloop
  endfacet
  facet normal -0 0 1
    outer loop
      vertex 6.22471 4.39509 30
      vertex 7.62038 2.69446 30
      vertex 6.31924 4.48076 30
    endloop
  endfacet
  facet normal 0 0 1
    outer loop
      vertex 7.62038 2.69446 30
      vertex 6.22471 4.39509 30
      vertex 7.3445 2.48986 30
    endloop
  endfacet
  facet normal -0 0 1
    outer loop
      vertex 6.12224 4.31909 30
      vertex 7.3445 2.48986 30
      vertex 6.22471 4.39509 30
    endloop
  endfacet
  facet normal 0 0 1
    outer loop
      vertex 7.3445 2.48986 30
      vertex 6.12224 4.31909 30
      vertex 7.19458 2.4 30
    endloop
  endfacet
  facet normal -0 0 1
    outer loop
      vertex 6.01282 4.2535 30
      vertex 7.19458 2.4 30
      vertex 6.12224 4.31909 30
    endloop
  endfacet
  facet normal -0 0 1
    outer loop
      vertex 5.89749 4.19896 30
      vertex 7.19458 2.4 30
      vertex 6.01282 4.2535 30
    endloop
  endfacet
  facet normal -0 0 1
    outer loop
      vertex 5.77737 4.15598 30
      vertex 7.19458 2.4 30
      vertex 5.89749 4.19896 30
    endloop
  endfacet
  facet normal -0 0 1
    outer loop
      vertex 5.65362 4.12498 30
      vertex 7.19458 2.4 30
      vertex 5.77737 4.15598 30
    endloop
  endfacet
  facet normal -0 0 1
    outer loop
      vertex 5.52742 4.10626 30
      vertex 7.19458 2.4 30
      vertex 5.65362 4.12498 30
    endloop
  endfacet
  facet normal -0 0 1
    outer loop
      vertex 5.4 4.1 30
      vertex 7.19458 2.4 30
      vertex 5.52742 4.10626 30
    endloop
  endfacet
  facet normal 0 0 1
    outer loop
      vertex 3.60542 2.4 30
      vertex 5.4 4.1 30
      vertex 5.27258 4.10626 30
    endloop
  endfacet
  facet normal 0 0 1
    outer loop
      vertex 3.60542 2.4 30
      vertex 5.27258 4.10626 30
      vertex 5.14638 4.12498 30
    endloop
  endfacet
  facet normal 0 0 1
    outer loop
      vertex 3.60542 2.4 30
      vertex 5.14638 4.12498 30
      vertex 5.02263 4.15598 30
    endloop
  endfacet
  facet normal 0 0 1
    outer loop
      vertex 3.60542 2.4 30
      vertex 5.02263 4.15598 30
      vertex 4.90251 4.19896 30
    endloop
  endfacet
  facet normal 0 0 1
    outer loop
      vertex 3.60542 2.4 30
      vertex 4.90251 4.19896 30
      vertex 4.78718 4.2535 30
    endloop
  endfacet
  facet normal 0 0 1
    outer loop
      vertex 3.60542 2.4 30
      vertex 4.78718 4.2535 30
      vertex 4.67776 4.31909 30
    endloop
  endfacet
  facet normal 0 0 1
    outer loop
      vertex 3.60542 2.4 30
      vertex 4.67776 4.31909 30
      vertex 4.57529 4.39509 30
    endloop
  endfacet
  facet normal -0 0 1
    outer loop
      vertex 2.4 7.19458 30
      vertex 4.31909 6.12224 30
      vertex 2.48986 7.3445 30
    endloop
  endfacet
  facet normal 0 0 1
    outer loop
      vertex 4.31909 6.12224 30
      vertex 2.4 7.19458 30
      vertex 4.2535 6.01282 30
    endloop
  endfacet
  facet normal 0 0 1
    outer loop
      vertex 4.1 5.4 30
      vertex 3.60542 2.4 30
      vertex 4.10626 5.27258 30
    endloop
  endfacet
  facet normal 0 0 1
    outer loop
      vertex 3.60542 2.4 30
      vertex 4.12498 5.14638 30
      vertex 4.10626 5.27258 30
    endloop
  endfacet
  facet normal 0 0 1
    outer loop
      vertex 3.60542 2.4 30
      vertex 4.15598 5.02263 30
      vertex 4.12498 5.14638 30
    endloop
  endfacet
  facet normal 0 0 1
    outer loop
      vertex 3.60542 2.4 30
      vertex 4.19896 4.90251 30
      vertex 4.15598 5.02263 30
    endloop
  endfacet
  facet normal 0 0 1
    outer loop
      vertex 3.60542 2.4 30
      vertex 4.2535 4.78718 30
      vertex 4.19896 4.90251 30
    endloop
  endfacet
  facet normal 0 0 1
    outer loop
      vertex 3.60542 2.4 30
      vertex 4.31909 4.67776 30
      vertex 4.2535 4.78718 30
    endloop
  endfacet
  facet normal 0 0 1
    outer loop
      vertex 3.60542 2.4 30
      vertex 4.39509 4.57529 30
      vertex 4.31909 4.67776 30
    endloop
  endfacet
  facet normal 0 0 1
    outer loop
      vertex 3.60542 2.4 30
      vertex 4.48076 4.48076 30
      vertex 4.39509 4.57529 30
    endloop
  endfacet
  facet normal 0 0 1
    outer loop
      vertex 3.60542 2.4 30
      vertex 4.57529 4.39509 30
      vertex 4.48076 4.48076 30
    endloop
  endfacet
  facet normal 0 0 1
    outer loop
      vertex 5.4 4.1 30
      vertex 3.60542 2.4 30
      vertex 7.19458 2.4 30
    endloop
  endfacet
  facet normal 0 0 1
    outer loop
      vertex 0 0 30
      vertex 7.19458 2.4 30
      vertex 3.60542 2.4 30
    endloop
  endfacet
  facet normal 0 0 1
    outer loop
      vertex 0 0 30
      vertex 3.60542 2.4 30
      vertex 2.4 2.4 30
    endloop
  endfacet
  facet normal 0 0 1
    outer loop
      vertex 7.19458 2.4 30
      vertex 0 0 30
      vertex 130.8 0 30
    endloop
  endfacet
  facet normal 0 0 1
    outer loop
      vertex 2.4 3.60542 30
      vertex 0 0 30
      vertex 2.4 2.4 30
    endloop
  endfacet
  facet normal 0 0 -1
    outer loop
      vertex 0 0 0
      vertex 130.8 44.9 0
      vertex 130.8 0 0
    endloop
  endfacet
  facet normal -0 0 -1
    outer loop
      vertex 130.8 44.9 0
      vertex 0 0 0
      vertex 0 44.9 0
    endloop
  endfacet
  facet normal -1 0 0
    outer loop
      vertex 0 44.9 0
      vertex 0 31.75 16
      vertex 0 44.9 30
    endloop
  endfacet
  facet normal -1 0 0
    outer loop
      vertex 0 44.9 0
      vertex 0 31.7052 15.0884
      vertex 0 31.75 16
    endloop
  endfacet
  facet normal -1 0 0
    outer loop
      vertex 0 44.9 0
      vertex 0 31.5713 14.1857
      vertex 0 31.7052 15.0884
    endloop
  endfacet
  facet normal -1 0 0
    outer loop
      vertex 0 44.9 0
      vertex 0 31.3495 13.3004
      vertex 0 31.5713 14.1857
    endloop
  endfacet
  facet normal -1 0 0
    outer loop
      vertex 0 44.9 0
      vertex 0 31.0421 12.441
      vertex 0 31.3495 13.3004
    endloop
  endfacet
  facet normal -1 0 0
    outer loop
      vertex 0 44.9 0
      vertex 0 30.6519 11.616
      vertex 0 31.0421 12.441
    endloop
  endfacet
  facet normal -1 0 0
    outer loop
      vertex 0 44.9 0
      vertex 0 30.1827 10.8332
      vertex 0 30.6519 11.616
    endloop
  endfacet
  facet normal -1 0 0
    outer loop
      vertex 0 44.9 0
      vertex 0 29.639 10.1001
      vertex 0 30.1827 10.8332
    endloop
  endfacet
  facet normal -1 0 0
    outer loop
      vertex 0 44.9 0
      vertex 0 29.0261 9.42391
      vertex 0 29.639 10.1001
    endloop
  endfacet
  facet normal -1 0 0
    outer loop
      vertex 0 44.9 0
      vertex 0 28.3499 8.811
      vertex 0 29.0261 9.42391
    endloop
  endfacet
  facet normal -1 0 0
    outer loop
      vertex 0 44.9 0
      vertex 0 27.6168 8.26733
      vertex 0 28.3499 8.811
    endloop
  endfacet
  facet normal -1 0 0
    outer loop
      vertex 0 44.9 0
      vertex 0 26.834 7.79813
      vertex 0 27.6168 8.26733
    endloop
  endfacet
  facet normal -1 0 0
    outer loop
      vertex 0 44.9 0
      vertex 0 26.009 7.40792
      vertex 0 26.834 7.79813
    endloop
  endfacet
  facet normal -1 0 0
    outer loop
      vertex 0 44.9 0
      vertex 0 25.1496 7.10045
      vertex 0 26.009 7.40792
    endloop
  endfacet
  facet normal -1 0 0
    outer loop
      vertex 0 44.9 0
      vertex 0 24.2643 6.8787
      vertex 0 25.1496 7.10045
    endloop
  endfacet
  facet normal -1 0 0
    outer loop
      vertex 0 44.9 0
      vertex 0 23.3616 6.74478
      vertex 0 24.2643 6.8787
    endloop
  endfacet
  facet normal -1 0 0
    outer loop
      vertex 0 44.9 0
      vertex 0 22.45 6.7
      vertex 0 23.3616 6.74478
    endloop
  endfacet
  facet normal -1 0 0
    outer loop
      vertex 0 0 0
      vertex 0 22.45 6.7
      vertex 0 44.9 0
    endloop
  endfacet
  facet normal -1 -0 0
    outer loop
      vertex 0 22.45 6.7
      vertex 0 0 0
      vertex 0 21.5384 6.74478
    endloop
  endfacet
  facet normal -1 -0 0
    outer loop
      vertex 0 21.5384 6.74478
      vertex 0 0 0
      vertex 0 20.6357 6.8787
    endloop
  endfacet
  facet normal -1 -0 0
    outer loop
      vertex 0 20.6357 6.8787
      vertex 0 0 0
      vertex 0 19.7504 7.10045
    endloop
  endfacet
  facet normal -1 0 0
    outer loop
      vertex 0 0 0
      vertex 0 18.891 7.40792
      vertex 0 19.7504 7.10045
    endloop
  endfacet
  facet normal -1 0 0
    outer loop
      vertex 0 0 0
      vertex 0 18.066 7.79813
      vertex 0 18.891 7.40792
    endloop
  endfacet
  facet normal -1 0 0
    outer loop
      vertex 0 0 0
      vertex 0 17.2832 8.26733
      vertex 0 18.066 7.79813
    endloop
  endfacet
  facet normal -1 0 0
    outer loop
      vertex 0 0 0
      vertex 0 16.5501 8.811
      vertex 0 17.2832 8.26733
    endloop
  endfacet
  facet normal -1 0 0
    outer loop
      vertex 0 0 0
      vertex 0 15.8739 9.42391
      vertex 0 16.5501 8.811
    endloop
  endfacet
  facet normal -1 0 0
    outer loop
      vertex 0 0 0
      vertex 0 15.261 10.1001
      vertex 0 15.8739 9.42391
    endloop
  endfacet
  facet normal -1 0 0
    outer loop
      vertex 0 0 0
      vertex 0 14.7173 10.8332
      vertex 0 15.261 10.1001
    endloop
  endfacet
  facet normal -1 0 0
    outer loop
      vertex 0 0 0
      vertex 0 14.2481 11.616
      vertex 0 14.7173 10.8332
    endloop
  endfacet
  facet normal -1 0 0
    outer loop
      vertex 0 0 0
      vertex 0 13.8579 12.441
      vertex 0 14.2481 11.616
    endloop
  endfacet
  facet normal -1 0 0
    outer loop
      vertex 0 0 0
      vertex 0 13.5505 13.3004
      vertex 0 13.8579 12.441
    endloop
  endfacet
  facet normal -1 0 0
    outer loop
      vertex 0 0 0
      vertex 0 13.3287 14.1857
      vertex 0 13.5505 13.3004
    endloop
  endfacet
  facet normal -1 0 0
    outer loop
      vertex 0 0 0
      vertex 0 13.1948 15.0884
      vertex 0 13.3287 14.1857
    endloop
  endfacet
  facet normal -1 0 0
    outer loop
      vertex 0 0 0
      vertex 0 13.15 16
      vertex 0 13.1948 15.0884
    endloop
  endfacet
  facet normal -1 0 0
    outer loop
      vertex 0 0 30
      vertex 0 13.15 16
      vertex 0 0 0
    endloop
  endfacet
  facet normal -1 0 0
    outer loop
      vertex 0 13.15 16
      vertex 0 0 30
      vertex 0 13.15 30
    endloop
  endfacet
  facet normal -1 -0 0
    outer loop
      vertex 0 44.9 30
      vertex 0 31.75 16
      vertex 0 31.75 30
    endloop
  endfacet
  facet normal 0 1 -0
    outer loop
      vertex 130.8 44.9 0
      vertex 0 44.9 30
      vertex 130.8 44.9 30
    endloop
  endfacet
  facet normal 0 1 0
    outer loop
      vertex 0 44.9 30
      vertex 130.8 44.9 0
      vertex 0 44.9 0
    endloop
  endfacet
  facet normal 0 -1 0
    outer loop
      vertex 0 0 0
      vertex 130.8 0 30
      vertex 0 0 30
    endloop
  endfacet
  facet normal 0 -1 -0
    outer loop
      vertex 130.8 0 30
      vertex 0 0 0
      vertex 130.8 0 0
    endloop
  endfacet
  facet normal -1 0 0
    outer loop
      vertex 128.4 41.2946 2
      vertex 128.4 42.5 30
      vertex 128.4 42.5 2
    endloop
  endfacet
  facet normal -1 -0 0
    outer loop
      vertex 128.4 42.5 30
      vertex 128.4 41.2946 2
      vertex 128.4 41.2946 30
    endloop
  endfacet
  facet normal -1 0 0
    outer loop
      vertex 128.4 2.4 2
      vertex 128.4 3.60542 30
      vertex 128.4 3.60542 2
    endloop
  endfacet
  facet normal -1 -0 0
    outer loop
      vertex 128.4 3.60542 30
      vertex 128.4 2.4 2
      vertex 128.4 2.4 30
    endloop
  endfacet
  facet normal -1 0 0
    outer loop
      vertex 128.4 37.7054 2
      vertex 128.4 31.75 16
      vertex 128.4 37.7054 30
    endloop
  endfacet
  facet normal -1 0 0
    outer loop
      vertex 128.4 37.7054 2
      vertex 128.4 31.7052 15.0884
      vertex 128.4 31.75 16
    endloop
  endfacet
  facet normal -1 0 0
    outer loop
      vertex 128.4 37.7054 2
      vertex 128.4 31.5713 14.1857
      vertex 128.4 31.7052 15.0884
    endloop
  endfacet
  facet normal -1 0 0
    outer loop
      vertex 128.4 37.7054 2
      vertex 128.4 31.3495 13.3004
      vertex 128.4 31.5713 14.1857
    endloop
  endfacet
  facet normal -1 0 0
    outer loop
      vertex 128.4 37.7054 2
      vertex 128.4 31.0421 12.441
      vertex 128.4 31.3495 13.3004
    endloop
  endfacet
  facet normal -1 0 0
    outer loop
      vertex 128.4 37.7054 2
      vertex 128.4 30.6519 11.616
      vertex 128.4 31.0421 12.441
    endloop
  endfacet
  facet normal -1 0 0
    outer loop
      vertex 128.4 37.7054 2
      vertex 128.4 30.1827 10.8332
      vertex 128.4 30.6519 11.616
    endloop
  endfacet
  facet normal -1 0 0
    outer loop
      vertex 128.4 37.7054 2
      vertex 128.4 29.639 10.1001
      vertex 128.4 30.1827 10.8332
    endloop
  endfacet
  facet normal -1 0 0
    outer loop
      vertex 128.4 37.7054 2
      vertex 128.4 29.0261 9.42391
      vertex 128.4 29.639 10.1001
    endloop
  endfacet
  facet normal -1 0 0
    outer loop
      vertex 128.4 37.7054 2
      vertex 128.4 28.3499 8.811
      vertex 128.4 29.0261 9.42391
    endloop
  endfacet
  facet normal -1 0 0
    outer loop
      vertex 128.4 37.7054 2
      vertex 128.4 27.6168 8.26733
      vertex 128.4 28.3499 8.811
    endloop
  endfacet
  facet normal -1 0 0
    outer loop
      vertex 128.4 37.7054 2
      vertex 128.4 26.834 7.79813
      vertex 128.4 27.6168 8.26733
    endloop
  endfacet
  facet normal -1 0 0
    outer loop
      vertex 128.4 37.7054 2
      vertex 128.4 26.009 7.40792
      vertex 128.4 26.834 7.79813
    endloop
  endfacet
  facet normal -1 0 0
    outer loop
      vertex 128.4 37.7054 2
      vertex 128.4 25.1496 7.10045
      vertex 128.4 26.009 7.40792
    endloop
  endfacet
  facet normal -1 0 0
    outer loop
      vertex 128.4 37.7054 2
      vertex 128.4 24.2643 6.8787
      vertex 128.4 25.1496 7.10045
    endloop
  endfacet
  facet normal -1 0 0
    outer loop
      vertex 128.4 37.7054 2
      vertex 128.4 23.3616 6.74478
      vertex 128.4 24.2643 6.8787
    endloop
  endfacet
  facet normal -1 0 0
    outer loop
      vertex 128.4 37.7054 2
      vertex 128.4 22.45 6.7
      vertex 128.4 23.3616 6.74478
    endloop
  endfacet
  facet normal -1 0 0
    outer loop
      vertex 128.4 7.19458 2
      vertex 128.4 22.45 6.7
      vertex 128.4 37.7054 2
    endloop
  endfacet
  facet normal -1 -0 0
    outer loop
      vertex 128.4 22.45 6.7
      vertex 128.4 7.19458 2
      vertex 128.4 21.5384 6.74478
    endloop
  endfacet
  facet normal -1 -0 0
    outer loop
      vertex 128.4 21.5384 6.74478
      vertex 128.4 7.19458 2
      vertex 128.4 20.6357 6.8787
    endloop
  endfacet
  facet normal -1 -0 0
    outer loop
      vertex 128.4 20.6357 6.8787
      vertex 128.4 7.19458 2
      vertex 128.4 19.7504 7.10045
    endloop
  endfacet
  facet normal -1 0 0
    outer loop
      vertex 128.4 7.19458 2
      vertex 128.4 18.891 7.40792
      vertex 128.4 19.7504 7.10045
    endloop
  endfacet
  facet normal -1 0 0
    outer loop
      vertex 128.4 7.19458 2
      vertex 128.4 18.066 7.79813
      vertex 128.4 18.891 7.40792
    endloop
  endfacet
  facet normal -1 0 0
    outer loop
      vertex 128.4 7.19458 2
      vertex 128.4 17.2832 8.26733
      vertex 128.4 18.066 7.79813
    endloop
  endfacet
  facet normal -1 0 0
    outer loop
      vertex 128.4 7.19458 2
      vertex 128.4 16.5501 8.811
      vertex 128.4 17.2832 8.26733
    endloop
  endfacet
  facet normal -1 0 0
    outer loop
      vertex 128.4 7.19458 2
      vertex 128.4 15.8739 9.42391
      vertex 128.4 16.5501 8.811
    endloop
  endfacet
  facet normal -1 0 0
    outer loop
      vertex 128.4 7.19458 2
      vertex 128.4 15.261 10.1001
      vertex 128.4 15.8739 9.42391
    endloop
  endfacet
  facet normal -1 0 0
    outer loop
      vertex 128.4 7.19458 2
      vertex 128.4 14.7173 10.8332
      vertex 128.4 15.261 10.1001
    endloop
  endfacet
  facet normal -1 0 0
    outer loop
      vertex 128.4 7.19458 2
      vertex 128.4 14.2481 11.616
      vertex 128.4 14.7173 10.8332
    endloop
  endfacet
  facet normal -1 0 0
    outer loop
      vertex 128.4 7.19458 2
      vertex 128.4 13.8579 12.441
      vertex 128.4 14.2481 11.616
    endloop
  endfacet
  facet normal -1 0 0
    outer loop
      vertex 128.4 7.19458 2
      vertex 128.4 13.5505 13.3004
      vertex 128.4 13.8579 12.441
    endloop
  endfacet
  facet normal -1 0 0
    outer loop
      vertex 128.4 7.19458 2
      vertex 128.4 13.3287 14.1857
      vertex 128.4 13.5505 13.3004
    endloop
  endfacet
  facet normal -1 0 0
    outer loop
      vertex 128.4 7.19458 2
      vertex 128.4 13.1948 15.0884
      vertex 128.4 13.3287 14.1857
    endloop
  endfacet
  facet normal -1 0 0
    outer loop
      vertex 128.4 7.19458 2
      vertex 128.4 13.15 16
      vertex 128.4 13.1948 15.0884
    endloop
  endfacet
  facet normal -1 0 0
    outer loop
      vertex 128.4 7.19458 30
      vertex 128.4 13.15 16
      vertex 128.4 7.19458 2
    endloop
  endfacet
  facet normal -1 0 0
    outer loop
      vertex 128.4 13.15 16
      vertex 128.4 7.19458 30
      vertex 128.4 13.15 30
    endloop
  endfacet
  facet normal -1 -0 0
    outer loop
      vertex 128.4 37.7054 30
      vertex 128.4 31.75 16
      vertex 128.4 31.75 30
    endloop
  endfacet
  facet normal 0 0 1
    outer loop
      vertex 128.4 42.5 2
      vertex 128.31 41.4445 2
      vertex 128.4 41.2946 2
    endloop
  endfacet
  facet normal 0 0 1
    outer loop
      vertex 128.4 42.5 2
      vertex 128.106 41.7204 2
      vertex 128.31 41.4445 2
    endloop
  endfacet
  facet normal 0 0 1
    outer loop
      vertex 128.4 42.5 2
      vertex 127.875 41.9749 2
      vertex 128.106 41.7204 2
    endloop
  endfacet
  facet normal 0 0 1
    outer loop
      vertex 128.4 42.5 2
      vertex 127.62 42.2055 2
      vertex 127.875 41.9749 2
    endloop
  endfacet
  facet normal 0 0 1
    outer loop
      vertex 128.4 42.5 2
      vertex 127.344 42.4101 2
      vertex 127.62 42.2055 2
    endloop
  endfacet
  facet normal 0 -0 1
    outer loop
      vertex 127.344 42.4101 2
      vertex 128.4 42.5 2
      vertex 127.195 42.5 2
    endloop
  endfacet
  facet normal -0 0 1
    outer loop
      vertex 128.31 3.4555 2
      vertex 128.4 2.4 2
      vertex 128.4 3.60542 2
    endloop
  endfacet
  facet normal -0 0 1
    outer loop
      vertex 128.106 3.17962 2
      vertex 128.4 2.4 2
      vertex 128.31 3.4555 2
    endloop
  endfacet
  facet normal -0 0 1
    outer loop
      vertex 127.875 2.92513 2
      vertex 128.4 2.4 2
      vertex 128.106 3.17962 2
    endloop
  endfacet
  facet normal -0 0 1
    outer loop
      vertex 127.62 2.69446 2
      vertex 128.4 2.4 2
      vertex 127.875 2.92513 2
    endloop
  endfacet
  facet normal -0 0 1
    outer loop
      vertex 127.344 2.48986 2
      vertex 128.4 2.4 2
      vertex 127.62 2.69446 2
    endloop
  endfacet
  facet normal 0 0 1
    outer loop
      vertex 128.4 2.4 2
      vertex 127.344 2.48986 2
      vertex 127.195 2.4 2
    endloop
  endfacet
  facet normal 0 0 1
    outer loop
      vertex 3.4555 2.48986 2
      vertex 2.4 2.4 2
      vertex 3.60542 2.4 2
    endloop
  endfacet
  facet normal 0 0 1
    outer loop
      vertex 3.17962 2.69446 2
      vertex 2.4 2.4 2
      vertex 3.4555 2.48986 2
    endloop
  endfacet
  facet normal 0 0 1
    outer loop
      vertex 2.92513 2.92513 2
      vertex 2.4 2.4 2
      vertex 3.17962 2.69446 2
    endloop
  endfacet
  facet normal 0 0 1
    outer loop
      vertex 2.69446 3.17962 2
      vertex 2.4 2.4 2
      vertex 2.92513 2.92513 2
    endloop
  endfacet
  facet normal 0 0 1
    outer loop
      vertex 2.48986 3.4555 2
      vertex 2.4 2.4 2
      vertex 2.69446 3.17962 2
    endloop
  endfacet
  facet normal 0 0 1
    outer loop
      vertex 2.4 2.4 2
      vertex 2.48986 3.4555 2
      vertex 2.4 3.60542 2
    endloop
  endfacet
  facet normal -0 0 1
    outer loop
      vertex 2.4 42.5 2
      vertex 3.4555 42.4101 2
      vertex 3.60542 42.5 2
    endloop
  endfacet
  facet normal 0 0 1
    outer loop
      vertex 2.4 42.5 2
      vertex 3.17962 42.2055 2
      vertex 3.4555 42.4101 2
    endloop
  endfacet
  facet normal 0 0 1
    outer loop
      vertex 2.4 42.5 2
      vertex 2.92513 41.9749 2
      vertex 3.17962 42.2055 2
    endloop
  endfacet
  facet normal 0 0 1
    outer loop
      vertex 2.4 42.5 2
      vertex 2.69446 41.7204 2
      vertex 2.92513 41.9749 2
    endloop
  endfacet
  facet normal 0 0 1
    outer loop
      vertex 2.4 42.5 2
      vertex 2.48986 41.4445 2
      vertex 2.69446 41.7204 2
    endloop
  endfacet
  facet normal 0 0 1
    outer loop
      vertex 2.48986 41.4445 2
      vertex 2.4 42.5 2
      vertex 2.4 41.2946 2
    endloop
  endfacet
  facet normal 0 0 1
    outer loop
      vertex 121.917 39.8431 2
      vertex 115.4 33.45 2
      vertex 121.9 39.5 2
    endloop
  endfacet
  facet normal 0 0 1
    outer loop
      vertex 121.967 40.1828 2
      vertex 115.4 33.45 2
      vertex 121.917 39.8431 2
    endloop
  endfacet
  facet normal 0 0 1
    outer loop
      vertex 122.051 40.516 2
      vertex 115.4 33.45 2
      vertex 121.967 40.1828 2
    endloop
  endfacet
  facet normal 0 0 1
    outer loop
      vertex 122.166 40.8394 2
      vertex 115.4 33.45 2
      vertex 122.051 40.516 2
    endloop
  endfacet
  facet normal 0 0 1
    outer loop
      vertex 122.313 41.1499 2
      vertex 115.4 33.45 2
      vertex 122.166 40.8394 2
    endloop
  endfacet
  facet normal 0 0 1
    outer loop
      vertex 122.49 41.4445 2
      vertex 115.4 33.45 2
      vertex 122.313 41.1499 2
    endloop
  endfacet
  facet normal 0 0 1
    outer loop
      vertex 84.1 26.8 2
      vertex 122.49 41.4445 2
      vertex 122.694 41.7204 2
    endloop
  endfacet
  facet normal 0 0 1
    outer loop
      vertex 115.4 33.45 2
      vertex 101.9 26.8 2
      vertex 115.4 11.45 2
    endloop
  endfacet
  facet normal 0 0 1
    outer loop
      vertex 122.49 41.4445 2
      vertex 100.7 26.8 2
      vertex 115.4 33.45 2
    endloop
  endfacet
  facet normal 0 0 1
    outer loop
      vertex 84.1 26.8 2
      vertex 122.694 41.7204 2
      vertex 122.925 41.9749 2
    endloop
  endfacet
  facet normal 0 0 1
    outer loop
      vertex 84.1 26.8 2
      vertex 122.925 41.9749 2
      vertex 123.18 42.2055 2
    endloop
  endfacet
  facet normal 0 0 1
    outer loop
      vertex 82.7 26.8 2
      vertex 123.18 42.2055 2
      vertex 123.456 42.4101 2
    endloop
  endfacet
  facet normal 0 0 1
    outer loop
      vertex 115.4 33.45 2
      vertex 100.7 26.8 2
      vertex 101.9 26.8 2
    endloop
  endfacet
  facet normal 0 0 1
    outer loop
      vertex 100.7 26.8 2
      vertex 84.1 26.8 2
      vertex 100.7 5.1 2
    endloop
  endfacet
  facet normal 0 0 1
    outer loop
      vertex 122.49 41.4445 2
      vertex 84.1 26.8 2
      vertex 100.7 26.8 2
    endloop
  endfacet
  facet normal 0 0 1
    outer loop
      vertex 66.1 26.8 2
      vertex 123.456 42.4101 2
      vertex 123.605 42.5 2
    endloop
  endfacet
  facet normal 0 0 1
    outer loop
      vertex 123.18 42.2055 2
      vertex 82.7 26.8 2
      vertex 84.1 26.8 2
    endloop
  endfacet
  facet normal 0 0 1
    outer loop
      vertex 82.7 26.8 2
      vertex 66.1 26.8 2
      vertex 82.7 5.1 2
    endloop
  endfacet
  facet normal 0 0 1
    outer loop
      vertex 123.456 42.4101 2
      vertex 66.1 26.8 2
      vertex 82.7 26.8 2
    endloop
  endfacet
  facet normal 0 0 1
    outer loop
      vertex 123.605 42.5 2
      vertex 64.7 26.8 2
      vertex 66.1 26.8 2
    endloop
  endfacet
  facet normal 0 0 1
    outer loop
      vertex 64.7 26.8 2
      vertex 48.1 26.8 2
      vertex 64.7 5.1 2
    endloop
  endfacet
  facet normal -0 0 1
    outer loop
      vertex 7.19458 42.5 2
      vertex 64.7 26.8 2
      vertex 123.605 42.5 2
    endloop
  endfacet
  facet normal 0 0 1
    outer loop
      vertex 64.7 26.8 2
      vertex 7.3445 42.4101 2
      vertex 48.1 26.8 2
    endloop
  endfacet
  facet normal 0 0 1
    outer loop
      vertex 46.7 26.8 2
      vertex 30.1 26.8 2
      vertex 46.7 5.1 2
    endloop
  endfacet
  facet normal -0 -0 1
    outer loop
      vertex 7.62038 42.2055 2
      vertex 48.1 26.8 2
      vertex 7.3445 42.4101 2
    endloop
  endfacet
  facet normal -0 -0 1
    outer loop
      vertex 8.10554 41.7204 2
      vertex 46.7 26.8 2
      vertex 7.87487 41.9749 2
    endloop
  endfacet
  facet normal 0 0 1
    outer loop
      vertex 15.4 11.45 2
      vertex 28.9 26.8 2
      vertex 15.4 33.45 2
    endloop
  endfacet
  facet normal -0 -0 1
    outer loop
      vertex 8.31014 41.4445 2
      vertex 46.7 26.8 2
      vertex 8.10554 41.7204 2
    endloop
  endfacet
  facet normal -0 -0 1
    outer loop
      vertex 15.4 33.45 2
      vertex 30.1 26.8 2
      vertex 8.31014 41.4445 2
    endloop
  endfacet
  facet normal 0 0 1
    outer loop
      vertex 15.4 33.45 2
      vertex 8.88315 39.8431 2
      vertex 8.9 39.5 2
    endloop
  endfacet
  facet normal 0 0 1
    outer loop
      vertex 15.4 33.45 2
      vertex 8.83275 40.1828 2
      vertex 8.88315 39.8431 2
    endloop
  endfacet
  facet normal 0 0 1
    outer loop
      vertex 15.4 33.45 2
      vertex 8.74929 40.516 2
      vertex 8.83275 40.1828 2
    endloop
  endfacet
  facet normal 0 0 1
    outer loop
      vertex 15.4 33.45 2
      vertex 8.63358 40.8394 2
      vertex 8.74929 40.516 2
    endloop
  endfacet
  facet normal 0 0 1
    outer loop
      vertex 15.4 33.45 2
      vertex 8.48672 41.1499 2
      vertex 8.63358 40.8394 2
    endloop
  endfacet
  facet normal 0 0 1
    outer loop
      vertex 15.4 33.45 2
      vertex 8.31014 41.4445 2
      vertex 8.48672 41.1499 2
    endloop
  endfacet
  facet normal 0 0 1
    outer loop
      vertex 30.1 26.8 2
      vertex 15.4 33.45 2
      vertex 28.9 26.8 2
    endloop
  endfacet
  facet normal 0 0 1
    outer loop
      vertex 46.7 26.8 2
      vertex 8.31014 41.4445 2
      vertex 30.1 26.8 2
    endloop
  endfacet
  facet normal 0 0 1
    outer loop
      vertex 46.7 26.8 2
      vertex 7.62038 42.2055 2
      vertex 7.87487 41.9749 2
    endloop
  endfacet
  facet normal 0 0 1
    outer loop
      vertex 48.1 26.8 2
      vertex 7.62038 42.2055 2
      vertex 46.7 26.8 2
    endloop
  endfacet
  facet normal 0 0 1
    outer loop
      vertex 64.7 26.8 2
      vertex 7.19458 42.5 2
      vertex 7.3445 42.4101 2
    endloop
  endfacet
  facet normal 0 0 1
    outer loop
      vertex 125.057 36.0169 2
      vertex 125.4 33.45 2
      vertex 125.4 36 2
    endloop
  endfacet
  facet normal 0 0 1
    outer loop
      vertex 124.717 36.0673 2
      vertex 125.4 33.45 2
      vertex 125.057 36.0169 2
    endloop
  endfacet
  facet normal 0 0 1
    outer loop
      vertex 124.384 36.1507 2
      vertex 125.4 33.45 2
      vertex 124.717 36.0673 2
    endloop
  endfacet
  facet normal 0 0 1
    outer loop
      vertex 124.061 36.2664 2
      vertex 125.4 33.45 2
      vertex 124.384 36.1507 2
    endloop
  endfacet
  facet normal 0 0 1
    outer loop
      vertex 123.75 36.4133 2
      vertex 125.4 33.45 2
      vertex 124.061 36.2664 2
    endloop
  endfacet
  facet normal 0 0 1
    outer loop
      vertex 123.456 36.5899 2
      vertex 125.4 33.45 2
      vertex 123.75 36.4133 2
    endloop
  endfacet
  facet normal 0 0 1
    outer loop
      vertex 115.4 33.45 2
      vertex 123.456 36.5899 2
      vertex 123.18 36.7945 2
    endloop
  endfacet
  facet normal 0 0 1
    outer loop
      vertex 115.4 33.45 2
      vertex 123.18 36.7945 2
      vertex 122.925 37.0251 2
    endloop
  endfacet
  facet normal 0 0 1
    outer loop
      vertex 115.4 33.45 2
      vertex 122.925 37.0251 2
      vertex 122.694 37.2796 2
    endloop
  endfacet
  facet normal 0 0 1
    outer loop
      vertex 115.4 33.45 2
      vertex 122.694 37.2796 2
      vertex 122.49 37.5555 2
    endloop
  endfacet
  facet normal 0 0 1
    outer loop
      vertex 123.456 36.5899 2
      vertex 115.4 33.45 2
      vertex 125.4 33.45 2
    endloop
  endfacet
  facet normal 0 0 1
    outer loop
      vertex 122.313 37.8501 2
      vertex 115.4 33.45 2
      vertex 122.49 37.5555 2
    endloop
  endfacet
  facet normal 0 0 1
    outer loop
      vertex 122.166 38.1606 2
      vertex 115.4 33.45 2
      vertex 122.313 37.8501 2
    endloop
  endfacet
  facet normal 0 0 1
    outer loop
      vertex 122.051 38.484 2
      vertex 115.4 33.45 2
      vertex 122.166 38.1606 2
    endloop
  endfacet
  facet normal 0 0 1
    outer loop
      vertex 121.967 38.8172 2
      vertex 115.4 33.45 2
      vertex 122.051 38.484 2
    endloop
  endfacet
  facet normal 0 0 1
    outer loop
      vertex 121.917 39.1569 2
      vertex 115.4 33.45 2
      vertex 121.967 38.8172 2
    endloop
  endfacet
  facet normal 0 0 1
    outer loop
      vertex 115.4 33.45 2
      vertex 121.917 39.1569 2
      vertex 121.9 39.5 2
    endloop
  endfacet
  facet normal -0 0 1
    outer loop
      vertex 128.31 37.5555 2
      vertex 128.4 7.19458 2
      vertex 128.4 37.7054 2
    endloop
  endfacet
  facet normal 0 0 1
    outer loop
      vertex 128.31 37.5555 2
      vertex 128.31 7.3445 2
      vertex 128.4 7.19458 2
    endloop
  endfacet
  facet normal -0 0 1
    outer loop
      vertex 128.106 37.2796 2
      vertex 128.31 7.3445 2
      vertex 128.31 37.5555 2
    endloop
  endfacet
  facet normal 0 0 1
    outer loop
      vertex 128.106 37.2796 2
      vertex 128.106 7.62038 2
      vertex 128.31 7.3445 2
    endloop
  endfacet
  facet normal 0 0 1
    outer loop
      vertex 125.4 33.45 2
      vertex 128.106 37.2796 2
      vertex 127.875 37.0251 2
    endloop
  endfacet
  facet normal 0 0 1
    outer loop
      vertex 128.106 37.2796 2
      vertex 125.4 33.45 2
      vertex 128.106 7.62038 2
    endloop
  endfacet
  facet normal 0 0 1
    outer loop
      vertex 125.4 33.45 2
      vertex 127.875 37.0251 2
      vertex 127.62 36.7945 2
    endloop
  endfacet
  facet normal -0 0 1
    outer loop
      vertex 125.4 11.45 2
      vertex 128.106 7.62038 2
      vertex 125.4 33.45 2
    endloop
  endfacet
  facet normal 0 0 1
    outer loop
      vertex 125.4 33.45 2
      vertex 127.62 36.7945 2
      vertex 127.344 36.5899 2
    endloop
  endfacet
  facet normal 0 0 1
    outer loop
      vertex 128.106 7.62038 2
      vertex 125.4 11.45 2
      vertex 127.875 7.87487 2
    endloop
  endfacet
  facet normal 0 0 1
    outer loop
      vertex 125.4 33.45 2
      vertex 127.344 36.5899 2
      vertex 127.05 36.4133 2
    endloop
  endfacet
  facet normal 0 0 1
    outer loop
      vertex 127.875 7.87487 2
      vertex 125.4 11.45 2
      vertex 127.62 8.10554 2
    endloop
  endfacet
  facet normal 0 0 1
    outer loop
      vertex 125.4 33.45 2
      vertex 127.05 36.4133 2
      vertex 126.739 36.2664 2
    endloop
  endfacet
  facet normal 0 0 1
    outer loop
      vertex 127.62 8.10554 2
      vertex 125.4 11.45 2
      vertex 127.344 8.31014 2
    endloop
  endfacet
  facet normal 0 0 1
    outer loop
      vertex 125.4 33.45 2
      vertex 126.739 36.2664 2
      vertex 126.416 36.1507 2
    endloop
  endfacet
  facet normal 0 0 1
    outer loop
      vertex 127.344 8.31014 2
      vertex 125.4 11.45 2
      vertex 127.05 8.48672 2
    endloop
  endfacet
  facet normal 0 0 1
    outer loop
      vertex 125.4 33.45 2
      vertex 126.416 36.1507 2
      vertex 126.083 36.0673 2
    endloop
  endfacet
  facet normal 0 0 1
    outer loop
      vertex 127.05 8.48672 2
      vertex 125.4 11.45 2
      vertex 126.739 8.63358 2
    endloop
  endfacet
  facet normal 0 0 1
    outer loop
      vertex 125.4 33.45 2
      vertex 126.083 36.0673 2
      vertex 125.743 36.0169 2
    endloop
  endfacet
  facet normal 0 0 1
    outer loop
      vertex 126.739 8.63358 2
      vertex 125.4 11.45 2
      vertex 126.416 8.74929 2
    endloop
  endfacet
  facet normal 0 0 1
    outer loop
      vertex 125.4 33.45 2
      vertex 125.743 36.0169 2
      vertex 125.4 36 2
    endloop
  endfacet
  facet normal 0 0 1
    outer loop
      vertex 126.416 8.74929 2
      vertex 125.4 11.45 2
      vertex 126.083 8.83275 2
    endloop
  endfacet
  facet normal 0 0 1
    outer loop
      vertex 126.083 8.83275 2
      vertex 125.4 11.45 2
      vertex 125.743 8.88315 2
    endloop
  endfacet
  facet normal 0 0 1
    outer loop
      vertex 125.4 11.45 2
      vertex 125.4 8.9 2
      vertex 125.743 8.88315 2
    endloop
  endfacet
  facet normal 0 0 1
    outer loop
      vertex 125.4 11.45 2
      vertex 125.057 8.88315 2
      vertex 125.4 8.9 2
    endloop
  endfacet
  facet normal 0 0 1
    outer loop
      vertex 125.4 11.45 2
      vertex 124.717 8.83275 2
      vertex 125.057 8.88315 2
    endloop
  endfacet
  facet normal 0 0 1
    outer loop
      vertex 125.4 11.45 2
      vertex 124.384 8.74929 2
      vertex 124.717 8.83275 2
    endloop
  endfacet
  facet normal 0 0 1
    outer loop
      vertex 125.4 11.45 2
      vertex 124.061 8.63358 2
      vertex 124.384 8.74929 2
    endloop
  endfacet
  facet normal 0 0 1
    outer loop
      vertex 125.4 11.45 2
      vertex 123.75 8.48672 2
      vertex 124.061 8.63358 2
    endloop
  endfacet
  facet normal 0 0 1
    outer loop
      vertex 125.4 11.45 2
      vertex 123.456 8.31014 2
      vertex 123.75 8.48672 2
    endloop
  endfacet
  facet normal -0 0 1
    outer loop
      vertex 115.4 11.45 2
      vertex 123.456 8.31014 2
      vertex 125.4 11.45 2
    endloop
  endfacet
  facet normal 0 0 1
    outer loop
      vertex 123.456 8.31014 2
      vertex 115.4 11.45 2
      vertex 123.18 8.10554 2
    endloop
  endfacet
  facet normal 0 0 1
    outer loop
      vertex 123.18 8.10554 2
      vertex 115.4 11.45 2
      vertex 122.925 7.87487 2
    endloop
  endfacet
  facet normal 0 0 1
    outer loop
      vertex 122.925 7.87487 2
      vertex 115.4 11.45 2
      vertex 122.694 7.62038 2
    endloop
  endfacet
  facet normal 0 0 1
    outer loop
      vertex 121.917 5.74306 2
      vertex 115.4 11.45 2
      vertex 121.9 5.4 2
    endloop
  endfacet
  facet normal 0 0 1
    outer loop
      vertex 121.967 6.08282 2
      vertex 115.4 11.45 2
      vertex 121.917 5.74306 2
    endloop
  endfacet
  facet normal 0 0 1
    outer loop
      vertex 122.051 6.416 2
      vertex 115.4 11.45 2
      vertex 121.967 6.08282 2
    endloop
  endfacet
  facet normal 0 0 1
    outer loop
      vertex 122.166 6.73939 2
      vertex 115.4 11.45 2
      vertex 122.051 6.416 2
    endloop
  endfacet
  facet normal 0 0 1
    outer loop
      vertex 122.313 7.04989 2
      vertex 115.4 11.45 2
      vertex 122.166 6.73939 2
    endloop
  endfacet
  facet normal 0 0 1
    outer loop
      vertex 122.49 7.3445 2
      vertex 115.4 11.45 2
      vertex 122.313 7.04989 2
    endloop
  endfacet
  facet normal 0 0 1
    outer loop
      vertex 122.694 7.62038 2
      vertex 115.4 11.45 2
      vertex 122.49 7.3445 2
    endloop
  endfacet
  facet normal 0 0 1
    outer loop
      vertex 115.4 11.45 2
      vertex 121.917 5.05694 2
      vertex 121.9 5.4 2
    endloop
  endfacet
  facet normal 0 0 1
    outer loop
      vertex 115.4 11.45 2
      vertex 121.967 4.71718 2
      vertex 121.917 5.05694 2
    endloop
  endfacet
  facet normal 0 0 1
    outer loop
      vertex 115.4 11.45 2
      vertex 122.051 4.384 2
      vertex 121.967 4.71718 2
    endloop
  endfacet
  facet normal 0 0 1
    outer loop
      vertex 101.9 3.9 2
      vertex 122.051 4.384 2
      vertex 115.4 11.45 2
    endloop
  endfacet
  facet normal 0 0 1
    outer loop
      vertex 122.051 4.384 2
      vertex 101.9 3.9 2
      vertex 122.166 4.06061 2
    endloop
  endfacet
  facet normal 0 0 1
    outer loop
      vertex 122.166 4.06061 2
      vertex 101.9 3.9 2
      vertex 122.313 3.75011 2
    endloop
  endfacet
  facet normal 0 0 1
    outer loop
      vertex 122.313 3.75011 2
      vertex 101.9 3.9 2
      vertex 122.49 3.4555 2
    endloop
  endfacet
  facet normal 0 0 1
    outer loop
      vertex 101.9 3.9 2
      vertex 115.4 11.45 2
      vertex 101.9 26.8 2
    endloop
  endfacet
  facet normal 0 0 1
    outer loop
      vertex 122.49 3.4555 2
      vertex 101.9 3.9 2
      vertex 122.694 3.17962 2
    endloop
  endfacet
  facet normal 0 0 1
    outer loop
      vertex 101.9 3.9 2
      vertex 122.925 2.92513 2
      vertex 122.694 3.17962 2
    endloop
  endfacet
  facet normal 0 0 1
    outer loop
      vertex 101.9 3.9 2
      vertex 123.18 2.69446 2
      vertex 122.925 2.92513 2
    endloop
  endfacet
  facet normal 0 0 1
    outer loop
      vertex 101.9 3.9 2
      vertex 123.456 2.48986 2
      vertex 123.18 2.69446 2
    endloop
  endfacet
  facet normal 0 0 1
    outer loop
      vertex 101.9 3.9 2
      vertex 123.605 2.4 2
      vertex 123.456 2.48986 2
    endloop
  endfacet
  facet normal -0 0 1
    outer loop
      vertex 28.9 3.9 2
      vertex 123.605 2.4 2
      vertex 101.9 3.9 2
    endloop
  endfacet
  facet normal 0 0 1
    outer loop
      vertex 28.9 26.8 2
      vertex 15.4 11.45 2
      vertex 28.9 3.9 2
    endloop
  endfacet
  facet normal 0 0 1
    outer loop
      vertex 8.88315 5.05694 2
      vertex 15.4 11.45 2
      vertex 8.9 5.4 2
    endloop
  endfacet
  facet normal 0 0 1
    outer loop
      vertex 8.83275 4.71718 2
      vertex 15.4 11.45 2
      vertex 8.88315 5.05694 2
    endloop
  endfacet
  facet normal 0 0 1
    outer loop
      vertex 8.74929 4.384 2
      vertex 15.4 11.45 2
      vertex 8.83275 4.71718 2
    endloop
  endfacet
  facet normal 0 0 1
    outer loop
      vertex 15.4 11.45 2
      vertex 8.74929 4.384 2
      vertex 28.9 3.9 2
    endloop
  endfacet
  facet normal -0 0 1
    outer loop
      vertex 8.63358 4.06061 2
      vertex 28.9 3.9 2
      vertex 8.74929 4.384 2
    endloop
  endfacet
  facet normal 0 0 1
    outer loop
      vertex 8.48672 3.75011 2
      vertex 28.9 3.9 2
      vertex 8.63358 4.06061 2
    endloop
  endfacet
  facet normal 0 0 1
    outer loop
      vertex 8.31014 3.4555 2
      vertex 28.9 3.9 2
      vertex 8.48672 3.75011 2
    endloop
  endfacet
  facet normal 0 0 1
    outer loop
      vertex 8.10554 3.17962 2
      vertex 28.9 3.9 2
      vertex 8.31014 3.4555 2
    endloop
  endfacet
  facet normal 0 0 1
    outer loop
      vertex 7.87487 2.92513 2
      vertex 28.9 3.9 2
      vertex 8.10554 3.17962 2
    endloop
  endfacet
  facet normal 0 0 1
    outer loop
      vertex 7.62038 2.69446 2
      vertex 28.9 3.9 2
      vertex 7.87487 2.92513 2
    endloop
  endfacet
  facet normal 0 0 1
    outer loop
      vertex 7.3445 2.48986 2
      vertex 28.9 3.9 2
      vertex 7.62038 2.69446 2
    endloop
  endfacet
  facet normal 0 0 1
    outer loop
      vertex 7.19458 2.4 2
      vertex 28.9 3.9 2
      vertex 7.3445 2.48986 2
    endloop
  endfacet
  facet normal 0 0 1
    outer loop
      vertex 28.9 3.9 2
      vertex 7.19458 2.4 2
      vertex 123.605 2.4 2
    endloop
  endfacet
  facet normal 0 0 1
    outer loop
      vertex 15.4 11.45 2
      vertex 8.88315 5.74306 2
      vertex 8.9 5.4 2
    endloop
  endfacet
  facet normal 0 0 1
    outer loop
      vertex 15.4 11.45 2
      vertex 8.83275 6.08282 2
      vertex 8.88315 5.74306 2
    endloop
  endfacet
  facet normal 0 0 1
    outer loop
      vertex 15.4 11.45 2
      vertex 8.74929 6.416 2
      vertex 8.83275 6.08282 2
    endloop
  endfacet
  facet normal 0 0 1
    outer loop
      vertex 15.4 11.45 2
      vertex 8.63358 6.73939 2
      vertex 8.74929 6.416 2
    endloop
  endfacet
  facet normal 0 0 1
    outer loop
      vertex 15.4 11.45 2
      vertex 8.48672 7.04989 2
      vertex 8.63358 6.73939 2
    endloop
  endfacet
  facet normal 0 0 1
    outer loop
      vertex 15.4 11.45 2
      vertex 8.31014 7.3445 2
      vertex 8.48672 7.04989 2
    endloop
  endfacet
  facet normal 0 0 1
    outer loop
      vertex 15.4 11.45 2
      vertex 8.10554 7.62038 2
      vertex 8.31014 7.3445 2
    endloop
  endfacet
  facet normal 0 0 1
    outer loop
      vertex 15.4 11.45 2
      vertex 7.87487 7.87487 2
      vertex 8.10554 7.62038 2
    endloop
  endfacet
  facet normal 0 0 1
    outer loop
      vertex 15.4 11.45 2
      vertex 7.62038 8.10554 2
      vertex 7.87487 7.87487 2
    endloop
  endfacet
  facet normal 0 0 1
    outer loop
      vertex 15.4 11.45 2
      vertex 7.3445 8.31014 2
      vertex 7.62038 8.10554 2
    endloop
  endfacet
  facet normal -0 0 1
    outer loop
      vertex 5.4 11.45 2
      vertex 7.3445 8.31014 2
      vertex 15.4 11.45 2
    endloop
  endfacet
  facet normal 0 0 1
    outer loop
      vertex 7.3445 8.31014 2
      vertex 5.4 11.45 2
      vertex 7.04989 8.48672 2
    endloop
  endfacet
  facet normal 0 0 1
    outer loop
      vertex 7.04989 8.48672 2
      vertex 5.4 11.45 2
      vertex 6.73939 8.63358 2
    endloop
  endfacet
  facet normal 0 0 1
    outer loop
      vertex 6.73939 8.63358 2
      vertex 5.4 11.45 2
      vertex 6.416 8.74929 2
    endloop
  endfacet
  facet normal 0 0 1
    outer loop
      vertex 6.416 8.74929 2
      vertex 5.4 11.45 2
      vertex 6.08282 8.83275 2
    endloop
  endfacet
  facet normal 0 0 1
    outer loop
      vertex 6.08282 8.83275 2
      vertex 5.4 11.45 2
      vertex 5.74306 8.88315 2
    endloop
  endfacet
  facet normal 0 0 1
    outer loop
      vertex 5.4 11.45 2
      vertex 5.4 8.9 2
      vertex 5.74306 8.88315 2
    endloop
  endfacet
  facet normal 0 0 1
    outer loop
      vertex 4.71718 36.0673 2
      vertex 5.4 33.45 2
      vertex 5.05694 36.0169 2
    endloop
  endfacet
  facet normal 0 0 1
    outer loop
      vertex 4.384 36.1507 2
      vertex 5.4 33.45 2
      vertex 4.71718 36.0673 2
    endloop
  endfacet
  facet normal 0 0 1
    outer loop
      vertex 5.4 11.45 2
      vertex 5.05694 8.88315 2
      vertex 5.4 8.9 2
    endloop
  endfacet
  facet normal 0 0 1
    outer loop
      vertex 4.06061 36.2664 2
      vertex 5.4 33.45 2
      vertex 4.384 36.1507 2
    endloop
  endfacet
  facet normal 0 0 1
    outer loop
      vertex 5.4 11.45 2
      vertex 4.71718 8.83275 2
      vertex 5.05694 8.88315 2
    endloop
  endfacet
  facet normal 0 0 1
    outer loop
      vertex 3.75011 36.4133 2
      vertex 5.4 33.45 2
      vertex 4.06061 36.2664 2
    endloop
  endfacet
  facet normal 0 0 1
    outer loop
      vertex 5.4 11.45 2
      vertex 4.384 8.74929 2
      vertex 4.71718 8.83275 2
    endloop
  endfacet
  facet normal 0 0 1
    outer loop
      vertex 3.4555 36.5899 2
      vertex 5.4 33.45 2
      vertex 3.75011 36.4133 2
    endloop
  endfacet
  facet normal 0 0 1
    outer loop
      vertex 5.4 11.45 2
      vertex 4.06061 8.63358 2
      vertex 4.384 8.74929 2
    endloop
  endfacet
  facet normal 0 0 1
    outer loop
      vertex 3.17962 36.7945 2
      vertex 5.4 33.45 2
      vertex 3.4555 36.5899 2
    endloop
  endfacet
  facet normal 0 0 1
    outer loop
      vertex 5.4 11.45 2
      vertex 3.75011 8.48672 2
      vertex 4.06061 8.63358 2
    endloop
  endfacet
  facet normal 0 0 1
    outer loop
      vertex 2.92513 37.0251 2
      vertex 5.4 33.45 2
      vertex 3.17962 36.7945 2
    endloop
  endfacet
  facet normal 0 0 1
    outer loop
      vertex 5.4 11.45 2
      vertex 3.4555 8.31014 2
      vertex 3.75011 8.48672 2
    endloop
  endfacet
  facet normal 0 0 1
    outer loop
      vertex 2.69446 37.2796 2
      vertex 5.4 33.45 2
      vertex 2.92513 37.0251 2
    endloop
  endfacet
  facet normal 0 0 1
    outer loop
      vertex 5.4 11.45 2
      vertex 3.17962 8.10554 2
      vertex 3.4555 8.31014 2
    endloop
  endfacet
  facet normal 0 0 1
    outer loop
      vertex 5.4 33.45 2
      vertex 2.69446 37.2796 2
      vertex 5.4 11.45 2
    endloop
  endfacet
  facet normal 0 0 1
    outer loop
      vertex 5.4 11.45 2
      vertex 2.92513 7.87487 2
      vertex 3.17962 8.10554 2
    endloop
  endfacet
  facet normal 0 0 1
    outer loop
      vertex 2.69446 7.62038 2
      vertex 5.4 11.45 2
      vertex 2.69446 37.2796 2
    endloop
  endfacet
  facet normal 0 0 1
    outer loop
      vertex 5.4 11.45 2
      vertex 2.69446 7.62038 2
      vertex 2.92513 7.87487 2
    endloop
  endfacet
  facet normal 0 0 1
    outer loop
      vertex 2.48986 37.5555 2
      vertex 2.69446 7.62038 2
      vertex 2.69446 37.2796 2
    endloop
  endfacet
  facet normal 0 0 1
    outer loop
      vertex 2.48986 37.5555 2
      vertex 2.48986 7.3445 2
      vertex 2.69446 7.62038 2
    endloop
  endfacet
  facet normal 0 0 1
    outer loop
      vertex 2.4 37.7054 2
      vertex 2.48986 7.3445 2
      vertex 2.48986 37.5555 2
    endloop
  endfacet
  facet normal 0 0 1
    outer loop
      vertex 2.48986 7.3445 2
      vertex 2.4 37.7054 2
      vertex 2.4 7.19458 2
    endloop
  endfacet
  facet normal 0 0 1
    outer loop
      vertex 100.7 5.1 2
      vertex 84.1 26.8 2
      vertex 84.1 5.1 2
    endloop
  endfacet
  facet normal 0 0 1
    outer loop
      vertex 82.7 5.1 2
      vertex 66.1 26.8 2
      vertex 66.1 5.1 2
    endloop
  endfacet
  facet normal 0 0 1
    outer loop
      vertex 64.7 5.1 2
      vertex 48.1 26.8 2
      vertex 48.1 5.1 2
    endloop
  endfacet
  facet normal 0 0 1
    outer loop
      vertex 46.7 5.1 2
      vertex 30.1 26.8 2
      vertex 30.1 5.1 2
    endloop
  endfacet
  facet normal -0 0 1
    outer loop
      vertex 8.88315 39.1569 2
      vertex 15.4 33.45 2
      vertex 8.9 39.5 2
    endloop
  endfacet
  facet normal -0 0 1
    outer loop
      vertex 8.83275 38.8172 2
      vertex 15.4 33.45 2
      vertex 8.88315 39.1569 2
    endloop
  endfacet
  facet normal -0 0 1
    outer loop
      vertex 8.74929 38.484 2
      vertex 15.4 33.45 2
      vertex 8.83275 38.8172 2
    endloop
  endfacet
  facet normal -0 0 1
    outer loop
      vertex 8.63358 38.1606 2
      vertex 15.4 33.45 2
      vertex 8.74929 38.484 2
    endloop
  endfacet
  facet normal -0 0 1
    outer loop
      vertex 8.48672 37.8501 2
      vertex 15.4 33.45 2
      vertex 8.63358 38.1606 2
    endloop
  endfacet
  facet normal -0 0 1
    outer loop
      vertex 8.31014 37.5555 2
      vertex 15.4 33.45 2
      vertex 8.48672 37.8501 2
    endloop
  endfacet
  facet normal -0 0 1
    outer loop
      vertex 8.10554 37.2796 2
      vertex 15.4 33.45 2
      vertex 8.31014 37.5555 2
    endloop
  endfacet
  facet normal -0 0 1
    outer loop
      vertex 7.87487 37.0251 2
      vertex 15.4 33.45 2
      vertex 8.10554 37.2796 2
    endloop
  endfacet
  facet normal -0 0 1
    outer loop
      vertex 7.62038 36.7945 2
      vertex 15.4 33.45 2
      vertex 7.87487 37.0251 2
    endloop
  endfacet
  facet normal -0 0 1
    outer loop
      vertex 7.3445 36.5899 2
      vertex 15.4 33.45 2
      vertex 7.62038 36.7945 2
    endloop
  endfacet
  facet normal 0 0 1
    outer loop
      vertex 5.4 33.45 2
      vertex 7.3445 36.5899 2
      vertex 7.04989 36.4133 2
    endloop
  endfacet
  facet normal 0 0 1
    outer loop
      vertex 5.4 33.45 2
      vertex 7.04989 36.4133 2
      vertex 6.73939 36.2664 2
    endloop
  endfacet
  facet normal 0 0 1
    outer loop
      vertex 5.4 33.45 2
      vertex 6.73939 36.2664 2
      vertex 6.416 36.1507 2
    endloop
  endfacet
  facet normal 0 0 1
    outer loop
      vertex 5.4 33.45 2
      vertex 6.416 36.1507 2
      vertex 6.08282 36.0673 2
    endloop
  endfacet
  facet normal 0 0 1
    outer loop
      vertex 5.4 33.45 2
      vertex 6.08282 36.0673 2
      vertex 5.74306 36.0169 2
    endloop
  endfacet
  facet normal 0 0 1
    outer loop
      vertex 7.3445 36.5899 2
      vertex 5.4 33.45 2
      vertex 15.4 33.45 2
    endloop
  endfacet
  facet normal 0 0 1
    outer loop
      vertex 5.05694 36.0169 2
      vertex 5.4 33.45 2
      vertex 5.4 36 2
    endloop
  endfacet
  facet normal -0 0 1
    outer loop
      vertex 5.4 36 2
      vertex 5.4 33.45 2
      vertex 5.74306 36.0169 2
    endloop
  endfacet
  facet normal 1 -0 0
    outer loop
      vertex 2.4 2.4 30
      vertex 2.4 3.60542 2
      vertex 2.4 3.60542 30
    endloop
  endfacet
  facet normal 1 0 0
    outer loop
      vertex 2.4 3.60542 2
      vertex 2.4 2.4 30
      vertex 2.4 2.4 2
    endloop
  endfacet
  facet normal 1 -0 0
    outer loop
      vertex 2.4 41.2946 30
      vertex 2.4 42.5 2
      vertex 2.4 42.5 30
    endloop
  endfacet
  facet normal 1 0 0
    outer loop
      vertex 2.4 42.5 2
      vertex 2.4 41.2946 30
      vertex 2.4 41.2946 2
    endloop
  endfacet
  facet normal 1 0 0
    outer loop
      vertex 2.4 13.15 30
      vertex 2.4 7.19458 30
      vertex 2.4 13.15 16
    endloop
  endfacet
  facet normal 1 0 0
    outer loop
      vertex 2.4 31.75 16
      vertex 2.4 37.7054 30
      vertex 2.4 31.75 30
    endloop
  endfacet
  facet normal 1 0 0
    outer loop
      vertex 2.4 37.7054 30
      vertex 2.4 31.75 16
      vertex 2.4 37.7054 2
    endloop
  endfacet
  facet normal 1 -0 0
    outer loop
      vertex 2.4 31.7052 15.0884
      vertex 2.4 37.7054 2
      vertex 2.4 31.75 16
    endloop
  endfacet
  facet normal 1 -0 0
    outer loop
      vertex 2.4 31.5713 14.1857
      vertex 2.4 37.7054 2
      vertex 2.4 31.7052 15.0884
    endloop
  endfacet
  facet normal 1 -0 0
    outer loop
      vertex 2.4 31.3495 13.3004
      vertex 2.4 37.7054 2
      vertex 2.4 31.5713 14.1857
    endloop
  endfacet
  facet normal 1 -0 0
    outer loop
      vertex 2.4 31.0421 12.441
      vertex 2.4 37.7054 2
      vertex 2.4 31.3495 13.3004
    endloop
  endfacet
  facet normal 1 -0 0
    outer loop
      vertex 2.4 30.6519 11.616
      vertex 2.4 37.7054 2
      vertex 2.4 31.0421 12.441
    endloop
  endfacet
  facet normal 1 -0 0
    outer loop
      vertex 2.4 30.1827 10.8332
      vertex 2.4 37.7054 2
      vertex 2.4 30.6519 11.616
    endloop
  endfacet
  facet normal 1 -0 0
    outer loop
      vertex 2.4 29.639 10.1001
      vertex 2.4 37.7054 2
      vertex 2.4 30.1827 10.8332
    endloop
  endfacet
  facet normal 1 -0 0
    outer loop
      vertex 2.4 29.0261 9.42391
      vertex 2.4 37.7054 2
      vertex 2.4 29.639 10.1001
    endloop
  endfacet
  facet normal 1 -0 0
    outer loop
      vertex 2.4 28.3499 8.811
      vertex 2.4 37.7054 2
      vertex 2.4 29.0261 9.42391
    endloop
  endfacet
  facet normal 1 -0 0
    outer loop
      vertex 2.4 27.6168 8.26733
      vertex 2.4 37.7054 2
      vertex 2.4 28.3499 8.811
    endloop
  endfacet
  facet normal 1 -0 0
    outer loop
      vertex 2.4 26.834 7.79813
      vertex 2.4 37.7054 2
      vertex 2.4 27.6168 8.26733
    endloop
  endfacet
  facet normal 1 -0 0
    outer loop
      vertex 2.4 26.009 7.40792
      vertex 2.4 37.7054 2
      vertex 2.4 26.834 7.79813
    endloop
  endfacet
  facet normal 1 -0 0
    outer loop
      vertex 2.4 25.1496 7.10045
      vertex 2.4 37.7054 2
      vertex 2.4 26.009 7.40792
    endloop
  endfacet
  facet normal 1 -0 0
    outer loop
      vertex 2.4 24.2643 6.8787
      vertex 2.4 37.7054 2
      vertex 2.4 25.1496 7.10045
    endloop
  endfacet
  facet normal 1 -0 0
    outer loop
      vertex 2.4 23.3616 6.74478
      vertex 2.4 37.7054 2
      vertex 2.4 24.2643 6.8787
    endloop
  endfacet
  facet normal 1 -0 0
    outer loop
      vertex 2.4 22.45 6.7
      vertex 2.4 37.7054 2
      vertex 2.4 23.3616 6.74478
    endloop
  endfacet
  facet normal 1 0 0
    outer loop
      vertex 2.4 7.19458 2
      vertex 2.4 22.45 6.7
      vertex 2.4 21.5384 6.74478
    endloop
  endfacet
  facet normal 1 0 0
    outer loop
      vertex 2.4 7.19458 2
      vertex 2.4 21.5384 6.74478
      vertex 2.4 20.6357 6.8787
    endloop
  endfacet
  facet normal 1 0 0
    outer loop
      vertex 2.4 7.19458 2
      vertex 2.4 20.6357 6.8787
      vertex 2.4 19.7504 7.10045
    endloop
  endfacet
  facet normal 1 0 0
    outer loop
      vertex 2.4 7.19458 2
      vertex 2.4 13.15 16
      vertex 2.4 7.19458 30
    endloop
  endfacet
  facet normal 1 0 0
    outer loop
      vertex 2.4 13.15 16
      vertex 2.4 7.19458 2
      vertex 2.4 13.1948 15.0884
    endloop
  endfacet
  facet normal 1 0 0
    outer loop
      vertex 2.4 13.1948 15.0884
      vertex 2.4 7.19458 2
      vertex 2.4 13.3287 14.1857
    endloop
  endfacet
  facet normal 1 0 0
    outer loop
      vertex 2.4 13.3287 14.1857
      vertex 2.4 7.19458 2
      vertex 2.4 13.5505 13.3004
    endloop
  endfacet
  facet normal 1 0 0
    outer loop
      vertex 2.4 22.45 6.7
      vertex 2.4 7.19458 2
      vertex 2.4 37.7054 2
    endloop
  endfacet
  facet normal 1 0 0
    outer loop
      vertex 2.4 18.891 7.40792
      vertex 2.4 7.19458 2
      vertex 2.4 19.7504 7.10045
    endloop
  endfacet
  facet normal 1 0 0
    outer loop
      vertex 2.4 18.066 7.79813
      vertex 2.4 7.19458 2
      vertex 2.4 18.891 7.40792
    endloop
  endfacet
  facet normal 1 0 0
    outer loop
      vertex 2.4 17.2832 8.26733
      vertex 2.4 7.19458 2
      vertex 2.4 18.066 7.79813
    endloop
  endfacet
  facet normal 1 0 0
    outer loop
      vertex 2.4 16.5501 8.811
      vertex 2.4 7.19458 2
      vertex 2.4 17.2832 8.26733
    endloop
  endfacet
  facet normal 1 0 0
    outer loop
      vertex 2.4 15.8739 9.42391
      vertex 2.4 7.19458 2
      vertex 2.4 16.5501 8.811
    endloop
  endfacet
  facet normal 1 0 0
    outer loop
      vertex 2.4 15.261 10.1001
      vertex 2.4 7.19458 2
      vertex 2.4 15.8739 9.42391
    endloop
  endfacet
  facet normal 1 0 0
    outer loop
      vertex 2.4 14.7173 10.8332
      vertex 2.4 7.19458 2
      vertex 2.4 15.261 10.1001
    endloop
  endfacet
  facet normal 1 0 0
    outer loop
      vertex 2.4 14.2481 11.616
      vertex 2.4 7.19458 2
      vertex 2.4 14.7173 10.8332
    endloop
  endfacet
  facet normal 1 0 0
    outer loop
      vertex 2.4 13.8579 12.441
      vertex 2.4 7.19458 2
      vertex 2.4 14.2481 11.616
    endloop
  endfacet
  facet normal 1 0 0
    outer loop
      vertex 2.4 13.5505 13.3004
      vertex 2.4 7.19458 2
      vertex 2.4 13.8579 12.441
    endloop
  endfacet
  facet normal 0 -1 0
    outer loop
      vertex 127.195 42.5 2
      vertex 128.4 42.5 30
      vertex 127.195 42.5 30
    endloop
  endfacet
  facet normal 0 -1 -0
    outer loop
      vertex 128.4 42.5 30
      vertex 127.195 42.5 2
      vertex 128.4 42.5 2
    endloop
  endfacet
  facet normal 0 -1 0
    outer loop
      vertex 2.4 42.5 2
      vertex 3.60542 42.5 30
      vertex 2.4 42.5 30
    endloop
  endfacet
  facet normal 0 -1 -0
    outer loop
      vertex 3.60542 42.5 30
      vertex 2.4 42.5 2
      vertex 3.60542 42.5 2
    endloop
  endfacet
  facet normal 0 -1 0
    outer loop
      vertex 7.19458 42.5 2
      vertex 123.605 42.5 30
      vertex 7.19458 42.5 30
    endloop
  endfacet
  facet normal 0 -1 -0
    outer loop
      vertex 123.605 42.5 30
      vertex 7.19458 42.5 2
      vertex 123.605 42.5 2
    endloop
  endfacet
  facet normal 0 1 -0
    outer loop
      vertex 128.4 2.4 2
      vertex 127.195 2.4 30
      vertex 128.4 2.4 30
    endloop
  endfacet
  facet normal 0 1 0
    outer loop
      vertex 127.195 2.4 30
      vertex 128.4 2.4 2
      vertex 127.195 2.4 2
    endloop
  endfacet
  facet normal 0 1 -0
    outer loop
      vertex 3.60542 2.4 2
      vertex 2.4 2.4 30
      vertex 3.60542 2.4 30
    endloop
  endfacet
  facet normal 0 1 0
    outer loop
      vertex 2.4 2.4 30
      vertex 3.60542 2.4 2
      vertex 2.4 2.4 2
    endloop
  endfacet
  facet normal 0 1 -0
    outer loop
      vertex 123.605 2.4 2
      vertex 7.19458 2.4 30
      vertex 123.605 2.4 30
    endloop
  endfacet
  facet normal 0 1 0
    outer loop
      vertex 7.19458 2.4 30
      vertex 123.605 2.4 2
      vertex 7.19458 2.4 2
    endloop
  endfacet
  facet normal 0.989176 0.146734 0
    outer loop
      vertex 8.88315 5.74306 30
      vertex 8.83275 6.08282 2
      vertex 8.83275 6.08282 30
    endloop
  endfacet
  facet normal 0.989176 0.146734 0
    outer loop
      vertex 8.83275 6.08282 2
      vertex 8.88315 5.74306 30
      vertex 8.88315 5.74306 2
    endloop
  endfacet
  facet normal 0.998796 0.0490576 0
    outer loop
      vertex 8.9 5.4 30
      vertex 8.88315 5.74306 2
      vertex 8.88315 5.74306 30
    endloop
  endfacet
  facet normal 0.998796 0.0490576 0
    outer loop
      vertex 8.88315 5.74306 2
      vertex 8.9 5.4 30
      vertex 8.9 5.4 2
    endloop
  endfacet
  facet normal 0.970029 0.242988 0
    outer loop
      vertex 8.83275 6.08282 30
      vertex 8.74929 6.416 2
      vertex 8.74929 6.416 30
    endloop
  endfacet
  facet normal 0.970029 0.242988 0
    outer loop
      vertex 8.74929 6.416 2
      vertex 8.83275 6.08282 30
      vertex 8.83275 6.08282 2
    endloop
  endfacet
  facet normal -0.242988 0.970029 0
    outer loop
      vertex 4.71718 8.83275 2
      vertex 4.384 8.74929 30
      vertex 4.71718 8.83275 30
    endloop
  endfacet
  facet normal -0.242988 0.970029 0
    outer loop
      vertex 4.384 8.74929 30
      vertex 4.71718 8.83275 2
      vertex 4.384 8.74929 2
    endloop
  endfacet
  facet normal 0.514098 0.857732 -0
    outer loop
      vertex 7.3445 8.31014 2
      vertex 7.04989 8.48672 30
      vertex 7.3445 8.31014 30
    endloop
  endfacet
  facet normal 0.514098 0.857732 0
    outer loop
      vertex 7.04989 8.48672 30
      vertex 7.3445 8.31014 2
      vertex 7.04989 8.48672 2
    endloop
  endfacet
  facet normal 0.514109 -0.857725 0
    outer loop
      vertex 7.19458 2.4 2
      vertex 7.3445 2.48986 30
      vertex 7.19458 2.4 30
    endloop
  endfacet
  facet normal 0.514109 -0.857725 0
    outer loop
      vertex 7.3445 2.48986 30
      vertex 7.19458 2.4 2
      vertex 7.3445 2.48986 2
    endloop
  endfacet
  facet normal -0.671581 0.740931 0
    outer loop
      vertex 3.17962 8.10554 2
      vertex 2.92513 7.87487 30
      vertex 3.17962 8.10554 30
    endloop
  endfacet
  facet normal -0.671581 0.740931 0
    outer loop
      vertex 2.92513 7.87487 30
      vertex 3.17962 8.10554 2
      vertex 2.92513 7.87487 2
    endloop
  endfacet
  facet normal -0.514098 0.857732 0
    outer loop
      vertex 3.75011 8.48672 2
      vertex 3.4555 8.31014 30
      vertex 3.75011 8.48672 30
    endloop
  endfacet
  facet normal -0.514098 0.857732 0
    outer loop
      vertex 3.4555 8.31014 30
      vertex 3.75011 8.48672 2
      vertex 3.4555 8.31014 2
    endloop
  endfacet
  facet normal -0.803217 0.595687 0
    outer loop
      vertex 2.48986 7.3445 2
      vertex 2.69446 7.62038 30
      vertex 2.69446 7.62038 2
    endloop
  endfacet
  facet normal -0.803217 0.595687 0
    outer loop
      vertex 2.69446 7.62038 30
      vertex 2.48986 7.3445 2
      vertex 2.48986 7.3445 30
    endloop
  endfacet
  facet normal 0.903984 0.427566 0
    outer loop
      vertex 8.63358 6.73939 30
      vertex 8.48672 7.04989 2
      vertex 8.48672 7.04989 30
    endloop
  endfacet
  facet normal 0.903984 0.427566 0
    outer loop
      vertex 8.48672 7.04989 2
      vertex 8.63358 6.73939 30
      vertex 8.63358 6.73939 2
    endloop
  endfacet
  facet normal 0.595687 0.803217 -0
    outer loop
      vertex 7.62038 8.10554 2
      vertex 7.3445 8.31014 30
      vertex 7.62038 8.10554 30
    endloop
  endfacet
  facet normal 0.595687 0.803217 0
    outer loop
      vertex 7.3445 8.31014 30
      vertex 7.62038 8.10554 2
      vertex 7.3445 8.31014 2
    endloop
  endfacet
  facet normal 0.803217 -0.595687 0
    outer loop
      vertex 8.10554 3.17962 30
      vertex 8.31014 3.4555 2
      vertex 8.31014 3.4555 30
    endloop
  endfacet
  facet normal 0.803217 -0.595687 0
    outer loop
      vertex 8.31014 3.4555 2
      vertex 8.10554 3.17962 30
      vertex 8.10554 3.17962 2
    endloop
  endfacet
  facet normal 0.146734 0.989176 -0
    outer loop
      vertex 6.08282 8.83275 2
      vertex 5.74306 8.88315 30
      vertex 6.08282 8.83275 30
    endloop
  endfacet
  facet normal 0.146734 0.989176 0
    outer loop
      vertex 5.74306 8.88315 30
      vertex 6.08282 8.83275 2
      vertex 5.74306 8.88315 2
    endloop
  endfacet
  facet normal 0.803217 0.595687 0
    outer loop
      vertex 8.31014 7.3445 30
      vertex 8.10554 7.62038 2
      vertex 8.10554 7.62038 30
    endloop
  endfacet
  facet normal 0.803217 0.595687 0
    outer loop
      vertex 8.10554 7.62038 2
      vertex 8.31014 7.3445 30
      vertex 8.31014 7.3445 2
    endloop
  endfacet
  facet normal 0.0490576 0.998796 -0
    outer loop
      vertex 5.74306 8.88315 2
      vertex 5.4 8.9 30
      vertex 5.74306 8.88315 30
    endloop
  endfacet
  facet normal 0.0490576 0.998796 0
    outer loop
      vertex 5.4 8.9 30
      vertex 5.74306 8.88315 2
      vertex 5.4 8.9 2
    endloop
  endfacet
  facet normal -0.857725 -0.514109 0
    outer loop
      vertex 2.48986 3.4555 2
      vertex 2.4 3.60542 30
      vertex 2.4 3.60542 2
    endloop
  endfacet
  facet normal -0.857725 -0.514109 0
    outer loop
      vertex 2.4 3.60542 30
      vertex 2.48986 3.4555 2
      vertex 2.48986 3.4555 30
    endloop
  endfacet
  facet normal -0.427566 0.903984 0
    outer loop
      vertex 4.06061 8.63358 2
      vertex 3.75011 8.48672 30
      vertex 4.06061 8.63358 30
    endloop
  endfacet
  facet normal -0.427566 0.903984 0
    outer loop
      vertex 3.75011 8.48672 30
      vertex 4.06061 8.63358 2
      vertex 3.75011 8.48672 2
    endloop
  endfacet
  facet normal 0.903984 -0.427566 0
    outer loop
      vertex 8.48672 3.75011 30
      vertex 8.63358 4.06061 2
      vertex 8.63358 4.06061 30
    endloop
  endfacet
  facet normal 0.903984 -0.427566 0
    outer loop
      vertex 8.63358 4.06061 2
      vertex 8.48672 3.75011 30
      vertex 8.48672 3.75011 2
    endloop
  endfacet
  facet normal -0.595687 -0.803217 0
    outer loop
      vertex 3.17962 2.69446 2
      vertex 3.4555 2.48986 30
      vertex 3.17962 2.69446 30
    endloop
  endfacet
  facet normal -0.595687 -0.803217 -0
    outer loop
      vertex 3.4555 2.48986 30
      vertex 3.17962 2.69446 2
      vertex 3.4555 2.48986 2
    endloop
  endfacet
  facet normal -0.857725 0.514109 0
    outer loop
      vertex 2.4 7.19458 2
      vertex 2.48986 7.3445 30
      vertex 2.48986 7.3445 2
    endloop
  endfacet
  facet normal -0.857725 0.514109 0
    outer loop
      vertex 2.48986 7.3445 30
      vertex 2.4 7.19458 2
      vertex 2.4 7.19458 30
    endloop
  endfacet
  facet normal 0.998796 -0.0490576 0
    outer loop
      vertex 8.88315 5.05694 30
      vertex 8.9 5.4 2
      vertex 8.9 5.4 30
    endloop
  endfacet
  facet normal 0.998796 -0.0490576 0
    outer loop
      vertex 8.9 5.4 2
      vertex 8.88315 5.05694 30
      vertex 8.88315 5.05694 2
    endloop
  endfacet
  facet normal 0.941545 -0.336888 0
    outer loop
      vertex 8.63358 4.06061 30
      vertex 8.74929 4.384 2
      vertex 8.74929 4.384 30
    endloop
  endfacet
  facet normal 0.941545 -0.336888 0
    outer loop
      vertex 8.74929 4.384 2
      vertex 8.63358 4.06061 30
      vertex 8.63358 4.06061 2
    endloop
  endfacet
  facet normal 0.857732 0.514098 0
    outer loop
      vertex 8.48672 7.04989 30
      vertex 8.31014 7.3445 2
      vertex 8.31014 7.3445 30
    endloop
  endfacet
  facet normal 0.857732 0.514098 0
    outer loop
      vertex 8.31014 7.3445 2
      vertex 8.48672 7.04989 30
      vertex 8.48672 7.04989 2
    endloop
  endfacet
  facet normal 0.941545 0.336888 0
    outer loop
      vertex 8.74929 6.416 30
      vertex 8.63358 6.73939 2
      vertex 8.63358 6.73939 30
    endloop
  endfacet
  facet normal 0.941545 0.336888 0
    outer loop
      vertex 8.63358 6.73939 2
      vertex 8.74929 6.416 30
      vertex 8.74929 6.416 2
    endloop
  endfacet
  facet normal 0.989176 -0.146734 0
    outer loop
      vertex 8.83275 4.71718 30
      vertex 8.88315 5.05694 2
      vertex 8.88315 5.05694 30
    endloop
  endfacet
  facet normal 0.989176 -0.146734 0
    outer loop
      vertex 8.88315 5.05694 2
      vertex 8.83275 4.71718 30
      vertex 8.83275 4.71718 2
    endloop
  endfacet
  facet normal -0.671581 -0.740931 0
    outer loop
      vertex 2.92513 2.92513 2
      vertex 3.17962 2.69446 30
      vertex 2.92513 2.92513 30
    endloop
  endfacet
  facet normal -0.671581 -0.740931 -0
    outer loop
      vertex 3.17962 2.69446 30
      vertex 2.92513 2.92513 2
      vertex 3.17962 2.69446 2
    endloop
  endfacet
  facet normal 0.970029 -0.242988 0
    outer loop
      vertex 8.74929 4.384 30
      vertex 8.83275 4.71718 2
      vertex 8.83275 4.71718 30
    endloop
  endfacet
  facet normal 0.970029 -0.242988 0
    outer loop
      vertex 8.83275 4.71718 2
      vertex 8.74929 4.384 30
      vertex 8.74929 4.384 2
    endloop
  endfacet
  facet normal 0.671581 0.740931 -0
    outer loop
      vertex 7.87487 7.87487 2
      vertex 7.62038 8.10554 30
      vertex 7.87487 7.87487 30
    endloop
  endfacet
  facet normal 0.671581 0.740931 0
    outer loop
      vertex 7.62038 8.10554 30
      vertex 7.87487 7.87487 2
      vertex 7.62038 8.10554 2
    endloop
  endfacet
  facet normal 0.336888 0.941545 -0
    outer loop
      vertex 6.73939 8.63358 2
      vertex 6.416 8.74929 30
      vertex 6.73939 8.63358 30
    endloop
  endfacet
  facet normal 0.336888 0.941545 0
    outer loop
      vertex 6.416 8.74929 30
      vertex 6.73939 8.63358 2
      vertex 6.416 8.74929 2
    endloop
  endfacet
  facet normal -0.336888 0.941545 0
    outer loop
      vertex 4.384 8.74929 2
      vertex 4.06061 8.63358 30
      vertex 4.384 8.74929 30
    endloop
  endfacet
  facet normal -0.336888 0.941545 0
    outer loop
      vertex 4.06061 8.63358 30
      vertex 4.384 8.74929 2
      vertex 4.06061 8.63358 2
    endloop
  endfacet
  facet normal -0.514109 -0.857725 0
    outer loop
      vertex 3.4555 2.48986 2
      vertex 3.60542 2.4 30
      vertex 3.4555 2.48986 30
    endloop
  endfacet
  facet normal -0.514109 -0.857725 -0
    outer loop
      vertex 3.60542 2.4 30
      vertex 3.4555 2.48986 2
      vertex 3.60542 2.4 2
    endloop
  endfacet
  facet normal 0.857732 -0.514098 0
    outer loop
      vertex 8.31014 3.4555 30
      vertex 8.48672 3.75011 2
      vertex 8.48672 3.75011 30
    endloop
  endfacet
  facet normal 0.857732 -0.514098 0
    outer loop
      vertex 8.48672 3.75011 2
      vertex 8.31014 3.4555 30
      vertex 8.31014 3.4555 2
    endloop
  endfacet
  facet normal 0.427566 0.903984 -0
    outer loop
      vertex 7.04989 8.48672 2
      vertex 6.73939 8.63358 30
      vertex 7.04989 8.48672 30
    endloop
  endfacet
  facet normal 0.427566 0.903984 0
    outer loop
      vertex 6.73939 8.63358 30
      vertex 7.04989 8.48672 2
      vertex 6.73939 8.63358 2
    endloop
  endfacet
  facet normal -0.595687 0.803217 0
    outer loop
      vertex 3.4555 8.31014 2
      vertex 3.17962 8.10554 30
      vertex 3.4555 8.31014 30
    endloop
  endfacet
  facet normal -0.595687 0.803217 0
    outer loop
      vertex 3.17962 8.10554 30
      vertex 3.4555 8.31014 2
      vertex 3.17962 8.10554 2
    endloop
  endfacet
  facet normal -0.740931 0.671581 0
    outer loop
      vertex 2.69446 7.62038 2
      vertex 2.92513 7.87487 30
      vertex 2.92513 7.87487 2
    endloop
  endfacet
  facet normal -0.740931 0.671581 0
    outer loop
      vertex 2.92513 7.87487 30
      vertex 2.69446 7.62038 2
      vertex 2.69446 7.62038 30
    endloop
  endfacet
  facet normal -0.146734 0.989176 0
    outer loop
      vertex 5.05694 8.88315 2
      vertex 4.71718 8.83275 30
      vertex 5.05694 8.88315 30
    endloop
  endfacet
  facet normal -0.146734 0.989176 0
    outer loop
      vertex 4.71718 8.83275 30
      vertex 5.05694 8.88315 2
      vertex 4.71718 8.83275 2
    endloop
  endfacet
  facet normal 0.671581 -0.740931 0
    outer loop
      vertex 7.62038 2.69446 2
      vertex 7.87487 2.92513 30
      vertex 7.62038 2.69446 30
    endloop
  endfacet
  facet normal 0.671581 -0.740931 0
    outer loop
      vertex 7.87487 2.92513 30
      vertex 7.62038 2.69446 2
      vertex 7.87487 2.92513 2
    endloop
  endfacet
  facet normal 0.242988 0.970029 -0
    outer loop
      vertex 6.416 8.74929 2
      vertex 6.08282 8.83275 30
      vertex 6.416 8.74929 30
    endloop
  endfacet
  facet normal 0.242988 0.970029 0
    outer loop
      vertex 6.08282 8.83275 30
      vertex 6.416 8.74929 2
      vertex 6.08282 8.83275 2
    endloop
  endfacet
  facet normal -0.740931 -0.671581 0
    outer loop
      vertex 2.92513 2.92513 2
      vertex 2.69446 3.17962 30
      vertex 2.69446 3.17962 2
    endloop
  endfacet
  facet normal -0.740931 -0.671581 0
    outer loop
      vertex 2.69446 3.17962 30
      vertex 2.92513 2.92513 2
      vertex 2.92513 2.92513 30
    endloop
  endfacet
  facet normal -0.0490576 0.998796 0
    outer loop
      vertex 5.4 8.9 2
      vertex 5.05694 8.88315 30
      vertex 5.4 8.9 30
    endloop
  endfacet
  facet normal -0.0490576 0.998796 0
    outer loop
      vertex 5.05694 8.88315 30
      vertex 5.4 8.9 2
      vertex 5.05694 8.88315 2
    endloop
  endfacet
  facet normal 0.740931 0.671581 0
    outer loop
      vertex 8.10554 7.62038 30
      vertex 7.87487 7.87487 2
      vertex 7.87487 7.87487 30
    endloop
  endfacet
  facet normal 0.740931 0.671581 0
    outer loop
      vertex 7.87487 7.87487 2
      vertex 8.10554 7.62038 30
      vertex 8.10554 7.62038 2
    endloop
  endfacet
  facet normal 0.595687 -0.803217 0
    outer loop
      vertex 7.3445 2.48986 2
      vertex 7.62038 2.69446 30
      vertex 7.3445 2.48986 30
    endloop
  endfacet
  facet normal 0.595687 -0.803217 0
    outer loop
      vertex 7.62038 2.69446 30
      vertex 7.3445 2.48986 2
      vertex 7.62038 2.69446 2
    endloop
  endfacet
  facet normal -0.803217 -0.595687 0
    outer loop
      vertex 2.69446 3.17962 2
      vertex 2.48986 3.4555 30
      vertex 2.48986 3.4555 2
    endloop
  endfacet
  facet normal -0.803217 -0.595687 0
    outer loop
      vertex 2.48986 3.4555 30
      vertex 2.69446 3.17962 2
      vertex 2.69446 3.17962 30
    endloop
  endfacet
  facet normal 0.740931 -0.671581 0
    outer loop
      vertex 7.87487 2.92513 30
      vertex 8.10554 3.17962 2
      vertex 8.10554 3.17962 30
    endloop
  endfacet
  facet normal 0.740931 -0.671581 0
    outer loop
      vertex 8.10554 3.17962 2
      vertex 7.87487 2.92513 30
      vertex 7.87487 2.92513 2
    endloop
  endfacet
  facet normal 0.989172 0.14676 0
    outer loop
      vertex 8.88315 39.8431 30
      vertex 8.83275 40.1828 2
      vertex 8.83275 40.1828 30
    endloop
  endfacet
  facet normal 0.989172 0.14676 0
    outer loop
      vertex 8.83275 40.1828 2
      vertex 8.88315 39.8431 30
      vertex 8.88315 39.8431 2
    endloop
  endfacet
  facet normal 0.998796 0.0490519 0
    outer loop
      vertex 8.9 39.5 30
      vertex 8.88315 39.8431 2
      vertex 8.88315 39.8431 30
    endloop
  endfacet
  facet normal 0.998796 0.0490519 0
    outer loop
      vertex 8.88315 39.8431 2
      vertex 8.9 39.5 30
      vertex 8.9 39.5 2
    endloop
  endfacet
  facet normal 0.970033 0.242974 0
    outer loop
      vertex 8.83275 40.1828 30
      vertex 8.74929 40.516 2
      vertex 8.74929 40.516 30
    endloop
  endfacet
  facet normal 0.970033 0.242974 0
    outer loop
      vertex 8.74929 40.516 2
      vertex 8.83275 40.1828 30
      vertex 8.83275 40.1828 2
    endloop
  endfacet
  facet normal 0.514277 0.857624 -0
    outer loop
      vertex 7.3445 42.4101 2
      vertex 7.19458 42.5 30
      vertex 7.3445 42.4101 30
    endloop
  endfacet
  facet normal 0.514277 0.857624 0
    outer loop
      vertex 7.19458 42.5 30
      vertex 7.3445 42.4101 2
      vertex 7.19458 42.5 2
    endloop
  endfacet
  facet normal 0.51414 -0.857706 0
    outer loop
      vertex 7.04989 36.4133 2
      vertex 7.3445 36.5899 30
      vertex 7.04989 36.4133 30
    endloop
  endfacet
  facet normal 0.51414 -0.857706 0
    outer loop
      vertex 7.3445 36.5899 30
      vertex 7.04989 36.4133 2
      vertex 7.3445 36.5899 2
    endloop
  endfacet
  facet normal 0.336862 -0.941554 0
    outer loop
      vertex 6.416 36.1507 2
      vertex 6.73939 36.2664 30
      vertex 6.416 36.1507 30
    endloop
  endfacet
  facet normal 0.336862 -0.941554 0
    outer loop
      vertex 6.73939 36.2664 30
      vertex 6.416 36.1507 2
      vertex 6.73939 36.2664 2
    endloop
  endfacet
  facet normal -0.671469 0.741033 0
    outer loop
      vertex 3.17962 42.2055 2
      vertex 2.92513 41.9749 30
      vertex 3.17962 42.2055 30
    endloop
  endfacet
  facet normal -0.671469 0.741033 0
    outer loop
      vertex 2.92513 41.9749 30
      vertex 3.17962 42.2055 2
      vertex 2.92513 41.9749 2
    endloop
  endfacet
  facet normal -0.514277 0.857624 0
    outer loop
      vertex 3.60542 42.5 2
      vertex 3.4555 42.4101 30
      vertex 3.60542 42.5 30
    endloop
  endfacet
  facet normal -0.514277 0.857624 0
    outer loop
      vertex 3.4555 42.4101 30
      vertex 3.60542 42.5 2
      vertex 3.4555 42.4101 2
    endloop
  endfacet
  facet normal 0.146734 -0.989176 0
    outer loop
      vertex 5.74306 36.0169 2
      vertex 6.08282 36.0673 30
      vertex 5.74306 36.0169 30
    endloop
  endfacet
  facet normal 0.146734 -0.989176 0
    outer loop
      vertex 6.08282 36.0673 30
      vertex 5.74306 36.0169 2
      vertex 6.08282 36.0673 2
    endloop
  endfacet
  facet normal -0.803237 0.595659 0
    outer loop
      vertex 2.48986 41.4445 2
      vertex 2.69446 41.7204 30
      vertex 2.69446 41.7204 2
    endloop
  endfacet
  facet normal -0.803237 0.595659 0
    outer loop
      vertex 2.69446 41.7204 30
      vertex 2.48986 41.4445 2
      vertex 2.48986 41.4445 30
    endloop
  endfacet
  facet normal 0.903984 0.427566 0
    outer loop
      vertex 8.63358 40.8394 30
      vertex 8.48672 41.1499 2
      vertex 8.48672 41.1499 30
    endloop
  endfacet
  facet normal 0.903984 0.427566 0
    outer loop
      vertex 8.48672 41.1499 2
      vertex 8.63358 40.8394 30
      vertex 8.63358 40.8394 2
    endloop
  endfacet
  facet normal -0.336862 -0.941554 0
    outer loop
      vertex 4.06061 36.2664 2
      vertex 4.384 36.1507 30
      vertex 4.06061 36.2664 30
    endloop
  endfacet
  facet normal -0.336862 -0.941554 -0
    outer loop
      vertex 4.384 36.1507 30
      vertex 4.06061 36.2664 2
      vertex 4.384 36.1507 2
    endloop
  endfacet
  facet normal 0.595687 0.803217 -0
    outer loop
      vertex 7.62038 42.2055 2
      vertex 7.3445 42.4101 30
      vertex 7.62038 42.2055 30
    endloop
  endfacet
  facet normal 0.595687 0.803217 0
    outer loop
      vertex 7.3445 42.4101 30
      vertex 7.62038 42.2055 2
      vertex 7.3445 42.4101 2
    endloop
  endfacet
  facet normal 0.803237 -0.595659 0
    outer loop
      vertex 8.10554 37.2796 30
      vertex 8.31014 37.5555 2
      vertex 8.31014 37.5555 30
    endloop
  endfacet
  facet normal 0.803237 -0.595659 0
    outer loop
      vertex 8.31014 37.5555 2
      vertex 8.10554 37.2796 30
      vertex 8.10554 37.2796 2
    endloop
  endfacet
  facet normal 0.803237 0.595659 0
    outer loop
      vertex 8.31014 41.4445 30
      vertex 8.10554 41.7204 2
      vertex 8.10554 41.7204 30
    endloop
  endfacet
  facet normal 0.803237 0.595659 0
    outer loop
      vertex 8.10554 41.7204 2
      vertex 8.31014 41.4445 30
      vertex 8.31014 41.4445 2
    endloop
  endfacet
  facet normal -0.857695 -0.514159 0
    outer loop
      vertex 2.48986 37.5555 2
      vertex 2.4 37.7054 30
      vertex 2.4 37.7054 2
    endloop
  endfacet
  facet normal -0.857695 -0.514159 0
    outer loop
      vertex 2.4 37.7054 30
      vertex 2.48986 37.5555 2
      vertex 2.48986 37.5555 30
    endloop
  endfacet
  facet normal 0.903984 -0.427566 0
    outer loop
      vertex 8.48672 37.8501 30
      vertex 8.63358 38.1606 2
      vertex 8.63358 38.1606 30
    endloop
  endfacet
  facet normal 0.903984 -0.427566 0
    outer loop
      vertex 8.63358 38.1606 2
      vertex 8.48672 37.8501 30
      vertex 8.48672 37.8501 2
    endloop
  endfacet
  facet normal -0.595687 -0.803217 0
    outer loop
      vertex 3.17962 36.7945 2
      vertex 3.4555 36.5899 30
      vertex 3.17962 36.7945 30
    endloop
  endfacet
  facet normal -0.595687 -0.803217 -0
    outer loop
      vertex 3.4555 36.5899 30
      vertex 3.17962 36.7945 2
      vertex 3.4555 36.5899 2
    endloop
  endfacet
  facet normal -0.857695 0.514159 0
    outer loop
      vertex 2.4 41.2946 2
      vertex 2.48986 41.4445 30
      vertex 2.48986 41.4445 2
    endloop
  endfacet
  facet normal -0.857695 0.514159 0
    outer loop
      vertex 2.48986 41.4445 30
      vertex 2.4 41.2946 2
      vertex 2.4 41.2946 30
    endloop
  endfacet
  facet normal 0.998796 -0.0490519 0
    outer loop
      vertex 8.88315 39.1569 30
      vertex 8.9 39.5 2
      vertex 8.9 39.5 30
    endloop
  endfacet
  facet normal 0.998796 -0.0490519 0
    outer loop
      vertex 8.9 39.5 2
      vertex 8.88315 39.1569 30
      vertex 8.88315 39.1569 2
    endloop
  endfacet
  facet normal 0.941548 -0.336879 0
    outer loop
      vertex 8.63358 38.1606 30
      vertex 8.74929 38.484 2
      vertex 8.74929 38.484 30
    endloop
  endfacet
  facet normal 0.941548 -0.336879 0
    outer loop
      vertex 8.74929 38.484 2
      vertex 8.63358 38.1606 30
      vertex 8.63358 38.1606 2
    endloop
  endfacet
  facet normal 0.242823 -0.970071 0
    outer loop
      vertex 6.08282 36.0673 2
      vertex 6.416 36.1507 30
      vertex 6.08282 36.0673 30
    endloop
  endfacet
  facet normal 0.242823 -0.970071 0
    outer loop
      vertex 6.416 36.1507 30
      vertex 6.08282 36.0673 2
      vertex 6.416 36.1507 2
    endloop
  endfacet
  facet normal 0.941548 0.336879 0
    outer loop
      vertex 8.74929 40.516 30
      vertex 8.63358 40.8394 2
      vertex 8.63358 40.8394 30
    endloop
  endfacet
  facet normal 0.941548 0.336879 0
    outer loop
      vertex 8.63358 40.8394 2
      vertex 8.74929 40.516 30
      vertex 8.74929 40.516 2
    endloop
  endfacet
  facet normal 0.989172 -0.14676 0
    outer loop
      vertex 8.83275 38.8172 30
      vertex 8.88315 39.1569 2
      vertex 8.88315 39.1569 30
    endloop
  endfacet
  facet normal 0.989172 -0.14676 0
    outer loop
      vertex 8.88315 39.1569 2
      vertex 8.83275 38.8172 30
      vertex 8.83275 38.8172 2
    endloop
  endfacet
  facet normal -0.671469 -0.741033 0
    outer loop
      vertex 2.92513 37.0251 2
      vertex 3.17962 36.7945 30
      vertex 2.92513 37.0251 30
    endloop
  endfacet
  facet normal -0.671469 -0.741033 -0
    outer loop
      vertex 3.17962 36.7945 30
      vertex 2.92513 37.0251 2
      vertex 3.17962 36.7945 2
    endloop
  endfacet
  facet normal 0.970033 -0.242974 0
    outer loop
      vertex 8.74929 38.484 30
      vertex 8.83275 38.8172 2
      vertex 8.83275 38.8172 30
    endloop
  endfacet
  facet normal 0.970033 -0.242974 0
    outer loop
      vertex 8.83275 38.8172 2
      vertex 8.74929 38.484 30
      vertex 8.74929 38.484 2
    endloop
  endfacet
  facet normal 0.671469 0.741033 -0
    outer loop
      vertex 7.87487 41.9749 2
      vertex 7.62038 42.2055 30
      vertex 7.87487 41.9749 30
    endloop
  endfacet
  facet normal 0.671469 0.741033 0
    outer loop
      vertex 7.62038 42.2055 30
      vertex 7.87487 41.9749 2
      vertex 7.62038 42.2055 2
    endloop
  endfacet
  facet normal -0.51414 -0.857706 0
    outer loop
      vertex 3.4555 36.5899 2
      vertex 3.75011 36.4133 30
      vertex 3.4555 36.5899 30
    endloop
  endfacet
  facet normal -0.51414 -0.857706 -0
    outer loop
      vertex 3.75011 36.4133 30
      vertex 3.4555 36.5899 2
      vertex 3.75011 36.4133 2
    endloop
  endfacet
  facet normal 0.857724 -0.51411 0
    outer loop
      vertex 8.31014 37.5555 30
      vertex 8.48672 37.8501 2
      vertex 8.48672 37.8501 30
    endloop
  endfacet
  facet normal 0.857724 -0.51411 0
    outer loop
      vertex 8.48672 37.8501 2
      vertex 8.31014 37.5555 30
      vertex 8.31014 37.5555 2
    endloop
  endfacet
  facet normal -0.146734 -0.989176 0
    outer loop
      vertex 4.71718 36.0673 2
      vertex 5.05694 36.0169 30
      vertex 4.71718 36.0673 30
    endloop
  endfacet
  facet normal -0.146734 -0.989176 -0
    outer loop
      vertex 5.05694 36.0169 30
      vertex 4.71718 36.0673 2
      vertex 5.05694 36.0169 2
    endloop
  endfacet
  facet normal -0.595687 0.803217 0
    outer loop
      vertex 3.4555 42.4101 2
      vertex 3.17962 42.2055 30
      vertex 3.4555 42.4101 30
    endloop
  endfacet
  facet normal -0.595687 0.803217 0
    outer loop
      vertex 3.17962 42.2055 30
      vertex 3.4555 42.4101 2
      vertex 3.17962 42.2055 2
    endloop
  endfacet
  facet normal 0.857724 0.51411 0
    outer loop
      vertex 8.48672 41.1499 30
      vertex 8.31014 41.4445 2
      vertex 8.31014 41.4445 30
    endloop
  endfacet
  facet normal 0.857724 0.51411 0
    outer loop
      vertex 8.31014 41.4445 2
      vertex 8.48672 41.1499 30
      vertex 8.48672 41.1499 2
    endloop
  endfacet
  facet normal -0.0492029 -0.998789 0
    outer loop
      vertex 5.05694 36.0169 2
      vertex 5.4 36 30
      vertex 5.05694 36.0169 30
    endloop
  endfacet
  facet normal -0.0492029 -0.998789 -0
    outer loop
      vertex 5.4 36 30
      vertex 5.05694 36.0169 2
      vertex 5.4 36 2
    endloop
  endfacet
  facet normal -0.740944 0.671566 0
    outer loop
      vertex 2.69446 41.7204 2
      vertex 2.92513 41.9749 30
      vertex 2.92513 41.9749 2
    endloop
  endfacet
  facet normal -0.740944 0.671566 0
    outer loop
      vertex 2.92513 41.9749 30
      vertex 2.69446 41.7204 2
      vertex 2.69446 41.7204 30
    endloop
  endfacet
  facet normal 0.0492029 -0.998789 0
    outer loop
      vertex 5.4 36 2
      vertex 5.74306 36.0169 30
      vertex 5.4 36 30
    endloop
  endfacet
  facet normal 0.0492029 -0.998789 0
    outer loop
      vertex 5.74306 36.0169 30
      vertex 5.4 36 2
      vertex 5.74306 36.0169 2
    endloop
  endfacet
  facet normal -0.242823 -0.970071 0
    outer loop
      vertex 4.384 36.1507 2
      vertex 4.71718 36.0673 30
      vertex 4.384 36.1507 30
    endloop
  endfacet
  facet normal -0.242823 -0.970071 -0
    outer loop
      vertex 4.71718 36.0673 30
      vertex 4.384 36.1507 2
      vertex 4.71718 36.0673 2
    endloop
  endfacet
  facet normal 0.671469 -0.741033 0
    outer loop
      vertex 7.62038 36.7945 2
      vertex 7.87487 37.0251 30
      vertex 7.62038 36.7945 30
    endloop
  endfacet
  facet normal 0.671469 -0.741033 0
    outer loop
      vertex 7.87487 37.0251 30
      vertex 7.62038 36.7945 2
      vertex 7.87487 37.0251 2
    endloop
  endfacet
  facet normal -0.427661 -0.903939 0
    outer loop
      vertex 3.75011 36.4133 2
      vertex 4.06061 36.2664 30
      vertex 3.75011 36.4133 30
    endloop
  endfacet
  facet normal -0.427661 -0.903939 -0
    outer loop
      vertex 4.06061 36.2664 30
      vertex 3.75011 36.4133 2
      vertex 4.06061 36.2664 2
    endloop
  endfacet
  facet normal -0.740944 -0.671566 0
    outer loop
      vertex 2.92513 37.0251 2
      vertex 2.69446 37.2796 30
      vertex 2.69446 37.2796 2
    endloop
  endfacet
  facet normal -0.740944 -0.671566 0
    outer loop
      vertex 2.69446 37.2796 30
      vertex 2.92513 37.0251 2
      vertex 2.92513 37.0251 30
    endloop
  endfacet
  facet normal 0.427661 -0.903939 0
    outer loop
      vertex 6.73939 36.2664 2
      vertex 7.04989 36.4133 30
      vertex 6.73939 36.2664 30
    endloop
  endfacet
  facet normal 0.427661 -0.903939 0
    outer loop
      vertex 7.04989 36.4133 30
      vertex 6.73939 36.2664 2
      vertex 7.04989 36.4133 2
    endloop
  endfacet
  facet normal 0.740944 0.671566 0
    outer loop
      vertex 8.10554 41.7204 30
      vertex 7.87487 41.9749 2
      vertex 7.87487 41.9749 30
    endloop
  endfacet
  facet normal 0.740944 0.671566 0
    outer loop
      vertex 7.87487 41.9749 2
      vertex 8.10554 41.7204 30
      vertex 8.10554 41.7204 2
    endloop
  endfacet
  facet normal 0.595687 -0.803217 0
    outer loop
      vertex 7.3445 36.5899 2
      vertex 7.62038 36.7945 30
      vertex 7.3445 36.5899 30
    endloop
  endfacet
  facet normal 0.595687 -0.803217 0
    outer loop
      vertex 7.62038 36.7945 30
      vertex 7.3445 36.5899 2
      vertex 7.62038 36.7945 2
    endloop
  endfacet
  facet normal -0.803237 -0.595659 0
    outer loop
      vertex 2.69446 37.2796 2
      vertex 2.48986 37.5555 30
      vertex 2.48986 37.5555 2
    endloop
  endfacet
  facet normal -0.803237 -0.595659 0
    outer loop
      vertex 2.48986 37.5555 30
      vertex 2.69446 37.2796 2
      vertex 2.69446 37.2796 30
    endloop
  endfacet
  facet normal 0.740944 -0.671566 0
    outer loop
      vertex 7.87487 37.0251 30
      vertex 8.10554 37.2796 2
      vertex 8.10554 37.2796 30
    endloop
  endfacet
  facet normal 0.740944 -0.671566 0
    outer loop
      vertex 8.10554 37.2796 2
      vertex 7.87487 37.0251 30
      vertex 7.87487 37.0251 2
    endloop
  endfacet
  facet normal -0.243111 0.969998 0
    outer loop
      vertex 124.717 8.83275 2
      vertex 124.384 8.74929 30
      vertex 124.717 8.83275 30
    endloop
  endfacet
  facet normal -0.243111 0.969998 0
    outer loop
      vertex 124.384 8.74929 30
      vertex 124.717 8.83275 2
      vertex 124.384 8.74929 2
    endloop
  endfacet
  facet normal -0.903827 -0.427899 0
    outer loop
      vertex 122.313 3.75011 2
      vertex 122.166 4.06061 30
      vertex 122.166 4.06061 2
    endloop
  endfacet
  facet normal -0.903827 -0.427899 0
    outer loop
      vertex 122.166 4.06061 30
      vertex 122.313 3.75011 2
      vertex 122.313 3.75011 30
    endloop
  endfacet
  facet normal 0.514882 0.857261 -0
    outer loop
      vertex 127.344 8.31014 2
      vertex 127.05 8.48672 30
      vertex 127.344 8.31014 30
    endloop
  endfacet
  facet normal 0.514882 0.857261 0
    outer loop
      vertex 127.05 8.48672 30
      vertex 127.344 8.31014 2
      vertex 127.05 8.48672 2
    endloop
  endfacet
  facet normal 0.516438 -0.856324 0
    outer loop
      vertex 127.195 2.4 2
      vertex 127.344 2.48986 30
      vertex 127.195 2.4 30
    endloop
  endfacet
  facet normal 0.516438 -0.856324 0
    outer loop
      vertex 127.344 2.48986 30
      vertex 127.195 2.4 2
      vertex 127.344 2.48986 2
    endloop
  endfacet
  facet normal -0.969658 0.244466 0
    outer loop
      vertex 121.967 6.08282 2
      vertex 122.051 6.416 30
      vertex 122.051 6.416 2
    endloop
  endfacet
  facet normal -0.969658 0.244466 0
    outer loop
      vertex 122.051 6.416 30
      vertex 121.967 6.08282 2
      vertex 121.967 6.08282 30
    endloop
  endfacet
  facet normal -0.670843 0.7416 0
    outer loop
      vertex 123.18 8.10554 2
      vertex 122.925 7.87487 30
      vertex 123.18 8.10554 30
    endloop
  endfacet
  facet normal -0.670843 0.7416 0
    outer loop
      vertex 122.925 7.87487 30
      vertex 123.18 8.10554 2
      vertex 122.925 7.87487 2
    endloop
  endfacet
  facet normal -0.514882 0.857261 0
    outer loop
      vertex 123.75 8.48672 2
      vertex 123.456 8.31014 30
      vertex 123.75 8.48672 30
    endloop
  endfacet
  facet normal -0.514882 0.857261 0
    outer loop
      vertex 123.456 8.31014 30
      vertex 123.75 8.48672 2
      vertex 123.456 8.31014 2
    endloop
  endfacet
  facet normal -0.804053 0.594558 0
    outer loop
      vertex 122.49 7.3445 2
      vertex 122.694 7.62038 30
      vertex 122.694 7.62038 2
    endloop
  endfacet
  facet normal -0.804053 0.594558 0
    outer loop
      vertex 122.694 7.62038 30
      vertex 122.49 7.3445 2
      vertex 122.49 7.3445 30
    endloop
  endfacet
  facet normal -0.942199 0.335053 0
    outer loop
      vertex 122.051 6.416 2
      vertex 122.166 6.73939 30
      vertex 122.166 6.73939 2
    endloop
  endfacet
  facet normal -0.942199 0.335053 0
    outer loop
      vertex 122.166 6.73939 30
      vertex 122.051 6.416 2
      vertex 122.051 6.416 30
    endloop
  endfacet
  facet normal 0.59552 0.803341 -0
    outer loop
      vertex 127.62 8.10554 2
      vertex 127.344 8.31014 30
      vertex 127.62 8.10554 30
    endloop
  endfacet
  facet normal 0.59552 0.803341 0
    outer loop
      vertex 127.344 8.31014 30
      vertex 127.62 8.10554 2
      vertex 127.344 8.31014 2
    endloop
  endfacet
  facet normal -0.903827 0.427899 0
    outer loop
      vertex 122.166 6.73939 2
      vertex 122.313 7.04989 30
      vertex 122.313 7.04989 2
    endloop
  endfacet
  facet normal -0.903827 0.427899 0
    outer loop
      vertex 122.313 7.04989 30
      vertex 122.166 6.73939 2
      vertex 122.166 6.73939 30
    endloop
  endfacet
  facet normal 0.804053 -0.594558 0
    outer loop
      vertex 128.106 3.17962 30
      vertex 128.31 3.4555 2
      vertex 128.31 3.4555 30
    endloop
  endfacet
  facet normal 0.804053 -0.594558 0
    outer loop
      vertex 128.31 3.4555 2
      vertex 128.106 3.17962 30
      vertex 128.106 3.17962 2
    endloop
  endfacet
  facet normal 0.146633 0.989191 -0
    outer loop
      vertex 126.083 8.83275 2
      vertex 125.743 8.88315 30
      vertex 126.083 8.83275 30
    endloop
  endfacet
  facet normal 0.146633 0.989191 0
    outer loop
      vertex 125.743 8.88315 30
      vertex 126.083 8.83275 2
      vertex 125.743 8.88315 2
    endloop
  endfacet
  facet normal -0.989344 0.145595 0
    outer loop
      vertex 121.917 5.74306 2
      vertex 121.967 6.08282 30
      vertex 121.967 6.08282 2
    endloop
  endfacet
  facet normal -0.989344 0.145595 0
    outer loop
      vertex 121.967 6.08282 30
      vertex 121.917 5.74306 2
      vertex 121.917 5.74306 30
    endloop
  endfacet
  facet normal 0.804053 0.594558 0
    outer loop
      vertex 128.31 7.3445 30
      vertex 128.106 7.62038 2
      vertex 128.106 7.62038 30
    endloop
  endfacet
  facet normal 0.804053 0.594558 0
    outer loop
      vertex 128.106 7.62038 2
      vertex 128.31 7.3445 30
      vertex 128.31 7.3445 2
    endloop
  endfacet
  facet normal 0.0490662 0.998796 -0
    outer loop
      vertex 125.743 8.88315 2
      vertex 125.4 8.9 30
      vertex 125.743 8.88315 30
    endloop
  endfacet
  facet normal 0.0490662 0.998796 0
    outer loop
      vertex 125.4 8.9 30
      vertex 125.743 8.88315 2
      vertex 125.4 8.9 2
    endloop
  endfacet
  facet normal -0.146633 0.989191 0
    outer loop
      vertex 125.057 8.88315 2
      vertex 124.717 8.83275 30
      vertex 125.057 8.88315 30
    endloop
  endfacet
  facet normal -0.146633 0.989191 0
    outer loop
      vertex 124.717 8.83275 30
      vertex 125.057 8.88315 2
      vertex 124.717 8.83275 2
    endloop
  endfacet
  facet normal -0.857192 -0.514996 0
    outer loop
      vertex 122.49 3.4555 2
      vertex 122.313 3.75011 30
      vertex 122.313 3.75011 2
    endloop
  endfacet
  facet normal -0.857192 -0.514996 0
    outer loop
      vertex 122.313 3.75011 30
      vertex 122.49 3.4555 2
      vertex 122.49 3.4555 30
    endloop
  endfacet
  facet normal -0.942199 -0.335053 0
    outer loop
      vertex 122.166 4.06061 2
      vertex 122.051 4.384 30
      vertex 122.051 4.384 2
    endloop
  endfacet
  facet normal -0.942199 -0.335053 0
    outer loop
      vertex 122.051 4.384 30
      vertex 122.166 4.06061 2
      vertex 122.166 4.06061 30
    endloop
  endfacet
  facet normal -0.427004 0.90425 0
    outer loop
      vertex 124.061 8.63358 2
      vertex 123.75 8.48672 30
      vertex 124.061 8.63358 30
    endloop
  endfacet
  facet normal -0.427004 0.90425 0
    outer loop
      vertex 123.75 8.48672 30
      vertex 124.061 8.63358 2
      vertex 123.75 8.48672 2
    endloop
  endfacet
  facet normal -0.59552 -0.803341 0
    outer loop
      vertex 123.18 2.69446 2
      vertex 123.456 2.48986 30
      vertex 123.18 2.69446 30
    endloop
  endfacet
  facet normal -0.59552 -0.803341 -0
    outer loop
      vertex 123.456 2.48986 30
      vertex 123.18 2.69446 2
      vertex 123.456 2.48986 2
    endloop
  endfacet
  facet normal -0.857192 0.514996 0
    outer loop
      vertex 122.313 7.04989 2
      vertex 122.49 7.3445 30
      vertex 122.49 7.3445 2
    endloop
  endfacet
  facet normal -0.857192 0.514996 0
    outer loop
      vertex 122.49 7.3445 30
      vertex 122.313 7.04989 2
      vertex 122.313 7.04989 30
    endloop
  endfacet
  facet normal -0.998774 -0.0494933 0
    outer loop
      vertex 121.917 5.05694 2
      vertex 121.9 5.4 30
      vertex 121.9 5.4 2
    endloop
  endfacet
  facet normal -0.998774 -0.0494933 0
    outer loop
      vertex 121.9 5.4 30
      vertex 121.917 5.05694 2
      vertex 121.917 5.05694 30
    endloop
  endfacet
  facet normal 0.670843 0.7416 -0
    outer loop
      vertex 127.875 7.87487 2
      vertex 127.62 8.10554 30
      vertex 127.875 7.87487 30
    endloop
  endfacet
  facet normal 0.670843 0.7416 0
    outer loop
      vertex 127.62 8.10554 30
      vertex 127.875 7.87487 2
      vertex 127.62 8.10554 2
    endloop
  endfacet
  facet normal 0.337248 0.941416 -0
    outer loop
      vertex 126.739 8.63358 2
      vertex 126.416 8.74929 30
      vertex 126.739 8.63358 30
    endloop
  endfacet
  facet normal 0.337248 0.941416 0
    outer loop
      vertex 126.416 8.74929 30
      vertex 126.739 8.63358 2
      vertex 126.416 8.74929 2
    endloop
  endfacet
  facet normal -0.337248 0.941416 0
    outer loop
      vertex 124.384 8.74929 2
      vertex 124.061 8.63358 30
      vertex 124.384 8.74929 30
    endloop
  endfacet
  facet normal -0.337248 0.941416 0
    outer loop
      vertex 124.061 8.63358 30
      vertex 124.384 8.74929 2
      vertex 124.061 8.63358 2
    endloop
  endfacet
  facet normal -0.516438 -0.856324 0
    outer loop
      vertex 123.456 2.48986 2
      vertex 123.605 2.4 30
      vertex 123.456 2.48986 30
    endloop
  endfacet
  facet normal -0.516438 -0.856324 -0
    outer loop
      vertex 123.605 2.4 30
      vertex 123.456 2.48986 2
      vertex 123.605 2.4 2
    endloop
  endfacet
  facet normal 0.857372 -0.514698 0
    outer loop
      vertex 128.31 3.4555 30
      vertex 128.4 3.60542 2
      vertex 128.4 3.60542 30
    endloop
  endfacet
  facet normal 0.857372 -0.514698 0
    outer loop
      vertex 128.4 3.60542 2
      vertex 128.31 3.4555 30
      vertex 128.31 3.4555 2
    endloop
  endfacet
  facet normal 0.427004 0.90425 -0
    outer loop
      vertex 127.05 8.48672 2
      vertex 126.739 8.63358 30
      vertex 127.05 8.48672 30
    endloop
  endfacet
  facet normal 0.427004 0.90425 0
    outer loop
      vertex 126.739 8.63358 30
      vertex 127.05 8.48672 2
      vertex 126.739 8.63358 2
    endloop
  endfacet
  facet normal 0.857372 0.514698 0
    outer loop
      vertex 128.4 7.19458 30
      vertex 128.31 7.3445 2
      vertex 128.31 7.3445 30
    endloop
  endfacet
  facet normal 0.857372 0.514698 0
    outer loop
      vertex 128.31 7.3445 2
      vertex 128.4 7.19458 30
      vertex 128.4 7.19458 2
    endloop
  endfacet
  facet normal -0.0490662 0.998796 0
    outer loop
      vertex 125.4 8.9 2
      vertex 125.057 8.88315 30
      vertex 125.4 8.9 30
    endloop
  endfacet
  facet normal -0.0490662 0.998796 0
    outer loop
      vertex 125.057 8.88315 30
      vertex 125.4 8.9 2
      vertex 125.057 8.88315 2
    endloop
  endfacet
  facet normal -0.59552 0.803341 0
    outer loop
      vertex 123.456 8.31014 2
      vertex 123.18 8.10554 30
      vertex 123.456 8.31014 30
    endloop
  endfacet
  facet normal -0.59552 0.803341 0
    outer loop
      vertex 123.18 8.10554 30
      vertex 123.456 8.31014 2
      vertex 123.18 8.10554 2
    endloop
  endfacet
  facet normal -0.740453 0.672108 0
    outer loop
      vertex 122.694 7.62038 2
      vertex 122.925 7.87487 30
      vertex 122.925 7.87487 2
    endloop
  endfacet
  facet normal -0.740453 0.672108 0
    outer loop
      vertex 122.925 7.87487 30
      vertex 122.694 7.62038 2
      vertex 122.694 7.62038 30
    endloop
  endfacet
  facet normal 0.670843 -0.7416 0
    outer loop
      vertex 127.62 2.69446 2
      vertex 127.875 2.92513 30
      vertex 127.62 2.69446 30
    endloop
  endfacet
  facet normal 0.670843 -0.7416 0
    outer loop
      vertex 127.875 2.92513 30
      vertex 127.62 2.69446 2
      vertex 127.875 2.92513 2
    endloop
  endfacet
  facet normal -0.670843 -0.7416 0
    outer loop
      vertex 122.925 2.92513 2
      vertex 123.18 2.69446 30
      vertex 122.925 2.92513 30
    endloop
  endfacet
  facet normal -0.670843 -0.7416 -0
    outer loop
      vertex 123.18 2.69446 30
      vertex 122.925 2.92513 2
      vertex 123.18 2.69446 2
    endloop
  endfacet
  facet normal 0.243111 0.969998 -0
    outer loop
      vertex 126.416 8.74929 2
      vertex 126.083 8.83275 30
      vertex 126.416 8.74929 30
    endloop
  endfacet
  facet normal 0.243111 0.969998 0
    outer loop
      vertex 126.083 8.83275 30
      vertex 126.416 8.74929 2
      vertex 126.083 8.83275 2
    endloop
  endfacet
  facet normal -0.969658 -0.244466 0
    outer loop
      vertex 122.051 4.384 2
      vertex 121.967 4.71718 30
      vertex 121.967 4.71718 2
    endloop
  endfacet
  facet normal -0.969658 -0.244466 0
    outer loop
      vertex 121.967 4.71718 30
      vertex 122.051 4.384 2
      vertex 122.051 4.384 30
    endloop
  endfacet
  facet normal -0.740453 -0.672108 0
    outer loop
      vertex 122.925 2.92513 2
      vertex 122.694 3.17962 30
      vertex 122.694 3.17962 2
    endloop
  endfacet
  facet normal -0.740453 -0.672108 0
    outer loop
      vertex 122.694 3.17962 30
      vertex 122.925 2.92513 2
      vertex 122.925 2.92513 30
    endloop
  endfacet
  facet normal -0.989344 -0.145595 0
    outer loop
      vertex 121.967 4.71718 2
      vertex 121.917 5.05694 30
      vertex 121.917 5.05694 2
    endloop
  endfacet
  facet normal -0.989344 -0.145595 0
    outer loop
      vertex 121.917 5.05694 30
      vertex 121.967 4.71718 2
      vertex 121.967 4.71718 30
    endloop
  endfacet
  facet normal 0.740453 0.672108 0
    outer loop
      vertex 128.106 7.62038 30
      vertex 127.875 7.87487 2
      vertex 127.875 7.87487 30
    endloop
  endfacet
  facet normal 0.740453 0.672108 0
    outer loop
      vertex 127.875 7.87487 2
      vertex 128.106 7.62038 30
      vertex 128.106 7.62038 2
    endloop
  endfacet
  facet normal 0.59552 -0.803341 0
    outer loop
      vertex 127.344 2.48986 2
      vertex 127.62 2.69446 30
      vertex 127.344 2.48986 30
    endloop
  endfacet
  facet normal 0.59552 -0.803341 0
    outer loop
      vertex 127.62 2.69446 30
      vertex 127.344 2.48986 2
      vertex 127.62 2.69446 2
    endloop
  endfacet
  facet normal -0.804053 -0.594558 0
    outer loop
      vertex 122.694 3.17962 2
      vertex 122.49 3.4555 30
      vertex 122.49 3.4555 2
    endloop
  endfacet
  facet normal -0.804053 -0.594558 0
    outer loop
      vertex 122.49 3.4555 30
      vertex 122.694 3.17962 2
      vertex 122.694 3.17962 30
    endloop
  endfacet
  facet normal -0.998774 0.0494933 0
    outer loop
      vertex 121.9 5.4 2
      vertex 121.917 5.74306 30
      vertex 121.917 5.74306 2
    endloop
  endfacet
  facet normal -0.998774 0.0494933 0
    outer loop
      vertex 121.917 5.74306 30
      vertex 121.9 5.4 2
      vertex 121.9 5.4 30
    endloop
  endfacet
  facet normal 0.740453 -0.672108 0
    outer loop
      vertex 127.875 2.92513 30
      vertex 128.106 3.17962 2
      vertex 128.106 3.17962 30
    endloop
  endfacet
  facet normal 0.740453 -0.672108 0
    outer loop
      vertex 128.106 3.17962 2
      vertex 127.875 2.92513 30
      vertex 127.875 2.92513 2
    endloop
  endfacet
  facet normal -0.903827 -0.427899 0
    outer loop
      vertex 122.313 37.8501 2
      vertex 122.166 38.1606 30
      vertex 122.166 38.1606 2
    endloop
  endfacet
  facet normal -0.903827 -0.427899 0
    outer loop
      vertex 122.166 38.1606 30
      vertex 122.313 37.8501 2
      vertex 122.313 37.8501 30
    endloop
  endfacet
  facet normal 0.516607 0.856223 -0
    outer loop
      vertex 127.344 42.4101 2
      vertex 127.195 42.5 30
      vertex 127.344 42.4101 30
    endloop
  endfacet
  facet normal 0.516607 0.856223 0
    outer loop
      vertex 127.195 42.5 30
      vertex 127.344 42.4101 2
      vertex 127.195 42.5 2
    endloop
  endfacet
  facet normal 0.514924 -0.857236 0
    outer loop
      vertex 127.05 36.4133 2
      vertex 127.344 36.5899 30
      vertex 127.05 36.4133 30
    endloop
  endfacet
  facet normal 0.514924 -0.857236 0
    outer loop
      vertex 127.344 36.5899 30
      vertex 127.05 36.4133 2
      vertex 127.344 36.5899 2
    endloop
  endfacet
  facet normal 0.337223 -0.941425 0
    outer loop
      vertex 126.416 36.1507 2
      vertex 126.739 36.2664 30
      vertex 126.416 36.1507 30
    endloop
  endfacet
  facet normal 0.337223 -0.941425 0
    outer loop
      vertex 126.739 36.2664 30
      vertex 126.416 36.1507 2
      vertex 126.739 36.2664 2
    endloop
  endfacet
  facet normal -0.969661 0.244452 0
    outer loop
      vertex 121.967 40.1828 2
      vertex 122.051 40.516 30
      vertex 122.051 40.516 2
    endloop
  endfacet
  facet normal -0.969661 0.244452 0
    outer loop
      vertex 122.051 40.516 30
      vertex 121.967 40.1828 2
      vertex 121.967 40.1828 30
    endloop
  endfacet
  facet normal -0.670731 0.741701 0
    outer loop
      vertex 123.18 42.2055 2
      vertex 122.925 41.9749 30
      vertex 123.18 42.2055 30
    endloop
  endfacet
  facet normal -0.670731 0.741701 0
    outer loop
      vertex 122.925 41.9749 30
      vertex 123.18 42.2055 2
      vertex 122.925 41.9749 2
    endloop
  endfacet
  facet normal -0.516607 0.856223 0
    outer loop
      vertex 123.605 42.5 2
      vertex 123.456 42.4101 30
      vertex 123.605 42.5 30
    endloop
  endfacet
  facet normal -0.516607 0.856223 0
    outer loop
      vertex 123.456 42.4101 30
      vertex 123.605 42.5 2
      vertex 123.456 42.4101 2
    endloop
  endfacet
  facet normal 0.146633 -0.989191 0
    outer loop
      vertex 125.743 36.0169 2
      vertex 126.083 36.0673 30
      vertex 125.743 36.0169 30
    endloop
  endfacet
  facet normal 0.146633 -0.989191 0
    outer loop
      vertex 126.083 36.0673 30
      vertex 125.743 36.0169 2
      vertex 126.083 36.0673 2
    endloop
  endfacet
  facet normal -0.804073 0.59453 0
    outer loop
      vertex 122.49 41.4445 2
      vertex 122.694 41.7204 30
      vertex 122.694 41.7204 2
    endloop
  endfacet
  facet normal -0.804073 0.59453 0
    outer loop
      vertex 122.694 41.7204 30
      vertex 122.49 41.4445 2
      vertex 122.49 41.4445 30
    endloop
  endfacet
  facet normal -0.942202 0.335044 0
    outer loop
      vertex 122.051 40.516 2
      vertex 122.166 40.8394 30
      vertex 122.166 40.8394 2
    endloop
  endfacet
  facet normal -0.942202 0.335044 0
    outer loop
      vertex 122.166 40.8394 30
      vertex 122.051 40.516 2
      vertex 122.051 40.516 30
    endloop
  endfacet
  facet normal -0.337223 -0.941425 0
    outer loop
      vertex 124.061 36.2664 2
      vertex 124.384 36.1507 30
      vertex 124.061 36.2664 30
    endloop
  endfacet
  facet normal -0.337223 -0.941425 -0
    outer loop
      vertex 124.384 36.1507 30
      vertex 124.061 36.2664 2
      vertex 124.384 36.1507 2
    endloop
  endfacet
  facet normal 0.59552 0.803341 -0
    outer loop
      vertex 127.62 42.2055 2
      vertex 127.344 42.4101 30
      vertex 127.62 42.2055 30
    endloop
  endfacet
  facet normal 0.59552 0.803341 0
    outer loop
      vertex 127.344 42.4101 30
      vertex 127.62 42.2055 2
      vertex 127.344 42.4101 2
    endloop
  endfacet
  facet normal -0.903827 0.427899 0
    outer loop
      vertex 122.166 40.8394 2
      vertex 122.313 41.1499 30
      vertex 122.313 41.1499 2
    endloop
  endfacet
  facet normal -0.903827 0.427899 0
    outer loop
      vertex 122.313 41.1499 30
      vertex 122.166 40.8394 2
      vertex 122.166 40.8394 30
    endloop
  endfacet
  facet normal 0.804073 -0.59453 0
    outer loop
      vertex 128.106 37.2796 30
      vertex 128.31 37.5555 2
      vertex 128.31 37.5555 30
    endloop
  endfacet
  facet normal 0.804073 -0.59453 0
    outer loop
      vertex 128.31 37.5555 2
      vertex 128.106 37.2796 30
      vertex 128.106 37.2796 2
    endloop
  endfacet
  facet normal -0.989341 0.14562 0
    outer loop
      vertex 121.917 39.8431 2
      vertex 121.967 40.1828 30
      vertex 121.967 40.1828 2
    endloop
  endfacet
  facet normal -0.989341 0.14562 0
    outer loop
      vertex 121.967 40.1828 30
      vertex 121.917 39.8431 2
      vertex 121.917 39.8431 30
    endloop
  endfacet
  facet normal 0.804073 0.59453 0
    outer loop
      vertex 128.31 41.4445 30
      vertex 128.106 41.7204 2
      vertex 128.106 41.7204 30
    endloop
  endfacet
  facet normal 0.804073 0.59453 0
    outer loop
      vertex 128.106 41.7204 2
      vertex 128.31 41.4445 30
      vertex 128.31 41.4445 2
    endloop
  endfacet
  facet normal -0.857185 -0.515009 0
    outer loop
      vertex 122.49 37.5555 2
      vertex 122.313 37.8501 30
      vertex 122.313 37.8501 2
    endloop
  endfacet
  facet normal -0.857185 -0.515009 0
    outer loop
      vertex 122.313 37.8501 30
      vertex 122.49 37.5555 2
      vertex 122.49 37.5555 30
    endloop
  endfacet
  facet normal -0.942202 -0.335044 0
    outer loop
      vertex 122.166 38.1606 2
      vertex 122.051 38.484 30
      vertex 122.051 38.484 2
    endloop
  endfacet
  facet normal -0.942202 -0.335044 0
    outer loop
      vertex 122.051 38.484 30
      vertex 122.166 38.1606 2
      vertex 122.166 38.1606 30
    endloop
  endfacet
  facet normal -0.59552 -0.803341 0
    outer loop
      vertex 123.18 36.7945 2
      vertex 123.456 36.5899 30
      vertex 123.18 36.7945 30
    endloop
  endfacet
  facet normal -0.59552 -0.803341 -0
    outer loop
      vertex 123.456 36.5899 30
      vertex 123.18 36.7945 2
      vertex 123.456 36.5899 2
    endloop
  endfacet
  facet normal -0.857185 0.515009 0
    outer loop
      vertex 122.313 41.1499 2
      vertex 122.49 41.4445 30
      vertex 122.49 41.4445 2
    endloop
  endfacet
  facet normal -0.857185 0.515009 0
    outer loop
      vertex 122.49 41.4445 30
      vertex 122.313 41.1499 2
      vertex 122.313 41.1499 30
    endloop
  endfacet
  facet normal 0.242947 -0.97004 0
    outer loop
      vertex 126.083 36.0673 2
      vertex 126.416 36.1507 30
      vertex 126.083 36.0673 30
    endloop
  endfacet
  facet normal 0.242947 -0.97004 0
    outer loop
      vertex 126.416 36.1507 30
      vertex 126.083 36.0673 2
      vertex 126.416 36.1507 2
    endloop
  endfacet
  facet normal 0.857341 0.514748 0
    outer loop
      vertex 128.4 41.2946 30
      vertex 128.31 41.4445 2
      vertex 128.31 41.4445 30
    endloop
  endfacet
  facet normal 0.857341 0.514748 0
    outer loop
      vertex 128.31 41.4445 2
      vertex 128.4 41.2946 30
      vertex 128.4 41.2946 2
    endloop
  endfacet
  facet normal -0.998775 -0.0494875 0
    outer loop
      vertex 121.917 39.1569 2
      vertex 121.9 39.5 30
      vertex 121.9 39.5 2
    endloop
  endfacet
  facet normal -0.998775 -0.0494875 0
    outer loop
      vertex 121.9 39.5 30
      vertex 121.917 39.1569 2
      vertex 121.917 39.1569 30
    endloop
  endfacet
  facet normal 0.670731 0.741701 -0
    outer loop
      vertex 127.875 41.9749 2
      vertex 127.62 42.2055 30
      vertex 127.875 41.9749 30
    endloop
  endfacet
  facet normal 0.670731 0.741701 0
    outer loop
      vertex 127.62 42.2055 30
      vertex 127.875 41.9749 2
      vertex 127.62 42.2055 2
    endloop
  endfacet
  facet normal -0.514924 -0.857236 0
    outer loop
      vertex 123.456 36.5899 2
      vertex 123.75 36.4133 30
      vertex 123.456 36.5899 30
    endloop
  endfacet
  facet normal -0.514924 -0.857236 -0
    outer loop
      vertex 123.75 36.4133 30
      vertex 123.456 36.5899 2
      vertex 123.75 36.4133 2
    endloop
  endfacet
  facet normal 0.857341 -0.514748 0
    outer loop
      vertex 128.31 37.5555 30
      vertex 128.4 37.7054 2
      vertex 128.4 37.7054 30
    endloop
  endfacet
  facet normal 0.857341 -0.514748 0
    outer loop
      vertex 128.4 37.7054 2
      vertex 128.31 37.5555 30
      vertex 128.31 37.5555 2
    endloop
  endfacet
  facet normal -0.146633 -0.989191 0
    outer loop
      vertex 124.717 36.0673 2
      vertex 125.057 36.0169 30
      vertex 124.717 36.0673 30
    endloop
  endfacet
  facet normal -0.146633 -0.989191 -0
    outer loop
      vertex 125.057 36.0169 30
      vertex 124.717 36.0673 2
      vertex 125.057 36.0169 2
    endloop
  endfacet
  facet normal -0.59552 0.803341 0
    outer loop
      vertex 123.456 42.4101 2
      vertex 123.18 42.2055 30
      vertex 123.456 42.4101 30
    endloop
  endfacet
  facet normal -0.59552 0.803341 0
    outer loop
      vertex 123.18 42.2055 30
      vertex 123.456 42.4101 2
      vertex 123.18 42.2055 2
    endloop
  endfacet
  facet normal -0.0492114 -0.998788 0
    outer loop
      vertex 125.057 36.0169 2
      vertex 125.4 36 30
      vertex 125.057 36.0169 30
    endloop
  endfacet
  facet normal -0.0492114 -0.998788 -0
    outer loop
      vertex 125.4 36 30
      vertex 125.057 36.0169 2
      vertex 125.4 36 2
    endloop
  endfacet
  facet normal -0.740466 0.672093 0
    outer loop
      vertex 122.694 41.7204 2
      vertex 122.925 41.9749 30
      vertex 122.925 41.9749 2
    endloop
  endfacet
  facet normal -0.740466 0.672093 0
    outer loop
      vertex 122.925 41.9749 30
      vertex 122.694 41.7204 2
      vertex 122.694 41.7204 30
    endloop
  endfacet
  facet normal 0.0492114 -0.998788 0
    outer loop
      vertex 125.4 36 2
      vertex 125.743 36.0169 30
      vertex 125.4 36 30
    endloop
  endfacet
  facet normal 0.0492114 -0.998788 0
    outer loop
      vertex 125.743 36.0169 30
      vertex 125.4 36 2
      vertex 125.743 36.0169 2
    endloop
  endfacet
  facet normal -0.242947 -0.97004 0
    outer loop
      vertex 124.384 36.1507 2
      vertex 124.717 36.0673 30
      vertex 124.384 36.1507 30
    endloop
  endfacet
  facet normal -0.242947 -0.97004 -0
    outer loop
      vertex 124.717 36.0673 30
      vertex 124.384 36.1507 2
      vertex 124.717 36.0673 2
    endloop
  endfacet
  facet normal 0.670731 -0.741701 0
    outer loop
      vertex 127.62 36.7945 2
      vertex 127.875 37.0251 30
      vertex 127.62 36.7945 30
    endloop
  endfacet
  facet normal 0.670731 -0.741701 0
    outer loop
      vertex 127.875 37.0251 30
      vertex 127.62 36.7945 2
      vertex 127.875 37.0251 2
    endloop
  endfacet
  facet normal -0.670731 -0.741701 0
    outer loop
      vertex 122.925 37.0251 2
      vertex 123.18 36.7945 30
      vertex 122.925 37.0251 30
    endloop
  endfacet
  facet normal -0.670731 -0.741701 -0
    outer loop
      vertex 123.18 36.7945 30
      vertex 122.925 37.0251 2
      vertex 123.18 36.7945 2
    endloop
  endfacet
  facet normal -0.969661 -0.244452 0
    outer loop
      vertex 122.051 38.484 2
      vertex 121.967 38.8172 30
      vertex 121.967 38.8172 2
    endloop
  endfacet
  facet normal -0.969661 -0.244452 0
    outer loop
      vertex 121.967 38.8172 30
      vertex 122.051 38.484 2
      vertex 122.051 38.484 30
    endloop
  endfacet
  facet normal -0.427099 -0.904205 0
    outer loop
      vertex 123.75 36.4133 2
      vertex 124.061 36.2664 30
      vertex 123.75 36.4133 30
    endloop
  endfacet
  facet normal -0.427099 -0.904205 -0
    outer loop
      vertex 124.061 36.2664 30
      vertex 123.75 36.4133 2
      vertex 124.061 36.2664 2
    endloop
  endfacet
  facet normal -0.740466 -0.672093 0
    outer loop
      vertex 122.925 37.0251 2
      vertex 122.694 37.2796 30
      vertex 122.694 37.2796 2
    endloop
  endfacet
  facet normal -0.740466 -0.672093 0
    outer loop
      vertex 122.694 37.2796 30
      vertex 122.925 37.0251 2
      vertex 122.925 37.0251 30
    endloop
  endfacet
  facet normal 0.427099 -0.904205 0
    outer loop
      vertex 126.739 36.2664 2
      vertex 127.05 36.4133 30
      vertex 126.739 36.2664 30
    endloop
  endfacet
  facet normal 0.427099 -0.904205 0
    outer loop
      vertex 127.05 36.4133 30
      vertex 126.739 36.2664 2
      vertex 127.05 36.4133 2
    endloop
  endfacet
  facet normal -0.989341 -0.14562 0
    outer loop
      vertex 121.967 38.8172 2
      vertex 121.917 39.1569 30
      vertex 121.917 39.1569 2
    endloop
  endfacet
  facet normal -0.989341 -0.14562 0
    outer loop
      vertex 121.917 39.1569 30
      vertex 121.967 38.8172 2
      vertex 121.967 38.8172 30
    endloop
  endfacet
  facet normal 0.740466 0.672093 0
    outer loop
      vertex 128.106 41.7204 30
      vertex 127.875 41.9749 2
      vertex 127.875 41.9749 30
    endloop
  endfacet
  facet normal 0.740466 0.672093 0
    outer loop
      vertex 127.875 41.9749 2
      vertex 128.106 41.7204 30
      vertex 128.106 41.7204 2
    endloop
  endfacet
  facet normal 0.59552 -0.803341 0
    outer loop
      vertex 127.344 36.5899 2
      vertex 127.62 36.7945 30
      vertex 127.344 36.5899 30
    endloop
  endfacet
  facet normal 0.59552 -0.803341 0
    outer loop
      vertex 127.62 36.7945 30
      vertex 127.344 36.5899 2
      vertex 127.62 36.7945 2
    endloop
  endfacet
  facet normal -0.804073 -0.59453 0
    outer loop
      vertex 122.694 37.2796 2
      vertex 122.49 37.5555 30
      vertex 122.49 37.5555 2
    endloop
  endfacet
  facet normal -0.804073 -0.59453 0
    outer loop
      vertex 122.49 37.5555 30
      vertex 122.694 37.2796 2
      vertex 122.694 37.2796 30
    endloop
  endfacet
  facet normal -0.998775 0.0494875 0
    outer loop
      vertex 121.9 39.5 2
      vertex 121.917 39.8431 30
      vertex 121.917 39.8431 2
    endloop
  endfacet
  facet normal -0.998775 0.0494875 0
    outer loop
      vertex 121.917 39.8431 30
      vertex 121.9 39.5 2
      vertex 121.9 39.5 30
    endloop
  endfacet
  facet normal 0.740466 -0.672093 0
    outer loop
      vertex 127.875 37.0251 30
      vertex 128.106 37.2796 2
      vertex 128.106 37.2796 30
    endloop
  endfacet
  facet normal 0.740466 -0.672093 0
    outer loop
      vertex 128.106 37.2796 2
      vertex 127.875 37.0251 30
      vertex 127.875 37.0251 2
    endloop
  endfacet
  facet normal 0 0 1
    outer loop
      vertex 30.1 26.8 6
      vertex 28.9 26.8 6
      vertex 30.1 5.1 6
    endloop
  endfacet
  facet normal 0 0 1
    outer loop
      vertex 48.1 26.8 6
      vertex 46.7 26.8 6
      vertex 48.1 5.1 6
    endloop
  endfacet
  facet normal 0 0 1
    outer loop
      vertex 66.1 26.8 6
      vertex 64.7 26.8 6
      vertex 66.1 5.1 6
    endloop
  endfacet
  facet normal 0 0 1
    outer loop
      vertex 84.1 26.8 6
      vertex 82.7 26.8 6
      vertex 84.1 5.1 6
    endloop
  endfacet
  facet normal 0 0 1
    outer loop
      vertex 100.7 5.1 6
      vertex 101.9 26.8 6
      vertex 100.7 26.8 6
    endloop
  endfacet
  facet normal 0 0 1
    outer loop
      vertex 101.9 26.8 6
      vertex 100.7 5.1 6
      vertex 101.9 3.9 6
    endloop
  endfacet
  facet normal -0 0 1
    outer loop
      vertex 84.1 5.1 6
      vertex 101.9 3.9 6
      vertex 100.7 5.1 6
    endloop
  endfacet
  facet normal 0 0 1
    outer loop
      vertex 82.7 5.1 6
      vertex 84.1 5.1 6
      vertex 82.7 26.8 6
    endloop
  endfacet
  facet normal -0 0 1
    outer loop
      vertex 82.7 5.1 6
      vertex 101.9 3.9 6
      vertex 84.1 5.1 6
    endloop
  endfacet
  facet normal -0 0 1
    outer loop
      vertex 66.1 5.1 6
      vertex 101.9 3.9 6
      vertex 82.7 5.1 6
    endloop
  endfacet
  facet normal 0 0 1
    outer loop
      vertex 64.7 5.1 6
      vertex 66.1 5.1 6
      vertex 64.7 26.8 6
    endloop
  endfacet
  facet normal -0 0 1
    outer loop
      vertex 64.7 5.1 6
      vertex 101.9 3.9 6
      vertex 66.1 5.1 6
    endloop
  endfacet
  facet normal 0 0 1
    outer loop
      vertex 28.9 3.9 6
      vertex 64.7 5.1 6
      vertex 48.1 5.1 6
    endloop
  endfacet
  facet normal 0 0 1
    outer loop
      vertex 46.7 5.1 6
      vertex 48.1 5.1 6
      vertex 46.7 26.8 6
    endloop
  endfacet
  facet normal 0 0 1
    outer loop
      vertex 28.9 3.9 6
      vertex 48.1 5.1 6
      vertex 46.7 5.1 6
    endloop
  endfacet
  facet normal 0 0 1
    outer loop
      vertex 28.9 3.9 6
      vertex 46.7 5.1 6
      vertex 30.1 5.1 6
    endloop
  endfacet
  facet normal 0 0 1
    outer loop
      vertex 64.7 5.1 6
      vertex 28.9 3.9 6
      vertex 101.9 3.9 6
    endloop
  endfacet
  facet normal 0 0 1
    outer loop
      vertex 28.9 3.9 6
      vertex 30.1 5.1 6
      vertex 28.9 26.8 6
    endloop
  endfacet
  facet normal -1 0 0
    outer loop
      vertex 28.9 3.9 2
      vertex 28.9 26.8 6
      vertex 28.9 26.8 2
    endloop
  endfacet
  facet normal -1 -0 0
    outer loop
      vertex 28.9 26.8 6
      vertex 28.9 3.9 2
      vertex 28.9 3.9 6
    endloop
  endfacet
  facet normal 0 1 -0
    outer loop
      vertex 46.7 5.1 2
      vertex 30.1 5.1 6
      vertex 46.7 5.1 6
    endloop
  endfacet
  facet normal 0 1 0
    outer loop
      vertex 30.1 5.1 6
      vertex 46.7 5.1 2
      vertex 30.1 5.1 2
    endloop
  endfacet
  facet normal 0 -1 0
    outer loop
      vertex 28.9 3.9 2
      vertex 101.9 3.9 6
      vertex 28.9 3.9 6
    endloop
  endfacet
  facet normal 0 -1 -0
    outer loop
      vertex 101.9 3.9 6
      vertex 28.9 3.9 2
      vertex 101.9 3.9 2
    endloop
  endfacet
  facet normal 1 -0 0
    outer loop
      vertex 30.1 5.1 6
      vertex 30.1 26.8 2
      vertex 30.1 26.8 6
    endloop
  endfacet
  facet normal 1 0 0
    outer loop
      vertex 30.1 26.8 2
      vertex 30.1 5.1 6
      vertex 30.1 5.1 2
    endloop
  endfacet
  facet normal 0 1 -0
    outer loop
      vertex 30.1 26.8 2
      vertex 28.9 26.8 6
      vertex 30.1 26.8 6
    endloop
  endfacet
  facet normal 0 1 0
    outer loop
      vertex 28.9 26.8 6
      vertex 30.1 26.8 2
      vertex 28.9 26.8 2
    endloop
  endfacet
  facet normal -1 0 0
    outer loop
      vertex 46.7 5.1 2
      vertex 46.7 26.8 6
      vertex 46.7 26.8 2
    endloop
  endfacet
  facet normal -1 -0 0
    outer loop
      vertex 46.7 26.8 6
      vertex 46.7 5.1 2
      vertex 46.7 5.1 6
    endloop
  endfacet
  facet normal 0 1 -0
    outer loop
      vertex 48.1 26.8 2
      vertex 46.7 26.8 6
      vertex 48.1 26.8 6
    endloop
  endfacet
  facet normal 0 1 0
    outer loop
      vertex 46.7 26.8 6
      vertex 48.1 26.8 2
      vertex 46.7 26.8 2
    endloop
  endfacet
  facet normal 0 1 -0
    outer loop
      vertex 64.7 5.1 2
      vertex 48.1 5.1 6
      vertex 64.7 5.1 6
    endloop
  endfacet
  facet normal 0 1 0
    outer loop
      vertex 48.1 5.1 6
      vertex 64.7 5.1 2
      vertex 48.1 5.1 2
    endloop
  endfacet
  facet normal 1 -0 0
    outer loop
      vertex 48.1 5.1 6
      vertex 48.1 26.8 2
      vertex 48.1 26.8 6
    endloop
  endfacet
  facet normal 1 0 0
    outer loop
      vertex 48.1 26.8 2
      vertex 48.1 5.1 6
      vertex 48.1 5.1 2
    endloop
  endfacet
  facet normal -1 0 0
    outer loop
      vertex 64.7 5.1 2
      vertex 64.7 26.8 6
      vertex 64.7 26.8 2
    endloop
  endfacet
  facet normal -1 -0 0
    outer loop
      vertex 64.7 26.8 6
      vertex 64.7 5.1 2
      vertex 64.7 5.1 6
    endloop
  endfacet
  facet normal 0 1 -0
    outer loop
      vertex 66.1 26.8 2
      vertex 64.7 26.8 6
      vertex 66.1 26.8 6
    endloop
  endfacet
  facet normal 0 1 0
    outer loop
      vertex 64.7 26.8 6
      vertex 66.1 26.8 2
      vertex 64.7 26.8 2
    endloop
  endfacet
  facet normal 0 1 -0
    outer loop
      vertex 82.7 5.1 2
      vertex 66.1 5.1 6
      vertex 82.7 5.1 6
    endloop
  endfacet
  facet normal 0 1 0
    outer loop
      vertex 66.1 5.1 6
      vertex 82.7 5.1 2
      vertex 66.1 5.1 2
    endloop
  endfacet
  facet normal 1 -0 0
    outer loop
      vertex 66.1 5.1 6
      vertex 66.1 26.8 2
      vertex 66.1 26.8 6
    endloop
  endfacet
  facet normal 1 0 0
    outer loop
      vertex 66.1 26.8 2
      vertex 66.1 5.1 6
      vertex 66.1 5.1 2
    endloop
  endfacet
  facet normal -1 0 0
    outer loop
      vertex 82.7 5.1 2
      vertex 82.7 26.8 6
      vertex 82.7 26.8 2
    endloop
  endfacet
  facet normal -1 -0 0
    outer loop
      vertex 82.7 26.8 6
      vertex 82.7 5.1 2
      vertex 82.7 5.1 6
    endloop
  endfacet
  facet normal 0 1 -0
    outer loop
      vertex 84.1 26.8 2
      vertex 82.7 26.8 6
      vertex 84.1 26.8 6
    endloop
  endfacet
  facet normal 0 1 0
    outer loop
      vertex 82.7 26.8 6
      vertex 84.1 26.8 2
      vertex 82.7 26.8 2
    endloop
  endfacet
  facet normal 1 -0 0
    outer loop
      vertex 101.9 3.9 6
      vertex 101.9 26.8 2
      vertex 101.9 26.8 6
    endloop
  endfacet
  facet normal 1 0 0
    outer loop
      vertex 101.9 26.8 2
      vertex 101.9 3.9 6
      vertex 101.9 3.9 2
    endloop
  endfacet
  facet normal 0 1 -0
    outer loop
      vertex 100.7 5.1 2
      vertex 84.1 5.1 6
      vertex 100.7 5.1 6
    endloop
  endfacet
  facet normal 0 1 0
    outer loop
      vertex 84.1 5.1 6
      vertex 100.7 5.1 2
      vertex 84.1 5.1 2
    endloop
  endfacet
  facet normal 1 -0 0
    outer loop
      vertex 84.1 5.1 6
      vertex 84.1 26.8 2
      vertex 84.1 26.8 6
    endloop
  endfacet
  facet normal 1 0 0
    outer loop
      vertex 84.1 26.8 2
      vertex 84.1 5.1 6
      vertex 84.1 5.1 2
    endloop
  endfacet
  facet normal -1 0 0
    outer loop
      vertex 100.7 5.1 2
      vertex 100.7 26.8 6
      vertex 100.7 26.8 2
    endloop
  endfacet
  facet normal -1 -0 0
    outer loop
      vertex 100.7 26.8 6
      vertex 100.7 5.1 2
      vertex 100.7 5.1 6
    endloop
  endfacet
  facet normal 0 1 -0
    outer loop
      vertex 101.9 26.8 2
      vertex 100.7 26.8 6
      vertex 101.9 26.8 6
    endloop
  endfacet
  facet normal 0 1 0
    outer loop
      vertex 100.7 26.8 6
      vertex 101.9 26.8 2
      vertex 100.7 26.8 2
    endloop
  endfacet
  facet normal 1 -0 0
    outer loop
      vertex 15.4 11.45 7
      vertex 15.4 33.45 2
      vertex 15.4 33.45 7
    endloop
  endfacet
  facet normal 1 0 0
    outer loop
      vertex 15.4 33.45 2
      vertex 15.4 11.45 7
      vertex 15.4 11.45 2
    endloop
  endfacet
  facet normal -0 0 1
    outer loop
      vertex 5.4 33.45 7
      vertex 15.4 11.45 7
      vertex 15.4 33.45 7
    endloop
  endfacet
  facet normal 0 0 1
    outer loop
      vertex 15.4 11.45 7
      vertex 5.4 33.45 7
      vertex 5.4 11.45 7
    endloop
  endfacet
  facet normal -1 0 0
    outer loop
      vertex 5.4 11.45 2
      vertex 5.4 33.45 7
      vertex 5.4 33.45 2
    endloop
  endfacet
  facet normal -1 -0 0
    outer loop
      vertex 5.4 33.45 7
      vertex 5.4 11.45 2
      vertex 5.4 11.45 7
    endloop
  endfacet
  facet normal 0 1 0
    outer loop
      vertex 15.4 33.45 7
      vertex 13.4 33.45 5.2
      vertex 5.4 33.45 7
    endloop
  endfacet
  facet normal 0 1 -0
    outer loop
      vertex 15.4 33.45 2
      vertex 13.4 33.45 5.2
      vertex 15.4 33.45 7
    endloop
  endfacet
  facet normal 0 1 0
    outer loop
      vertex 13.4 33.45 3
      vertex 15.4 33.45 2
      vertex 7.4 33.45 3
    endloop
  endfacet
  facet normal 0 1 0
    outer loop
      vertex 13.4 33.45 5.2
      vertex 15.4 33.45 2
      vertex 13.4 33.45 3
    endloop
  endfacet
  facet normal 0 1 -0
    outer loop
      vertex 7.4 33.45 5.2
      vertex 5.4 33.45 7
      vertex 13.4 33.45 5.2
    endloop
  endfacet
  facet normal 0 1 0
    outer loop
      vertex 5.4 33.45 2
      vertex 7.4 33.45 5.2
      vertex 7.4 33.45 3
    endloop
  endfacet
  facet normal 0 1 0
    outer loop
      vertex 7.4 33.45 5.2
      vertex 5.4 33.45 2
      vertex 5.4 33.45 7
    endloop
  endfacet
  facet normal 0 1 0
    outer loop
      vertex 5.4 33.45 2
      vertex 7.4 33.45 3
      vertex 15.4 33.45 2
    endloop
  endfacet
  facet normal 0 -1 0
    outer loop
      vertex 5.4 11.45 7
      vertex 7.4 11.45 5.2
      vertex 15.4 11.45 7
    endloop
  endfacet
  facet normal 0 -1 0
    outer loop
      vertex 5.4 11.45 2
      vertex 7.4 11.45 5.2
      vertex 5.4 11.45 7
    endloop
  endfacet
  facet normal 0 -1 -0
    outer loop
      vertex 7.4 11.45 3
      vertex 5.4 11.45 2
      vertex 13.4 11.45 3
    endloop
  endfacet
  facet normal 0 -1 -0
    outer loop
      vertex 7.4 11.45 5.2
      vertex 5.4 11.45 2
      vertex 7.4 11.45 3
    endloop
  endfacet
  facet normal 0 -1 0
    outer loop
      vertex 13.4 11.45 5.2
      vertex 15.4 11.45 7
      vertex 7.4 11.45 5.2
    endloop
  endfacet
  facet normal 0 -1 0
    outer loop
      vertex 15.4 11.45 2
      vertex 13.4 11.45 5.2
      vertex 13.4 11.45 3
    endloop
  endfacet
  facet normal 0 -1 0
    outer loop
      vertex 13.4 11.45 5.2
      vertex 15.4 11.45 2
      vertex 15.4 11.45 7
    endloop
  endfacet
  facet normal 0 -1 0
    outer loop
      vertex 15.4 11.45 2
      vertex 13.4 11.45 3
      vertex 5.4 11.45 2
    endloop
  endfacet
  facet normal -1 0 0
    outer loop
      vertex 13.4 11.45 3
      vertex 13.4 33.45 5.2
      vertex 13.4 33.45 3
    endloop
  endfacet
  facet normal -1 -0 0
    outer loop
      vertex 13.4 33.45 5.2
      vertex 13.4 11.45 3
      vertex 13.4 11.45 5.2
    endloop
  endfacet
  facet normal 0 0 -1
    outer loop
      vertex 7.4 11.45 5.2
      vertex 13.4 33.45 5.2
      vertex 13.4 11.45 5.2
    endloop
  endfacet
  facet normal -0 0 -1
    outer loop
      vertex 13.4 33.45 5.2
      vertex 7.4 11.45 5.2
      vertex 7.4 33.45 5.2
    endloop
  endfacet
  facet normal -0 0 1
    outer loop
      vertex 7.4 33.45 3
      vertex 13.4 11.45 3
      vertex 13.4 33.45 3
    endloop
  endfacet
  facet normal 0 0 1
    outer loop
      vertex 13.4 11.45 3
      vertex 7.4 33.45 3
      vertex 7.4 11.45 3
    endloop
  endfacet
  facet normal 1 -0 0
    outer loop
      vertex 7.4 11.45 5.2
      vertex 7.4 33.45 3
      vertex 7.4 33.45 5.2
    endloop
  endfacet
  facet normal 1 0 0
    outer loop
      vertex 7.4 33.45 3
      vertex 7.4 11.45 5.2
      vertex 7.4 11.45 3
    endloop
  endfacet
  facet normal 1 -0 0
    outer loop
      vertex 125.4 11.45 7
      vertex 125.4 33.45 2
      vertex 125.4 33.45 7
    endloop
  endfacet
  facet normal 1 0 0
    outer loop
      vertex 125.4 33.45 2
      vertex 125.4 11.45 7
      vertex 125.4 11.45 2
    endloop
  endfacet
  facet normal -0 0 1
    outer loop
      vertex 115.4 33.45 7
      vertex 125.4 11.45 7
      vertex 125.4 33.45 7
    endloop
  endfacet
  facet normal 0 0 1
    outer loop
      vertex 125.4 11.45 7
      vertex 115.4 33.45 7
      vertex 115.4 11.45 7
    endloop
  endfacet
  facet normal -1 0 0
    outer loop
      vertex 115.4 11.45 2
      vertex 115.4 33.45 7
      vertex 115.4 33.45 2
    endloop
  endfacet
  facet normal -1 -0 0
    outer loop
      vertex 115.4 33.45 7
      vertex 115.4 11.45 2
      vertex 115.4 11.45 7
    endloop
  endfacet
  facet normal 0 1 0
    outer loop
      vertex 125.4 33.45 7
      vertex 123.4 33.45 5.2
      vertex 115.4 33.45 7
    endloop
  endfacet
  facet normal 0 1 -0
    outer loop
      vertex 125.4 33.45 2
      vertex 123.4 33.45 5.2
      vertex 125.4 33.45 7
    endloop
  endfacet
  facet normal 0 1 0
    outer loop
      vertex 123.4 33.45 3
      vertex 125.4 33.45 2
      vertex 117.4 33.45 3
    endloop
  endfacet
  facet normal 0 1 0
    outer loop
      vertex 123.4 33.45 5.2
      vertex 125.4 33.45 2
      vertex 123.4 33.45 3
    endloop
  endfacet
  facet normal 0 1 -0
    outer loop
      vertex 117.4 33.45 5.2
      vertex 115.4 33.45 7
      vertex 123.4 33.45 5.2
    endloop
  endfacet
  facet normal 0 1 0
    outer loop
      vertex 115.4 33.45 2
      vertex 117.4 33.45 5.2
      vertex 117.4 33.45 3
    endloop
  endfacet
  facet normal 0 1 0
    outer loop
      vertex 117.4 33.45 5.2
      vertex 115.4 33.45 2
      vertex 115.4 33.45 7
    endloop
  endfacet
  facet normal 0 1 0
    outer loop
      vertex 115.4 33.45 2
      vertex 117.4 33.45 3
      vertex 125.4 33.45 2
    endloop
  endfacet
  facet normal 0 -1 0
    outer loop
      vertex 115.4 11.45 7
      vertex 117.4 11.45 5.2
      vertex 125.4 11.45 7
    endloop
  endfacet
  facet normal 0 -1 0
    outer loop
      vertex 115.4 11.45 2
      vertex 117.4 11.45 5.2
      vertex 115.4 11.45 7
    endloop
  endfacet
  facet normal 0 -1 -0
    outer loop
      vertex 117.4 11.45 3
      vertex 115.4 11.45 2
      vertex 123.4 11.45 3
    endloop
  endfacet
  facet normal 0 -1 -0
    outer loop
      vertex 117.4 11.45 5.2
      vertex 115.4 11.45 2
      vertex 117.4 11.45 3
    endloop
  endfacet
  facet normal 0 -1 0
    outer loop
      vertex 123.4 11.45 5.2
      vertex 125.4 11.45 7
      vertex 117.4 11.45 5.2
    endloop
  endfacet
  facet normal 0 -1 0
    outer loop
      vertex 125.4 11.45 2
      vertex 123.4 11.45 5.2
      vertex 123.4 11.45 3
    endloop
  endfacet
  facet normal 0 -1 0
    outer loop
      vertex 123.4 11.45 5.2
      vertex 125.4 11.45 2
      vertex 125.4 11.45 7
    endloop
  endfacet
  facet normal 0 -1 0
    outer loop
      vertex 125.4 11.45 2
      vertex 123.4 11.45 3
      vertex 115.4 11.45 2
    endloop
  endfacet
  facet normal -1 0 0
    outer loop
      vertex 123.4 11.45 3
      vertex 123.4 33.45 5.2
      vertex 123.4 33.45 3
    endloop
  endfacet
  facet normal -1 -0 0
    outer loop
      vertex 123.4 33.45 5.2
      vertex 123.4 11.45 3
      vertex 123.4 11.45 5.2
    endloop
  endfacet
  facet normal 0 0 -1
    outer loop
      vertex 117.4 11.45 5.2
      vertex 123.4 33.45 5.2
      vertex 123.4 11.45 5.2
    endloop
  endfacet
  facet normal -0 0 -1
    outer loop
      vertex 123.4 33.45 5.2
      vertex 117.4 11.45 5.2
      vertex 117.4 33.45 5.2
    endloop
  endfacet
  facet normal -0 0 1
    outer loop
      vertex 117.4 33.45 3
      vertex 123.4 11.45 3
      vertex 123.4 33.45 3
    endloop
  endfacet
  facet normal 0 0 1
    outer loop
      vertex 123.4 11.45 3
      vertex 117.4 33.45 3
      vertex 117.4 11.45 3
    endloop
  endfacet
  facet normal 1 -0 0
    outer loop
      vertex 117.4 11.45 5.2
      vertex 117.4 33.45 3
      vertex 117.4 33.45 5.2
    endloop
  endfacet
  facet normal 1 0 0
    outer loop
      vertex 117.4 33.45 3
      vertex 117.4 11.45 5.2
      vertex 117.4 11.45 3
    endloop
  endfacet
  facet normal 0 -0.242974 0.970033
    outer loop
      vertex 0 25.1496 7.10045
      vertex 2.4 24.2643 6.8787
      vertex 2.4 25.1496 7.10045
    endloop
  endfacet
  facet normal 0 -0.242974 0.970033
    outer loop
      vertex 2.4 24.2643 6.8787
      vertex 0 25.1496 7.10045
      vertex 0 24.2643 6.8787
    endloop
  endfacet
  facet normal 0 -0.595675 0.803225
    outer loop
      vertex 0 28.3499 8.811
      vertex 2.4 27.6168 8.26733
      vertex 2.4 28.3499 8.811
    endloop
  endfacet
  facet normal 0 -0.595675 0.803225
    outer loop
      vertex 2.4 27.6168 8.26733
      vertex 0 28.3499 8.811
      vertex 0 27.6168 8.26733
    endloop
  endfacet
  facet normal 0 -0.0490633 0.998796
    outer loop
      vertex 0 23.3616 6.74478
      vertex 2.4 22.45 6.7
      vertex 2.4 23.3616 6.74478
    endloop
  endfacet
  facet normal 0 -0.0490633 0.998796
    outer loop
      vertex 2.4 22.45 6.7
      vertex 0 23.3616 6.74478
      vertex 0 22.45 6.7
    endloop
  endfacet
  facet normal 0 0.857725 0.514109
    outer loop
      vertex 2.4 14.7173 10.8332
      vertex 0 14.2481 11.616
      vertex 2.4 14.2481 11.616
    endloop
  endfacet
  facet normal 0 0.857725 0.514109
    outer loop
      vertex 0 14.2481 11.616
      vertex 2.4 14.7173 10.8332
      vertex 0 14.7173 10.8332
    endloop
  endfacet
  facet normal 0 0.941578 0.336794
    outer loop
      vertex 2.4 13.8579 12.441
      vertex 0 13.5505 13.3004
      vertex 2.4 13.5505 13.3004
    endloop
  endfacet
  facet normal 0 0.941578 0.336794
    outer loop
      vertex 0 13.5505 13.3004
      vertex 2.4 13.8579 12.441
      vertex 0 13.8579 12.441
    endloop
  endfacet
  facet normal 0 0.97002 0.243025
    outer loop
      vertex 2.4 13.5505 13.3004
      vertex 0 13.3287 14.1857
      vertex 2.4 13.3287 14.1857
    endloop
  endfacet
  facet normal 0 0.97002 0.243025
    outer loop
      vertex 0 13.3287 14.1857
      vertex 2.4 13.5505 13.3004
      vertex 0 13.5505 13.3004
    endloop
  endfacet
  facet normal 0 -0.989177 0.146727
    outer loop
      vertex 0 31.5713 14.1857
      vertex 2.4 31.7052 15.0884
      vertex 0 31.7052 15.0884
    endloop
  endfacet
  facet normal 0 -0.989177 0.146727
    outer loop
      vertex 2.4 31.7052 15.0884
      vertex 0 31.5713 14.1857
      vertex 2.4 31.5713 14.1857
    endloop
  endfacet
  facet normal -0 0.595675 0.803225
    outer loop
      vertex 0 17.2832 8.26733
      vertex 2.4 16.5501 8.811
      vertex 2.4 17.2832 8.26733
    endloop
  endfacet
  facet normal 0 0.595675 0.803225
    outer loop
      vertex 2.4 16.5501 8.811
      vertex 0 17.2832 8.26733
      vertex 0 16.5501 8.811
    endloop
  endfacet
  facet normal 0 -0.941578 0.336794
    outer loop
      vertex 0 31.0421 12.441
      vertex 2.4 31.3495 13.3004
      vertex 0 31.3495 13.3004
    endloop
  endfacet
  facet normal 0 -0.941578 0.336794
    outer loop
      vertex 2.4 31.3495 13.3004
      vertex 0 31.0421 12.441
      vertex 2.4 31.0421 12.441
    endloop
  endfacet
  facet normal 0 -0.427568 0.903983
    outer loop
      vertex 0 26.834 7.79813
      vertex 2.4 26.009 7.40792
      vertex 2.4 26.834 7.79813
    endloop
  endfacet
  facet normal 0 -0.427568 0.903983
    outer loop
      vertex 2.4 26.009 7.40792
      vertex 0 26.834 7.79813
      vertex 0 26.009 7.40792
    endloop
  endfacet
  facet normal 0 -0.80321 0.595696
    outer loop
      vertex 0 29.639 10.1001
      vertex 2.4 30.1827 10.8332
      vertex 0 30.1827 10.8332
    endloop
  endfacet
  facet normal 0 -0.80321 0.595696
    outer loop
      vertex 2.4 30.1827 10.8332
      vertex 0 29.639 10.1001
      vertex 2.4 29.639 10.1001
    endloop
  endfacet
  facet normal 0 -0.857725 0.514109
    outer loop
      vertex 0 30.1827 10.8332
      vertex 2.4 30.6519 11.616
      vertex 0 30.6519 11.616
    endloop
  endfacet
  facet normal 0 -0.857725 0.514109
    outer loop
      vertex 2.4 30.6519 11.616
      vertex 0 30.1827 10.8332
      vertex 2.4 30.1827 10.8332
    endloop
  endfacet
  facet normal -0 0.0490633 0.998796
    outer loop
      vertex 0 22.45 6.7
      vertex 2.4 21.5384 6.74478
      vertex 2.4 22.45 6.7
    endloop
  endfacet
  facet normal 0 0.0490633 0.998796
    outer loop
      vertex 2.4 21.5384 6.74478
      vertex 0 22.45 6.7
      vertex 0 21.5384 6.74478
    endloop
  endfacet
  facet normal -0 0.427568 0.903983
    outer loop
      vertex 0 18.891 7.40792
      vertex 2.4 18.066 7.79813
      vertex 2.4 18.891 7.40792
    endloop
  endfacet
  facet normal 0 0.427568 0.903983
    outer loop
      vertex 2.4 18.066 7.79813
      vertex 0 18.891 7.40792
      vertex 0 18.066 7.79813
    endloop
  endfacet
  facet normal 0 -0.146749 0.989174
    outer loop
      vertex 0 24.2643 6.8787
      vertex 2.4 23.3616 6.74478
      vertex 2.4 24.2643 6.8787
    endloop
  endfacet
  facet normal 0 -0.146749 0.989174
    outer loop
      vertex 2.4 23.3616 6.74478
      vertex 0 24.2643 6.8787
      vertex 0 23.3616 6.74478
    endloop
  endfacet
  facet normal 0 -0.336862 0.941554
    outer loop
      vertex 0 26.009 7.40792
      vertex 2.4 25.1496 7.10045
      vertex 2.4 26.009 7.40792
    endloop
  endfacet
  facet normal 0 -0.336862 0.941554
    outer loop
      vertex 2.4 25.1496 7.10045
      vertex 0 26.009 7.40792
      vertex 0 25.1496 7.10045
    endloop
  endfacet
  facet normal -0 0.242974 0.970033
    outer loop
      vertex 0 20.6357 6.8787
      vertex 2.4 19.7504 7.10045
      vertex 2.4 20.6357 6.8787
    endloop
  endfacet
  facet normal 0 0.242974 0.970033
    outer loop
      vertex 2.4 19.7504 7.10045
      vertex 0 20.6357 6.8787
      vertex 0 19.7504 7.10045
    endloop
  endfacet
  facet normal -0 0.146749 0.989174
    outer loop
      vertex 0 21.5384 6.74478
      vertex 2.4 20.6357 6.8787
      vertex 2.4 21.5384 6.74478
    endloop
  endfacet
  facet normal 0 0.146749 0.989174
    outer loop
      vertex 2.4 20.6357 6.8787
      vertex 0 21.5384 6.74478
      vertex 0 20.6357 6.8787
    endloop
  endfacet
  facet normal 0 0.989177 0.146727
    outer loop
      vertex 2.4 13.3287 14.1857
      vertex 0 13.1948 15.0884
      vertex 2.4 13.1948 15.0884
    endloop
  endfacet
  facet normal 0 0.989177 0.146727
    outer loop
      vertex 0 13.1948 15.0884
      vertex 2.4 13.3287 14.1857
      vertex 0 13.3287 14.1857
    endloop
  endfacet
  facet normal -0 0.514109 0.857725
    outer loop
      vertex 0 18.066 7.79813
      vertex 2.4 17.2832 8.26733
      vertex 2.4 18.066 7.79813
    endloop
  endfacet
  facet normal 0 0.514109 0.857725
    outer loop
      vertex 2.4 17.2832 8.26733
      vertex 0 18.066 7.79813
      vertex 0 17.2832 8.26733
    endloop
  endfacet
  facet normal -0 0.336862 0.941554
    outer loop
      vertex 0 19.7504 7.10045
      vertex 2.4 18.891 7.40792
      vertex 2.4 19.7504 7.10045
    endloop
  endfacet
  facet normal 0 0.336862 0.941554
    outer loop
      vertex 2.4 18.891 7.40792
      vertex 0 19.7504 7.10045
      vertex 0 18.891 7.40792
    endloop
  endfacet
  facet normal 0 -0.903988 0.427559
    outer loop
      vertex 0 30.6519 11.616
      vertex 2.4 31.0421 12.441
      vertex 0 31.0421 12.441
    endloop
  endfacet
  facet normal 0 -0.903988 0.427559
    outer loop
      vertex 2.4 31.0421 12.441
      vertex 0 30.6519 11.616
      vertex 2.4 30.6519 11.616
    endloop
  endfacet
  facet normal 0 -0.998795 0.0490851
    outer loop
      vertex 0 31.7052 15.0884
      vertex 2.4 31.75 16
      vertex 0 31.75 16
    endloop
  endfacet
  facet normal 0 -0.998795 0.0490851
    outer loop
      vertex 2.4 31.75 16
      vertex 0 31.7052 15.0884
      vertex 2.4 31.7052 15.0884
    endloop
  endfacet
  facet normal 0 -0.514109 0.857725
    outer loop
      vertex 0 27.6168 8.26733
      vertex 2.4 26.834 7.79813
      vertex 2.4 27.6168 8.26733
    endloop
  endfacet
  facet normal 0 -0.514109 0.857725
    outer loop
      vertex 2.4 26.834 7.79813
      vertex 0 27.6168 8.26733
      vertex 0 26.834 7.79813
    endloop
  endfacet
  facet normal 0 0.740931 0.671581
    outer loop
      vertex 2.4 15.8739 9.42391
      vertex 0 15.261 10.1001
      vertex 2.4 15.261 10.1001
    endloop
  endfacet
  facet normal 0 0.740931 0.671581
    outer loop
      vertex 0 15.261 10.1001
      vertex 2.4 15.8739 9.42391
      vertex 0 15.8739 9.42391
    endloop
  endfacet
  facet normal 0 -0.671582 0.74093
    outer loop
      vertex 0 29.0261 9.42391
      vertex 2.4 28.3499 8.811
      vertex 2.4 29.0261 9.42391
    endloop
  endfacet
  facet normal 0 -0.671582 0.74093
    outer loop
      vertex 2.4 28.3499 8.811
      vertex 0 29.0261 9.42391
      vertex 0 28.3499 8.811
    endloop
  endfacet
  facet normal 0 -0.740931 0.671581
    outer loop
      vertex 0 29.0261 9.42391
      vertex 2.4 29.639 10.1001
      vertex 0 29.639 10.1001
    endloop
  endfacet
  facet normal 0 -0.740931 0.671581
    outer loop
      vertex 2.4 29.639 10.1001
      vertex 0 29.0261 9.42391
      vertex 2.4 29.0261 9.42391
    endloop
  endfacet
  facet normal 0 -0.97002 0.243025
    outer loop
      vertex 0 31.3495 13.3004
      vertex 2.4 31.5713 14.1857
      vertex 0 31.5713 14.1857
    endloop
  endfacet
  facet normal 0 -0.97002 0.243025
    outer loop
      vertex 2.4 31.5713 14.1857
      vertex 0 31.3495 13.3004
      vertex 2.4 31.3495 13.3004
    endloop
  endfacet
  facet normal 0 0.903988 0.427559
    outer loop
      vertex 2.4 14.2481 11.616
      vertex 0 13.8579 12.441
      vertex 2.4 13.8579 12.441
    endloop
  endfacet
  facet normal 0 0.903988 0.427559
    outer loop
      vertex 0 13.8579 12.441
      vertex 2.4 14.2481 11.616
      vertex 0 14.2481 11.616
    endloop
  endfacet
  facet normal 0 0.998795 0.0490851
    outer loop
      vertex 2.4 13.1948 15.0884
      vertex 0 13.15 16
      vertex 2.4 13.15 16
    endloop
  endfacet
  facet normal 0 0.998795 0.0490851
    outer loop
      vertex 0 13.15 16
      vertex 2.4 13.1948 15.0884
      vertex 0 13.1948 15.0884
    endloop
  endfacet
  facet normal 0 0.80321 0.595696
    outer loop
      vertex 2.4 15.261 10.1001
      vertex 0 14.7173 10.8332
      vertex 2.4 14.7173 10.8332
    endloop
  endfacet
  facet normal 0 0.80321 0.595696
    outer loop
      vertex 0 14.7173 10.8332
      vertex 2.4 15.261 10.1001
      vertex 0 15.261 10.1001
    endloop
  endfacet
  facet normal -0 0.671582 0.74093
    outer loop
      vertex 0 16.5501 8.811
      vertex 2.4 15.8739 9.42391
      vertex 2.4 16.5501 8.811
    endloop
  endfacet
  facet normal 0 0.671582 0.74093
    outer loop
      vertex 2.4 15.8739 9.42391
      vertex 0 16.5501 8.811
      vertex 0 15.8739 9.42391
    endloop
  endfacet
  facet normal 0 -1 0
    outer loop
      vertex 0 31.75 16
      vertex 2.4 31.75 30
      vertex 0 31.75 30
    endloop
  endfacet
  facet normal 0 -1 -0
    outer loop
      vertex 2.4 31.75 30
      vertex 0 31.75 16
      vertex 2.4 31.75 16
    endloop
  endfacet
  facet normal 0 1 -0
    outer loop
      vertex 2.4 13.15 16
      vertex 0 13.15 30
      vertex 2.4 13.15 30
    endloop
  endfacet
  facet normal 0 1 0
    outer loop
      vertex 0 13.15 30
      vertex 2.4 13.15 16
      vertex 0 13.15 16
    endloop
  endfacet
  facet normal 0 -0.242974 0.970033
    outer loop
      vertex 128.4 25.1496 7.10045
      vertex 130.8 24.2643 6.8787
      vertex 130.8 25.1496 7.10045
    endloop
  endfacet
  facet normal 0 -0.242974 0.970033
    outer loop
      vertex 130.8 24.2643 6.8787
      vertex 128.4 25.1496 7.10045
      vertex 128.4 24.2643 6.8787
    endloop
  endfacet
  facet normal 0 0.903988 0.427559
    outer loop
      vertex 130.8 14.2481 11.616
      vertex 128.4 13.8579 12.441
      vertex 130.8 13.8579 12.441
    endloop
  endfacet
  facet normal 0 0.903988 0.427559
    outer loop
      vertex 128.4 13.8579 12.441
      vertex 130.8 14.2481 11.616
      vertex 128.4 14.2481 11.616
    endloop
  endfacet
  facet normal 0 -0.595675 0.803225
    outer loop
      vertex 128.4 28.3499 8.811
      vertex 130.8 27.6168 8.26733
      vertex 130.8 28.3499 8.811
    endloop
  endfacet
  facet normal 0 -0.595675 0.803225
    outer loop
      vertex 130.8 27.6168 8.26733
      vertex 128.4 28.3499 8.811
      vertex 128.4 27.6168 8.26733
    endloop
  endfacet
  facet normal 0 -0.0490633 0.998796
    outer loop
      vertex 128.4 23.3616 6.74478
      vertex 130.8 22.45 6.7
      vertex 130.8 23.3616 6.74478
    endloop
  endfacet
  facet normal 0 -0.0490633 0.998796
    outer loop
      vertex 130.8 22.45 6.7
      vertex 128.4 23.3616 6.74478
      vertex 128.4 22.45 6.7
    endloop
  endfacet
  facet normal 0 0.857725 0.514109
    outer loop
      vertex 130.8 14.7173 10.8332
      vertex 128.4 14.2481 11.616
      vertex 130.8 14.2481 11.616
    endloop
  endfacet
  facet normal 0 0.857725 0.514109
    outer loop
      vertex 128.4 14.2481 11.616
      vertex 130.8 14.7173 10.8332
      vertex 128.4 14.7173 10.8332
    endloop
  endfacet
  facet normal 0 0.941578 0.336794
    outer loop
      vertex 130.8 13.8579 12.441
      vertex 128.4 13.5505 13.3004
      vertex 130.8 13.5505 13.3004
    endloop
  endfacet
  facet normal 0 0.941578 0.336794
    outer loop
      vertex 128.4 13.5505 13.3004
      vertex 130.8 13.8579 12.441
      vertex 128.4 13.8579 12.441
    endloop
  endfacet
  facet normal 0 0.97002 0.243025
    outer loop
      vertex 130.8 13.5505 13.3004
      vertex 128.4 13.3287 14.1857
      vertex 130.8 13.3287 14.1857
    endloop
  endfacet
  facet normal 0 0.97002 0.243025
    outer loop
      vertex 128.4 13.3287 14.1857
      vertex 130.8 13.5505 13.3004
      vertex 128.4 13.5505 13.3004
    endloop
  endfacet
  facet normal 0 -0.989177 0.146727
    outer loop
      vertex 128.4 31.5713 14.1857
      vertex 130.8 31.7052 15.0884
      vertex 128.4 31.7052 15.0884
    endloop
  endfacet
  facet normal 0 -0.989177 0.146727
    outer loop
      vertex 130.8 31.7052 15.0884
      vertex 128.4 31.5713 14.1857
      vertex 130.8 31.5713 14.1857
    endloop
  endfacet
  facet normal -0 0.595675 0.803225
    outer loop
      vertex 128.4 17.2832 8.26733
      vertex 130.8 16.5501 8.811
      vertex 130.8 17.2832 8.26733
    endloop
  endfacet
  facet normal 0 0.595675 0.803225
    outer loop
      vertex 130.8 16.5501 8.811
      vertex 128.4 17.2832 8.26733
      vertex 128.4 16.5501 8.811
    endloop
  endfacet
  facet normal 0 -0.941578 0.336794
    outer loop
      vertex 128.4 31.0421 12.441
      vertex 130.8 31.3495 13.3004
      vertex 128.4 31.3495 13.3004
    endloop
  endfacet
  facet normal 0 -0.941578 0.336794
    outer loop
      vertex 130.8 31.3495 13.3004
      vertex 128.4 31.0421 12.441
      vertex 130.8 31.0421 12.441
    endloop
  endfacet
  facet normal 0 -0.427568 0.903983
    outer loop
      vertex 128.4 26.834 7.79813
      vertex 130.8 26.009 7.40792
      vertex 130.8 26.834 7.79813
    endloop
  endfacet
  facet normal 0 -0.427568 0.903983
    outer loop
      vertex 130.8 26.009 7.40792
      vertex 128.4 26.834 7.79813
      vertex 128.4 26.009 7.40792
    endloop
  endfacet
  facet normal 0 -0.80321 0.595696
    outer loop
      vertex 128.4 29.639 10.1001
      vertex 130.8 30.1827 10.8332
      vertex 128.4 30.1827 10.8332
    endloop
  endfacet
  facet normal 0 -0.80321 0.595696
    outer loop
      vertex 130.8 30.1827 10.8332
      vertex 128.4 29.639 10.1001
      vertex 130.8 29.639 10.1001
    endloop
  endfacet
  facet normal 0 -0.857725 0.514109
    outer loop
      vertex 128.4 30.1827 10.8332
      vertex 130.8 30.6519 11.616
      vertex 128.4 30.6519 11.616
    endloop
  endfacet
  facet normal 0 -0.857725 0.514109
    outer loop
      vertex 130.8 30.6519 11.616
      vertex 128.4 30.1827 10.8332
      vertex 130.8 30.1827 10.8332
    endloop
  endfacet
  facet normal -0 0.0490633 0.998796
    outer loop
      vertex 128.4 22.45 6.7
      vertex 130.8 21.5384 6.74478
      vertex 130.8 22.45 6.7
    endloop
  endfacet
  facet normal 0 0.0490633 0.998796
    outer loop
      vertex 130.8 21.5384 6.74478
      vertex 128.4 22.45 6.7
      vertex 128.4 21.5384 6.74478
    endloop
  endfacet
  facet normal -0 0.427568 0.903983
    outer loop
      vertex 128.4 18.891 7.40792
      vertex 130.8 18.066 7.79813
      vertex 130.8 18.891 7.40792
    endloop
  endfacet
  facet normal 0 0.427568 0.903983
    outer loop
      vertex 130.8 18.066 7.79813
      vertex 128.4 18.891 7.40792
      vertex 128.4 18.066 7.79813
    endloop
  endfacet
  facet normal 0 -0.146749 0.989174
    outer loop
      vertex 128.4 24.2643 6.8787
      vertex 130.8 23.3616 6.74478
      vertex 130.8 24.2643 6.8787
    endloop
  endfacet
  facet normal 0 -0.146749 0.989174
    outer loop
      vertex 130.8 23.3616 6.74478
      vertex 128.4 24.2643 6.8787
      vertex 128.4 23.3616 6.74478
    endloop
  endfacet
  facet normal 0 -0.336862 0.941554
    outer loop
      vertex 128.4 26.009 7.40792
      vertex 130.8 25.1496 7.10045
      vertex 130.8 26.009 7.40792
    endloop
  endfacet
  facet normal 0 -0.336862 0.941554
    outer loop
      vertex 130.8 25.1496 7.10045
      vertex 128.4 26.009 7.40792
      vertex 128.4 25.1496 7.10045
    endloop
  endfacet
  facet normal -0 0.242974 0.970033
    outer loop
      vertex 128.4 20.6357 6.8787
      vertex 130.8 19.7504 7.10045
      vertex 130.8 20.6357 6.8787
    endloop
  endfacet
  facet normal 0 0.242974 0.970033
    outer loop
      vertex 130.8 19.7504 7.10045
      vertex 128.4 20.6357 6.8787
      vertex 128.4 19.7504 7.10045
    endloop
  endfacet
  facet normal -0 0.146749 0.989174
    outer loop
      vertex 128.4 21.5384 6.74478
      vertex 130.8 20.6357 6.8787
      vertex 130.8 21.5384 6.74478
    endloop
  endfacet
  facet normal 0 0.146749 0.989174
    outer loop
      vertex 130.8 20.6357 6.8787
      vertex 128.4 21.5384 6.74478
      vertex 128.4 20.6357 6.8787
    endloop
  endfacet
  facet normal 0 0.989177 0.146727
    outer loop
      vertex 130.8 13.3287 14.1857
      vertex 128.4 13.1948 15.0884
      vertex 130.8 13.1948 15.0884
    endloop
  endfacet
  facet normal 0 0.989177 0.146727
    outer loop
      vertex 128.4 13.1948 15.0884
      vertex 130.8 13.3287 14.1857
      vertex 128.4 13.3287 14.1857
    endloop
  endfacet
  facet normal -0 0.514109 0.857725
    outer loop
      vertex 128.4 18.066 7.79813
      vertex 130.8 17.2832 8.26733
      vertex 130.8 18.066 7.79813
    endloop
  endfacet
  facet normal 0 0.514109 0.857725
    outer loop
      vertex 130.8 17.2832 8.26733
      vertex 128.4 18.066 7.79813
      vertex 128.4 17.2832 8.26733
    endloop
  endfacet
  facet normal -0 0.336862 0.941554
    outer loop
      vertex 128.4 19.7504 7.10045
      vertex 130.8 18.891 7.40792
      vertex 130.8 19.7504 7.10045
    endloop
  endfacet
  facet normal 0 0.336862 0.941554
    outer loop
      vertex 130.8 18.891 7.40792
      vertex 128.4 19.7504 7.10045
      vertex 128.4 18.891 7.40792
    endloop
  endfacet
  facet normal 0 -0.903988 0.427559
    outer loop
      vertex 128.4 30.6519 11.616
      vertex 130.8 31.0421 12.441
      vertex 128.4 31.0421 12.441
    endloop
  endfacet
  facet normal 0 -0.903988 0.427559
    outer loop
      vertex 130.8 31.0421 12.441
      vertex 128.4 30.6519 11.616
      vertex 130.8 30.6519 11.616
    endloop
  endfacet
  facet normal 0 -0.998795 0.0490851
    outer loop
      vertex 128.4 31.7052 15.0884
      vertex 130.8 31.75 16
      vertex 128.4 31.75 16
    endloop
  endfacet
  facet normal 0 -0.998795 0.0490851
    outer loop
      vertex 130.8 31.75 16
      vertex 128.4 31.7052 15.0884
      vertex 130.8 31.7052 15.0884
    endloop
  endfacet
  facet normal 0 -0.514109 0.857725
    outer loop
      vertex 128.4 27.6168 8.26733
      vertex 130.8 26.834 7.79813
      vertex 130.8 27.6168 8.26733
    endloop
  endfacet
  facet normal 0 -0.514109 0.857725
    outer loop
      vertex 130.8 26.834 7.79813
      vertex 128.4 27.6168 8.26733
      vertex 128.4 26.834 7.79813
    endloop
  endfacet
  facet normal 0 0.740931 0.671581
    outer loop
      vertex 130.8 15.8739 9.42391
      vertex 128.4 15.261 10.1001
      vertex 130.8 15.261 10.1001
    endloop
  endfacet
  facet normal 0 0.740931 0.671581
    outer loop
      vertex 128.4 15.261 10.1001
      vertex 130.8 15.8739 9.42391
      vertex 128.4 15.8739 9.42391
    endloop
  endfacet
  facet normal 0 -0.671582 0.74093
    outer loop
      vertex 128.4 29.0261 9.42391
      vertex 130.8 28.3499 8.811
      vertex 130.8 29.0261 9.42391
    endloop
  endfacet
  facet normal 0 -0.671582 0.74093
    outer loop
      vertex 130.8 28.3499 8.811
      vertex 128.4 29.0261 9.42391
      vertex 128.4 28.3499 8.811
    endloop
  endfacet
  facet normal 0 -0.740931 0.671581
    outer loop
      vertex 128.4 29.0261 9.42391
      vertex 130.8 29.639 10.1001
      vertex 128.4 29.639 10.1001
    endloop
  endfacet
  facet normal 0 -0.740931 0.671581
    outer loop
      vertex 130.8 29.639 10.1001
      vertex 128.4 29.0261 9.42391
      vertex 130.8 29.0261 9.42391
    endloop
  endfacet
  facet normal 0 -0.97002 0.243025
    outer loop
      vertex 128.4 31.3495 13.3004
      vertex 130.8 31.5713 14.1857
      vertex 128.4 31.5713 14.1857
    endloop
  endfacet
  facet normal 0 -0.97002 0.243025
    outer loop
      vertex 130.8 31.5713 14.1857
      vertex 128.4 31.3495 13.3004
      vertex 130.8 31.3495 13.3004
    endloop
  endfacet
  facet normal 0 0.998795 0.0490851
    outer loop
      vertex 130.8 13.1948 15.0884
      vertex 128.4 13.15 16
      vertex 130.8 13.15 16
    endloop
  endfacet
  facet normal 0 0.998795 0.0490851
    outer loop
      vertex 128.4 13.15 16
      vertex 130.8 13.1948 15.0884
      vertex 128.4 13.1948 15.0884
    endloop
  endfacet
  facet normal 0 0.80321 0.595696
    outer loop
      vertex 130.8 15.261 10.1001
      vertex 128.4 14.7173 10.8332
      vertex 130.8 14.7173 10.8332
    endloop
  endfacet
  facet normal 0 0.80321 0.595696
    outer loop
      vertex 128.4 14.7173 10.8332
      vertex 130.8 15.261 10.1001
      vertex 128.4 15.261 10.1001
    endloop
  endfacet
  facet normal -0 0.671582 0.74093
    outer loop
      vertex 128.4 16.5501 8.811
      vertex 130.8 15.8739 9.42391
      vertex 130.8 16.5501 8.811
    endloop
  endfacet
  facet normal 0 0.671582 0.74093
    outer loop
      vertex 130.8 15.8739 9.42391
      vertex 128.4 16.5501 8.811
      vertex 128.4 15.8739 9.42391
    endloop
  endfacet
  facet normal 0 -1 0
    outer loop
      vertex 128.4 31.75 16
      vertex 130.8 31.75 30
      vertex 128.4 31.75 30
    endloop
  endfacet
  facet normal 0 -1 -0
    outer loop
      vertex 130.8 31.75 30
      vertex 128.4 31.75 16
      vertex 130.8 31.75 16
    endloop
  endfacet
  facet normal 0 1 -0
    outer loop
      vertex 130.8 13.15 16
      vertex 128.4 13.15 30
      vertex 130.8 13.15 30
    endloop
  endfacet
  facet normal 0 1 0
    outer loop
      vertex 128.4 13.15 30
      vertex 130.8 13.15 16
      vertex 128.4 13.15 16
    endloop
  endfacet
  facet normal -0.989177 -0.14673 0
    outer loop
      vertex 6.69374 5.52742 16
      vertex 6.67502 5.65362 30
      vertex 6.67502 5.65362 16
    endloop
  endfacet
  facet normal -0.989177 -0.14673 0
    outer loop
      vertex 6.67502 5.65362 30
      vertex 6.69374 5.52742 16
      vertex 6.69374 5.52742 30
    endloop
  endfacet
  facet normal -0.998795 -0.0490697 0
    outer loop
      vertex 6.7 5.4 16
      vertex 6.69374 5.52742 30
      vertex 6.69374 5.52742 16
    endloop
  endfacet
  facet normal -0.998795 -0.0490697 0
    outer loop
      vertex 6.69374 5.52742 30
      vertex 6.7 5.4 16
      vertex 6.7 5.4 30
    endloop
  endfacet
  facet normal -0.970027 -0.242997 0
    outer loop
      vertex 6.67502 5.65362 16
      vertex 6.64402 5.77737 30
      vertex 6.64402 5.77737 16
    endloop
  endfacet
  facet normal -0.970027 -0.242997 0
    outer loop
      vertex 6.64402 5.77737 30
      vertex 6.67502 5.65362 16
      vertex 6.67502 5.65362 30
    endloop
  endfacet
  facet normal -0.336892 0.941543 0
    outer loop
      vertex 5.89749 4.19896 16
      vertex 5.77737 4.15598 30
      vertex 5.89749 4.19896 30
    endloop
  endfacet
  facet normal -0.336892 0.941543 0
    outer loop
      vertex 5.77737 4.15598 30
      vertex 5.89749 4.19896 16
      vertex 5.77737 4.15598 16
    endloop
  endfacet
  facet normal -0.857707 -0.514138 0
    outer loop
      vertex 6.5465 6.01282 16
      vertex 6.48091 6.12224 30
      vertex 6.48091 6.12224 16
    endloop
  endfacet
  facet normal -0.857707 -0.514138 0
    outer loop
      vertex 6.48091 6.12224 30
      vertex 6.5465 6.01282 16
      vertex 6.5465 6.01282 30
    endloop
  endfacet
  facet normal 0.740978 -0.671529 0
    outer loop
      vertex 4.39509 6.22471 30
      vertex 4.48076 6.31924 16
      vertex 4.48076 6.31924 30
    endloop
  endfacet
  facet normal 0.740978 -0.671529 0
    outer loop
      vertex 4.48076 6.31924 16
      vertex 4.39509 6.22471 30
      vertex 4.39509 6.22471 16
    endloop
  endfacet
  facet normal -0.336892 -0.941543 0
    outer loop
      vertex 5.77737 6.64402 16
      vertex 5.89749 6.60104 30
      vertex 5.77737 6.64402 30
    endloop
  endfacet
  facet normal -0.336892 -0.941543 -0
    outer loop
      vertex 5.89749 6.60104 30
      vertex 5.77737 6.64402 16
      vertex 5.89749 6.60104 16
    endloop
  endfacet
  facet normal 0.857707 -0.514138 0
    outer loop
      vertex 4.2535 6.01282 30
      vertex 4.31909 6.12224 16
      vertex 4.31909 6.12224 30
    endloop
  endfacet
  facet normal 0.857707 -0.514138 0
    outer loop
      vertex 4.31909 6.12224 16
      vertex 4.2535 6.01282 30
      vertex 4.2535 6.01282 16
    endloop
  endfacet
  facet normal 0.42751 0.904011 -0
    outer loop
      vertex 4.90251 4.19896 16
      vertex 4.78718 4.2535 30
      vertex 4.90251 4.19896 30
    endloop
  endfacet
  facet normal 0.42751 0.904011 0
    outer loop
      vertex 4.78718 4.2535 30
      vertex 4.90251 4.19896 16
      vertex 4.78718 4.2535 16
    endloop
  endfacet
  facet normal -0.0490697 0.998795 0
    outer loop
      vertex 5.52742 4.10626 16
      vertex 5.4 4.1 30
      vertex 5.52742 4.10626 30
    endloop
  endfacet
  facet normal -0.0490697 0.998795 0
    outer loop
      vertex 5.4 4.1 30
      vertex 5.52742 4.10626 16
      vertex 5.4 4.1 16
    endloop
  endfacet
  facet normal -0.42751 -0.904011 0
    outer loop
      vertex 5.89749 6.60104 16
      vertex 6.01282 6.5465 30
      vertex 5.89749 6.60104 30
    endloop
  endfacet
  facet normal -0.42751 -0.904011 -0
    outer loop
      vertex 6.01282 6.5465 30
      vertex 5.89749 6.60104 16
      vertex 6.01282 6.5465 16
    endloop
  endfacet
  facet normal 0.904011 0.42751 0
    outer loop
      vertex 4.2535 4.78718 30
      vertex 4.19896 4.90251 16
      vertex 4.19896 4.90251 30
    endloop
  endfacet
  facet normal 0.904011 0.42751 0
    outer loop
      vertex 4.19896 4.90251 16
      vertex 4.2535 4.78718 30
      vertex 4.2535 4.78718 16
    endloop
  endfacet
  facet normal -0.671529 -0.740978 0
    outer loop
      vertex 6.22471 6.40491 16
      vertex 6.31924 6.31924 30
      vertex 6.22471 6.40491 30
    endloop
  endfacet
  facet normal -0.671529 -0.740978 -0
    outer loop
      vertex 6.31924 6.31924 30
      vertex 6.22471 6.40491 16
      vertex 6.31924 6.31924 16
    endloop
  endfacet
  facet normal 0.595715 0.803196 -0
    outer loop
      vertex 4.67776 4.31909 16
      vertex 4.57529 4.39509 30
      vertex 4.67776 4.31909 30
    endloop
  endfacet
  facet normal 0.595715 0.803196 0
    outer loop
      vertex 4.57529 4.39509 30
      vertex 4.67776 4.31909 16
      vertex 4.57529 4.39509 16
    endloop
  endfacet
  facet normal -0.242997 0.970027 0
    outer loop
      vertex 5.77737 4.15598 16
      vertex 5.65362 4.12498 30
      vertex 5.77737 4.15598 30
    endloop
  endfacet
  facet normal -0.242997 0.970027 0
    outer loop
      vertex 5.65362 4.12498 30
      vertex 5.77737 4.15598 16
      vertex 5.65362 4.12498 16
    endloop
  endfacet
  facet normal 0.242997 0.970027 -0
    outer loop
      vertex 5.14638 4.12498 16
      vertex 5.02263 4.15598 30
      vertex 5.14638 4.12498 30
    endloop
  endfacet
  facet normal 0.242997 0.970027 0
    outer loop
      vertex 5.02263 4.15598 30
      vertex 5.14638 4.12498 16
      vertex 5.02263 4.15598 16
    endloop
  endfacet
  facet normal -0.970027 0.242997 0
    outer loop
      vertex 6.64402 5.02263 16
      vertex 6.67502 5.14638 30
      vertex 6.67502 5.14638 16
    endloop
  endfacet
  facet normal -0.970027 0.242997 0
    outer loop
      vertex 6.67502 5.14638 30
      vertex 6.64402 5.02263 16
      vertex 6.64402 5.02263 30
    endloop
  endfacet
  facet normal 0.14673 0.989177 -0
    outer loop
      vertex 5.27258 4.10626 16
      vertex 5.14638 4.12498 30
      vertex 5.27258 4.10626 30
    endloop
  endfacet
  facet normal 0.14673 0.989177 0
    outer loop
      vertex 5.14638 4.12498 30
      vertex 5.27258 4.10626 16
      vertex 5.14638 4.12498 16
    endloop
  endfacet
  facet normal 0.595715 -0.803196 0
    outer loop
      vertex 4.57529 6.40491 16
      vertex 4.67776 6.48091 30
      vertex 4.57529 6.40491 30
    endloop
  endfacet
  facet normal 0.595715 -0.803196 0
    outer loop
      vertex 4.67776 6.48091 30
      vertex 4.57529 6.40491 16
      vertex 4.67776 6.48091 16
    endloop
  endfacet
  facet normal 0.998795 0.0490697 0
    outer loop
      vertex 4.10626 5.27258 30
      vertex 4.1 5.4 16
      vertex 4.1 5.4 30
    endloop
  endfacet
  facet normal 0.998795 0.0490697 0
    outer loop
      vertex 4.1 5.4 16
      vertex 4.10626 5.27258 30
      vertex 4.10626 5.27258 16
    endloop
  endfacet
  facet normal 0.970027 0.242997 0
    outer loop
      vertex 4.15598 5.02263 30
      vertex 4.12498 5.14638 16
      vertex 4.12498 5.14638 30
    endloop
  endfacet
  facet normal 0.970027 0.242997 0
    outer loop
      vertex 4.12498 5.14638 16
      vertex 4.15598 5.02263 30
      vertex 4.15598 5.02263 16
    endloop
  endfacet
  facet normal -0.941543 0.336892 0
    outer loop
      vertex 6.60104 4.90251 16
      vertex 6.64402 5.02263 30
      vertex 6.64402 5.02263 16
    endloop
  endfacet
  facet normal -0.941543 0.336892 0
    outer loop
      vertex 6.64402 5.02263 30
      vertex 6.60104 4.90251 16
      vertex 6.60104 4.90251 30
    endloop
  endfacet
  facet normal -0.595715 -0.803196 0
    outer loop
      vertex 6.12224 6.48091 16
      vertex 6.22471 6.40491 30
      vertex 6.12224 6.48091 30
    endloop
  endfacet
  facet normal -0.595715 -0.803196 -0
    outer loop
      vertex 6.22471 6.40491 30
      vertex 6.12224 6.48091 16
      vertex 6.22471 6.40491 16
    endloop
  endfacet
  facet normal 0.803196 -0.595715 0
    outer loop
      vertex 4.31909 6.12224 30
      vertex 4.39509 6.22471 16
      vertex 4.39509 6.22471 30
    endloop
  endfacet
  facet normal 0.803196 -0.595715 0
    outer loop
      vertex 4.39509 6.22471 16
      vertex 4.31909 6.12224 30
      vertex 4.31909 6.12224 16
    endloop
  endfacet
  facet normal 0.0490697 -0.998795 0
    outer loop
      vertex 5.27258 6.69374 16
      vertex 5.4 6.7 30
      vertex 5.27258 6.69374 30
    endloop
  endfacet
  facet normal 0.0490697 -0.998795 0
    outer loop
      vertex 5.4 6.7 30
      vertex 5.27258 6.69374 16
      vertex 5.4 6.7 16
    endloop
  endfacet
  facet normal 0.514138 -0.857707 0
    outer loop
      vertex 4.67776 6.48091 16
      vertex 4.78718 6.5465 30
      vertex 4.67776 6.48091 30
    endloop
  endfacet
  facet normal 0.514138 -0.857707 0
    outer loop
      vertex 4.78718 6.5465 30
      vertex 4.67776 6.48091 16
      vertex 4.78718 6.5465 16
    endloop
  endfacet
  facet normal -0.803196 -0.595715 0
    outer loop
      vertex 6.48091 6.12224 16
      vertex 6.40491 6.22471 30
      vertex 6.40491 6.22471 16
    endloop
  endfacet
  facet normal -0.803196 -0.595715 0
    outer loop
      vertex 6.40491 6.22471 30
      vertex 6.48091 6.12224 16
      vertex 6.48091 6.12224 30
    endloop
  endfacet
  facet normal -0.514138 -0.857707 0
    outer loop
      vertex 6.01282 6.5465 16
      vertex 6.12224 6.48091 30
      vertex 6.01282 6.5465 30
    endloop
  endfacet
  facet normal -0.514138 -0.857707 -0
    outer loop
      vertex 6.12224 6.48091 30
      vertex 6.01282 6.5465 16
      vertex 6.12224 6.48091 16
    endloop
  endfacet
  facet normal -0.42751 0.904011 0
    outer loop
      vertex 6.01282 4.2535 16
      vertex 5.89749 4.19896 30
      vertex 6.01282 4.2535 30
    endloop
  endfacet
  facet normal -0.42751 0.904011 0
    outer loop
      vertex 5.89749 4.19896 30
      vertex 6.01282 4.2535 16
      vertex 5.89749 4.19896 16
    endloop
  endfacet
  facet normal 0.941543 0.336892 0
    outer loop
      vertex 4.19896 4.90251 30
      vertex 4.15598 5.02263 16
      vertex 4.15598 5.02263 30
    endloop
  endfacet
  facet normal 0.941543 0.336892 0
    outer loop
      vertex 4.15598 5.02263 16
      vertex 4.19896 4.90251 30
      vertex 4.19896 4.90251 16
    endloop
  endfacet
  facet normal -0.857707 0.514138 0
    outer loop
      vertex 6.48091 4.67776 16
      vertex 6.5465 4.78718 30
      vertex 6.5465 4.78718 16
    endloop
  endfacet
  facet normal -0.857707 0.514138 0
    outer loop
      vertex 6.5465 4.78718 30
      vertex 6.48091 4.67776 16
      vertex 6.48091 4.67776 30
    endloop
  endfacet
  facet normal -0.740978 -0.671529 0
    outer loop
      vertex 6.40491 6.22471 16
      vertex 6.31924 6.31924 30
      vertex 6.31924 6.31924 16
    endloop
  endfacet
  facet normal -0.740978 -0.671529 0
    outer loop
      vertex 6.31924 6.31924 30
      vertex 6.40491 6.22471 16
      vertex 6.40491 6.22471 30
    endloop
  endfacet
  facet normal -0.998795 0.0490697 0
    outer loop
      vertex 6.69374 5.27258 16
      vertex 6.7 5.4 30
      vertex 6.7 5.4 16
    endloop
  endfacet
  facet normal -0.998795 0.0490697 0
    outer loop
      vertex 6.7 5.4 30
      vertex 6.69374 5.27258 16
      vertex 6.69374 5.27258 30
    endloop
  endfacet
  facet normal 0.14673 -0.989177 0
    outer loop
      vertex 5.14638 6.67502 16
      vertex 5.27258 6.69374 30
      vertex 5.14638 6.67502 30
    endloop
  endfacet
  facet normal 0.14673 -0.989177 0
    outer loop
      vertex 5.27258 6.69374 30
      vertex 5.14638 6.67502 16
      vertex 5.27258 6.69374 16
    endloop
  endfacet
  facet normal 0.989177 -0.14673 0
    outer loop
      vertex 4.10626 5.52742 30
      vertex 4.12498 5.65362 16
      vertex 4.12498 5.65362 30
    endloop
  endfacet
  facet normal 0.989177 -0.14673 0
    outer loop
      vertex 4.12498 5.65362 16
      vertex 4.10626 5.52742 30
      vertex 4.10626 5.52742 16
    endloop
  endfacet
  facet normal -0.14673 0.989177 0
    outer loop
      vertex 5.65362 4.12498 16
      vertex 5.52742 4.10626 30
      vertex 5.65362 4.12498 30
    endloop
  endfacet
  facet normal -0.14673 0.989177 0
    outer loop
      vertex 5.52742 4.10626 30
      vertex 5.65362 4.12498 16
      vertex 5.52742 4.10626 16
    endloop
  endfacet
  facet normal -0.941543 -0.336892 0
    outer loop
      vertex 6.64402 5.77737 16
      vertex 6.60104 5.89749 30
      vertex 6.60104 5.89749 16
    endloop
  endfacet
  facet normal -0.941543 -0.336892 0
    outer loop
      vertex 6.60104 5.89749 30
      vertex 6.64402 5.77737 16
      vertex 6.64402 5.77737 30
    endloop
  endfacet
  facet normal -0.740978 0.671529 0
    outer loop
      vertex 6.31924 4.48076 16
      vertex 6.40491 4.57529 30
      vertex 6.40491 4.57529 16
    endloop
  endfacet
  facet normal -0.740978 0.671529 0
    outer loop
      vertex 6.40491 4.57529 30
      vertex 6.31924 4.48076 16
      vertex 6.31924 4.48076 30
    endloop
  endfacet
  facet normal -0.803196 0.595715 0
    outer loop
      vertex 6.40491 4.57529 16
      vertex 6.48091 4.67776 30
      vertex 6.48091 4.67776 16
    endloop
  endfacet
  facet normal -0.803196 0.595715 0
    outer loop
      vertex 6.48091 4.67776 30
      vertex 6.40491 4.57529 16
      vertex 6.40491 4.57529 30
    endloop
  endfacet
  facet normal -0.904011 0.42751 0
    outer loop
      vertex 6.5465 4.78718 16
      vertex 6.60104 4.90251 30
      vertex 6.60104 4.90251 16
    endloop
  endfacet
  facet normal -0.904011 0.42751 0
    outer loop
      vertex 6.60104 4.90251 30
      vertex 6.5465 4.78718 16
      vertex 6.5465 4.78718 30
    endloop
  endfacet
  facet normal 0.242997 -0.970027 0
    outer loop
      vertex 5.02263 6.64402 16
      vertex 5.14638 6.67502 30
      vertex 5.02263 6.64402 30
    endloop
  endfacet
  facet normal 0.242997 -0.970027 0
    outer loop
      vertex 5.14638 6.67502 30
      vertex 5.02263 6.64402 16
      vertex 5.14638 6.67502 16
    endloop
  endfacet
  facet normal 0.941543 -0.336892 0
    outer loop
      vertex 4.15598 5.77737 30
      vertex 4.19896 5.89749 16
      vertex 4.19896 5.89749 30
    endloop
  endfacet
  facet normal 0.941543 -0.336892 0
    outer loop
      vertex 4.19896 5.89749 16
      vertex 4.15598 5.77737 30
      vertex 4.15598 5.77737 16
    endloop
  endfacet
  facet normal 0.42751 -0.904011 0
    outer loop
      vertex 4.78718 6.5465 16
      vertex 4.90251 6.60104 30
      vertex 4.78718 6.5465 30
    endloop
  endfacet
  facet normal 0.42751 -0.904011 0
    outer loop
      vertex 4.90251 6.60104 30
      vertex 4.78718 6.5465 16
      vertex 4.90251 6.60104 16
    endloop
  endfacet
  facet normal -0.904011 -0.42751 0
    outer loop
      vertex 6.60104 5.89749 16
      vertex 6.5465 6.01282 30
      vertex 6.5465 6.01282 16
    endloop
  endfacet
  facet normal -0.904011 -0.42751 0
    outer loop
      vertex 6.5465 6.01282 30
      vertex 6.60104 5.89749 16
      vertex 6.60104 5.89749 30
    endloop
  endfacet
  facet normal 0.970027 -0.242997 0
    outer loop
      vertex 4.12498 5.65362 30
      vertex 4.15598 5.77737 16
      vertex 4.15598 5.77737 30
    endloop
  endfacet
  facet normal 0.970027 -0.242997 0
    outer loop
      vertex 4.15598 5.77737 16
      vertex 4.12498 5.65362 30
      vertex 4.12498 5.65362 16
    endloop
  endfacet
  facet normal 0.671529 -0.740978 0
    outer loop
      vertex 4.48076 6.31924 16
      vertex 4.57529 6.40491 30
      vertex 4.48076 6.31924 30
    endloop
  endfacet
  facet normal 0.671529 -0.740978 0
    outer loop
      vertex 4.57529 6.40491 30
      vertex 4.48076 6.31924 16
      vertex 4.57529 6.40491 16
    endloop
  endfacet
  facet normal 0 0 1
    outer loop
      vertex 6.69374 5.52742 16
      vertex 6.69374 5.27258 16
      vertex 6.7 5.4 16
    endloop
  endfacet
  facet normal 0 0 1
    outer loop
      vertex 6.67502 5.65362 16
      vertex 6.69374 5.27258 16
      vertex 6.69374 5.52742 16
    endloop
  endfacet
  facet normal 0 0 1
    outer loop
      vertex 6.67502 5.65362 16
      vertex 6.67502 5.14638 16
      vertex 6.69374 5.27258 16
    endloop
  endfacet
  facet normal 0 0 1
    outer loop
      vertex 6.64402 5.77737 16
      vertex 6.67502 5.14638 16
      vertex 6.67502 5.65362 16
    endloop
  endfacet
  facet normal 0 0 1
    outer loop
      vertex 6.64402 5.77737 16
      vertex 6.64402 5.02263 16
      vertex 6.67502 5.14638 16
    endloop
  endfacet
  facet normal 0 0 1
    outer loop
      vertex 6.60104 5.89749 16
      vertex 6.64402 5.02263 16
      vertex 6.64402 5.77737 16
    endloop
  endfacet
  facet normal 0 0 1
    outer loop
      vertex 6.60104 5.89749 16
      vertex 6.60104 4.90251 16
      vertex 6.64402 5.02263 16
    endloop
  endfacet
  facet normal 0 0 1
    outer loop
      vertex 6.5465 6.01282 16
      vertex 6.60104 4.90251 16
      vertex 6.60104 5.89749 16
    endloop
  endfacet
  facet normal 0 0 1
    outer loop
      vertex 6.5465 6.01282 16
      vertex 6.5465 4.78718 16
      vertex 6.60104 4.90251 16
    endloop
  endfacet
  facet normal 0 0 1
    outer loop
      vertex 6.48091 6.12224 16
      vertex 6.5465 4.78718 16
      vertex 6.5465 6.01282 16
    endloop
  endfacet
  facet normal 0 0 1
    outer loop
      vertex 6.48091 6.12224 16
      vertex 6.48091 4.67776 16
      vertex 6.5465 4.78718 16
    endloop
  endfacet
  facet normal 0 0 1
    outer loop
      vertex 6.40491 6.22471 16
      vertex 6.48091 4.67776 16
      vertex 6.48091 6.12224 16
    endloop
  endfacet
  facet normal 0 0 1
    outer loop
      vertex 6.40491 6.22471 16
      vertex 6.40491 4.57529 16
      vertex 6.48091 4.67776 16
    endloop
  endfacet
  facet normal 0 0 1
    outer loop
      vertex 6.31924 6.31924 16
      vertex 6.40491 4.57529 16
      vertex 6.40491 6.22471 16
    endloop
  endfacet
  facet normal 0 0 1
    outer loop
      vertex 6.31924 6.31924 16
      vertex 6.31924 4.48076 16
      vertex 6.40491 4.57529 16
    endloop
  endfacet
  facet normal 0 0 1
    outer loop
      vertex 6.22471 6.40491 16
      vertex 6.31924 4.48076 16
      vertex 6.31924 6.31924 16
    endloop
  endfacet
  facet normal 0 0 1
    outer loop
      vertex 6.22471 6.40491 16
      vertex 6.22471 4.39509 16
      vertex 6.31924 4.48076 16
    endloop
  endfacet
  facet normal 0 0 1
    outer loop
      vertex 6.12224 6.48091 16
      vertex 6.22471 4.39509 16
      vertex 6.22471 6.40491 16
    endloop
  endfacet
  facet normal 0 0 1
    outer loop
      vertex 6.12224 6.48091 16
      vertex 6.12224 4.31909 16
      vertex 6.22471 4.39509 16
    endloop
  endfacet
  facet normal 0 0 1
    outer loop
      vertex 6.01282 6.5465 16
      vertex 6.12224 4.31909 16
      vertex 6.12224 6.48091 16
    endloop
  endfacet
  facet normal 0 0 1
    outer loop
      vertex 6.01282 6.5465 16
      vertex 6.01282 4.2535 16
      vertex 6.12224 4.31909 16
    endloop
  endfacet
  facet normal 0 0 1
    outer loop
      vertex 5.89749 6.60104 16
      vertex 6.01282 4.2535 16
      vertex 6.01282 6.5465 16
    endloop
  endfacet
  facet normal 0 0 1
    outer loop
      vertex 5.89749 6.60104 16
      vertex 5.89749 4.19896 16
      vertex 6.01282 4.2535 16
    endloop
  endfacet
  facet normal 0 0 1
    outer loop
      vertex 5.77737 6.64402 16
      vertex 5.89749 4.19896 16
      vertex 5.89749 6.60104 16
    endloop
  endfacet
  facet normal 0 0 1
    outer loop
      vertex 5.77737 6.64402 16
      vertex 5.77737 4.15598 16
      vertex 5.89749 4.19896 16
    endloop
  endfacet
  facet normal 0 0 1
    outer loop
      vertex 5.65362 6.67502 16
      vertex 5.77737 4.15598 16
      vertex 5.77737 6.64402 16
    endloop
  endfacet
  facet normal 0 0 1
    outer loop
      vertex 5.65362 6.67502 16
      vertex 5.65362 4.12498 16
      vertex 5.77737 4.15598 16
    endloop
  endfacet
  facet normal 0 0 1
    outer loop
      vertex 5.52742 6.69374 16
      vertex 5.65362 4.12498 16
      vertex 5.65362 6.67502 16
    endloop
  endfacet
  facet normal 0 0 1
    outer loop
      vertex 5.52742 6.69374 16
      vertex 5.52742 4.10626 16
      vertex 5.65362 4.12498 16
    endloop
  endfacet
  facet normal 0 0 1
    outer loop
      vertex 5.4 6.7 16
      vertex 5.52742 4.10626 16
      vertex 5.52742 6.69374 16
    endloop
  endfacet
  facet normal 0 0 1
    outer loop
      vertex 5.4 6.7 16
      vertex 5.4 4.1 16
      vertex 5.52742 4.10626 16
    endloop
  endfacet
  facet normal -0 0 1
    outer loop
      vertex 5.27258 6.69374 16
      vertex 5.4 4.1 16
      vertex 5.4 6.7 16
    endloop
  endfacet
  facet normal 0 0 1
    outer loop
      vertex 5.27258 6.69374 16
      vertex 5.27258 4.10626 16
      vertex 5.4 4.1 16
    endloop
  endfacet
  facet normal -0 0 1
    outer loop
      vertex 5.14638 6.67502 16
      vertex 5.27258 4.10626 16
      vertex 5.27258 6.69374 16
    endloop
  endfacet
  facet normal 0 0 1
    outer loop
      vertex 5.14638 6.67502 16
      vertex 5.14638 4.12498 16
      vertex 5.27258 4.10626 16
    endloop
  endfacet
  facet normal -0 0 1
    outer loop
      vertex 5.02263 6.64402 16
      vertex 5.14638 4.12498 16
      vertex 5.14638 6.67502 16
    endloop
  endfacet
  facet normal 0 0 1
    outer loop
      vertex 5.02263 6.64402 16
      vertex 5.02263 4.15598 16
      vertex 5.14638 4.12498 16
    endloop
  endfacet
  facet normal -0 0 1
    outer loop
      vertex 4.90251 6.60104 16
      vertex 5.02263 4.15598 16
      vertex 5.02263 6.64402 16
    endloop
  endfacet
  facet normal 0 0 1
    outer loop
      vertex 4.90251 6.60104 16
      vertex 4.90251 4.19896 16
      vertex 5.02263 4.15598 16
    endloop
  endfacet
  facet normal -0 0 1
    outer loop
      vertex 4.78718 6.5465 16
      vertex 4.90251 4.19896 16
      vertex 4.90251 6.60104 16
    endloop
  endfacet
  facet normal 0 0 1
    outer loop
      vertex 4.78718 6.5465 16
      vertex 4.78718 4.2535 16
      vertex 4.90251 4.19896 16
    endloop
  endfacet
  facet normal -0 0 1
    outer loop
      vertex 4.67776 6.48091 16
      vertex 4.78718 4.2535 16
      vertex 4.78718 6.5465 16
    endloop
  endfacet
  facet normal 0 0 1
    outer loop
      vertex 4.67776 6.48091 16
      vertex 4.67776 4.31909 16
      vertex 4.78718 4.2535 16
    endloop
  endfacet
  facet normal -0 0 1
    outer loop
      vertex 4.57529 6.40491 16
      vertex 4.67776 4.31909 16
      vertex 4.67776 6.48091 16
    endloop
  endfacet
  facet normal 0 0 1
    outer loop
      vertex 4.57529 6.40491 16
      vertex 4.57529 4.39509 16
      vertex 4.67776 4.31909 16
    endloop
  endfacet
  facet normal -0 0 1
    outer loop
      vertex 4.48076 6.31924 16
      vertex 4.57529 4.39509 16
      vertex 4.57529 6.40491 16
    endloop
  endfacet
  facet normal 0 0 1
    outer loop
      vertex 4.48076 6.31924 16
      vertex 4.48076 4.48076 16
      vertex 4.57529 4.39509 16
    endloop
  endfacet
  facet normal -0 0 1
    outer loop
      vertex 4.39509 6.22471 16
      vertex 4.48076 4.48076 16
      vertex 4.48076 6.31924 16
    endloop
  endfacet
  facet normal 0 0 1
    outer loop
      vertex 4.39509 6.22471 16
      vertex 4.39509 4.57529 16
      vertex 4.48076 4.48076 16
    endloop
  endfacet
  facet normal -0 0 1
    outer loop
      vertex 4.31909 6.12224 16
      vertex 4.39509 4.57529 16
      vertex 4.39509 6.22471 16
    endloop
  endfacet
  facet normal 0 0 1
    outer loop
      vertex 4.31909 6.12224 16
      vertex 4.31909 4.67776 16
      vertex 4.39509 4.57529 16
    endloop
  endfacet
  facet normal -0 0 1
    outer loop
      vertex 4.2535 6.01282 16
      vertex 4.31909 4.67776 16
      vertex 4.31909 6.12224 16
    endloop
  endfacet
  facet normal 0 0 1
    outer loop
      vertex 4.2535 6.01282 16
      vertex 4.2535 4.78718 16
      vertex 4.31909 4.67776 16
    endloop
  endfacet
  facet normal -0 0 1
    outer loop
      vertex 4.19896 5.89749 16
      vertex 4.2535 4.78718 16
      vertex 4.2535 6.01282 16
    endloop
  endfacet
  facet normal 0 0 1
    outer loop
      vertex 4.19896 5.89749 16
      vertex 4.19896 4.90251 16
      vertex 4.2535 4.78718 16
    endloop
  endfacet
  facet normal -0 0 1
    outer loop
      vertex 4.15598 5.77737 16
      vertex 4.19896 4.90251 16
      vertex 4.19896 5.89749 16
    endloop
  endfacet
  facet normal 0 0 1
    outer loop
      vertex 4.15598 5.77737 16
      vertex 4.15598 5.02263 16
      vertex 4.19896 4.90251 16
    endloop
  endfacet
  facet normal -0 0 1
    outer loop
      vertex 4.12498 5.65362 16
      vertex 4.15598 5.02263 16
      vertex 4.15598 5.77737 16
    endloop
  endfacet
  facet normal 0 0 1
    outer loop
      vertex 4.12498 5.65362 16
      vertex 4.12498 5.14638 16
      vertex 4.15598 5.02263 16
    endloop
  endfacet
  facet normal -0 0 1
    outer loop
      vertex 4.10626 5.52742 16
      vertex 4.12498 5.14638 16
      vertex 4.12498 5.65362 16
    endloop
  endfacet
  facet normal 0 0 1
    outer loop
      vertex 4.10626 5.52742 16
      vertex 4.10626 5.27258 16
      vertex 4.12498 5.14638 16
    endloop
  endfacet
  facet normal 0 -0 1
    outer loop
      vertex 4.10626 5.27258 16
      vertex 4.10626 5.52742 16
      vertex 4.1 5.4 16
    endloop
  endfacet
  facet normal -0.989177 0.14673 0
    outer loop
      vertex 6.67502 5.14638 16
      vertex 6.69374 5.27258 30
      vertex 6.69374 5.27258 16
    endloop
  endfacet
  facet normal -0.989177 0.14673 0
    outer loop
      vertex 6.69374 5.27258 30
      vertex 6.67502 5.14638 16
      vertex 6.67502 5.14638 30
    endloop
  endfacet
  facet normal -0.14673 -0.989177 0
    outer loop
      vertex 5.52742 6.69374 16
      vertex 5.65362 6.67502 30
      vertex 5.52742 6.69374 30
    endloop
  endfacet
  facet normal -0.14673 -0.989177 -0
    outer loop
      vertex 5.65362 6.67502 30
      vertex 5.52742 6.69374 16
      vertex 5.65362 6.67502 16
    endloop
  endfacet
  facet normal -0.0490697 -0.998795 0
    outer loop
      vertex 5.4 6.7 16
      vertex 5.52742 6.69374 30
      vertex 5.4 6.7 30
    endloop
  endfacet
  facet normal -0.0490697 -0.998795 -0
    outer loop
      vertex 5.52742 6.69374 30
      vertex 5.4 6.7 16
      vertex 5.52742 6.69374 16
    endloop
  endfacet
  facet normal 0.740978 0.671529 0
    outer loop
      vertex 4.48076 4.48076 30
      vertex 4.39509 4.57529 16
      vertex 4.39509 4.57529 30
    endloop
  endfacet
  facet normal 0.740978 0.671529 0
    outer loop
      vertex 4.39509 4.57529 16
      vertex 4.48076 4.48076 30
      vertex 4.48076 4.48076 16
    endloop
  endfacet
  facet normal 0.857707 0.514138 0
    outer loop
      vertex 4.31909 4.67776 30
      vertex 4.2535 4.78718 16
      vertex 4.2535 4.78718 30
    endloop
  endfacet
  facet normal 0.857707 0.514138 0
    outer loop
      vertex 4.2535 4.78718 16
      vertex 4.31909 4.67776 30
      vertex 4.31909 4.67776 16
    endloop
  endfacet
  facet normal 0.336892 -0.941543 0
    outer loop
      vertex 4.90251 6.60104 16
      vertex 5.02263 6.64402 30
      vertex 4.90251 6.60104 30
    endloop
  endfacet
  facet normal 0.336892 -0.941543 0
    outer loop
      vertex 5.02263 6.64402 30
      vertex 4.90251 6.60104 16
      vertex 5.02263 6.64402 16
    endloop
  endfacet
  facet normal 0.514138 0.857707 -0
    outer loop
      vertex 4.78718 4.2535 16
      vertex 4.67776 4.31909 30
      vertex 4.78718 4.2535 30
    endloop
  endfacet
  facet normal 0.514138 0.857707 0
    outer loop
      vertex 4.67776 4.31909 30
      vertex 4.78718 4.2535 16
      vertex 4.67776 4.31909 16
    endloop
  endfacet
  facet normal -0.595715 0.803196 0
    outer loop
      vertex 6.22471 4.39509 16
      vertex 6.12224 4.31909 30
      vertex 6.22471 4.39509 30
    endloop
  endfacet
  facet normal -0.595715 0.803196 0
    outer loop
      vertex 6.12224 4.31909 30
      vertex 6.22471 4.39509 16
      vertex 6.12224 4.31909 16
    endloop
  endfacet
  facet normal 0.904011 -0.42751 0
    outer loop
      vertex 4.19896 5.89749 30
      vertex 4.2535 6.01282 16
      vertex 4.2535 6.01282 30
    endloop
  endfacet
  facet normal 0.904011 -0.42751 0
    outer loop
      vertex 4.2535 6.01282 16
      vertex 4.19896 5.89749 30
      vertex 4.19896 5.89749 16
    endloop
  endfacet
  facet normal 0.336892 0.941543 -0
    outer loop
      vertex 5.02263 4.15598 16
      vertex 4.90251 4.19896 30
      vertex 5.02263 4.15598 30
    endloop
  endfacet
  facet normal 0.336892 0.941543 0
    outer loop
      vertex 4.90251 4.19896 30
      vertex 5.02263 4.15598 16
      vertex 4.90251 4.19896 16
    endloop
  endfacet
  facet normal 0.803196 0.595715 0
    outer loop
      vertex 4.39509 4.57529 30
      vertex 4.31909 4.67776 16
      vertex 4.31909 4.67776 30
    endloop
  endfacet
  facet normal 0.803196 0.595715 0
    outer loop
      vertex 4.31909 4.67776 16
      vertex 4.39509 4.57529 30
      vertex 4.39509 4.57529 16
    endloop
  endfacet
  facet normal 0.989177 0.14673 0
    outer loop
      vertex 4.12498 5.14638 30
      vertex 4.10626 5.27258 16
      vertex 4.10626 5.27258 30
    endloop
  endfacet
  facet normal 0.989177 0.14673 0
    outer loop
      vertex 4.10626 5.27258 16
      vertex 4.12498 5.14638 30
      vertex 4.12498 5.14638 16
    endloop
  endfacet
  facet normal -0.242997 -0.970027 0
    outer loop
      vertex 5.65362 6.67502 16
      vertex 5.77737 6.64402 30
      vertex 5.65362 6.67502 30
    endloop
  endfacet
  facet normal -0.242997 -0.970027 -0
    outer loop
      vertex 5.77737 6.64402 30
      vertex 5.65362 6.67502 16
      vertex 5.77737 6.64402 16
    endloop
  endfacet
  facet normal -0.514138 0.857707 0
    outer loop
      vertex 6.12224 4.31909 16
      vertex 6.01282 4.2535 30
      vertex 6.12224 4.31909 30
    endloop
  endfacet
  facet normal -0.514138 0.857707 0
    outer loop
      vertex 6.01282 4.2535 30
      vertex 6.12224 4.31909 16
      vertex 6.01282 4.2535 16
    endloop
  endfacet
  facet normal 0.671529 0.740978 -0
    outer loop
      vertex 4.57529 4.39509 16
      vertex 4.48076 4.48076 30
      vertex 4.57529 4.39509 30
    endloop
  endfacet
  facet normal 0.671529 0.740978 0
    outer loop
      vertex 4.48076 4.48076 30
      vertex 4.57529 4.39509 16
      vertex 4.48076 4.48076 16
    endloop
  endfacet
  facet normal 0.0490697 0.998795 -0
    outer loop
      vertex 5.4 4.1 16
      vertex 5.27258 4.10626 30
      vertex 5.4 4.1 30
    endloop
  endfacet
  facet normal 0.0490697 0.998795 0
    outer loop
      vertex 5.27258 4.10626 30
      vertex 5.4 4.1 16
      vertex 5.27258 4.10626 16
    endloop
  endfacet
  facet normal 0.998795 -0.0490697 0
    outer loop
      vertex 4.1 5.4 30
      vertex 4.10626 5.52742 16
      vertex 4.10626 5.52742 30
    endloop
  endfacet
  facet normal 0.998795 -0.0490697 0
    outer loop
      vertex 4.10626 5.52742 16
      vertex 4.1 5.4 30
      vertex 4.1 5.4 16
    endloop
  endfacet
  facet normal -0.671529 0.740978 0
    outer loop
      vertex 6.31924 4.48076 16
      vertex 6.22471 4.39509 30
      vertex 6.31924 4.48076 30
    endloop
  endfacet
  facet normal -0.671529 0.740978 0
    outer loop
      vertex 6.22471 4.39509 30
      vertex 6.31924 4.48076 16
      vertex 6.22471 4.39509 16
    endloop
  endfacet
  facet normal 0.97005 -0.242904 0
    outer loop
      vertex 4.12498 39.7536 30
      vertex 4.15598 39.8774 16
      vertex 4.15598 39.8774 30
    endloop
  endfacet
  facet normal 0.97005 -0.242904 0
    outer loop
      vertex 4.15598 39.8774 16
      vertex 4.12498 39.7536 30
      vertex 4.12498 39.7536 16
    endloop
  endfacet
  facet normal -0.989177 -0.14673 0
    outer loop
      vertex 6.69374 39.6274 16
      vertex 6.67502 39.7536 30
      vertex 6.67502 39.7536 16
    endloop
  endfacet
  facet normal -0.989177 -0.14673 0
    outer loop
      vertex 6.67502 39.7536 30
      vertex 6.69374 39.6274 16
      vertex 6.69374 39.6274 30
    endloop
  endfacet
  facet normal -0.998795 -0.0490774 0
    outer loop
      vertex 6.7 39.5 16
      vertex 6.69374 39.6274 30
      vertex 6.69374 39.6274 16
    endloop
  endfacet
  facet normal -0.998795 -0.0490774 0
    outer loop
      vertex 6.69374 39.6274 30
      vertex 6.7 39.5 16
      vertex 6.7 39.5 30
    endloop
  endfacet
  facet normal -0.97005 -0.242904 0
    outer loop
      vertex 6.67502 39.7536 16
      vertex 6.64402 39.8774 30
      vertex 6.64402 39.8774 16
    endloop
  endfacet
  facet normal -0.97005 -0.242904 0
    outer loop
      vertex 6.64402 39.8774 30
      vertex 6.67502 39.7536 16
      vertex 6.67502 39.7536 30
    endloop
  endfacet
  facet normal -0.0493825 -0.99878 0
    outer loop
      vertex 5.4 40.8 16
      vertex 5.52742 40.7937 30
      vertex 5.4 40.8 30
    endloop
  endfacet
  facet normal -0.0493825 -0.99878 -0
    outer loop
      vertex 5.52742 40.7937 30
      vertex 5.4 40.8 16
      vertex 5.52742 40.7937 16
    endloop
  endfacet
  facet normal 0.146577 -0.989199 0
    outer loop
      vertex 5.14638 40.775 16
      vertex 5.27258 40.7937 30
      vertex 5.14638 40.775 30
    endloop
  endfacet
  facet normal 0.146577 -0.989199 0
    outer loop
      vertex 5.27258 40.7937 30
      vertex 5.14638 40.775 16
      vertex 5.27258 40.7937 16
    endloop
  endfacet
  facet normal -0.803279 -0.595602 0
    outer loop
      vertex 6.48091 40.2222 16
      vertex 6.40491 40.3247 30
      vertex 6.40491 40.3247 16
    endloop
  endfacet
  facet normal -0.803279 -0.595602 0
    outer loop
      vertex 6.40491 40.3247 30
      vertex 6.48091 40.2222 16
      vertex 6.48091 40.2222 30
    endloop
  endfacet
  facet normal 0.989177 0.14673 0
    outer loop
      vertex 4.12498 39.2464 30
      vertex 4.10626 39.3726 16
      vertex 4.10626 39.3726 30
    endloop
  endfacet
  facet normal 0.989177 0.14673 0
    outer loop
      vertex 4.10626 39.3726 16
      vertex 4.12498 39.2464 30
      vertex 4.12498 39.2464 16
    endloop
  endfacet
  facet normal -0.595715 -0.803196 0
    outer loop
      vertex 6.12224 40.5809 16
      vertex 6.22471 40.5049 30
      vertex 6.12224 40.5809 30
    endloop
  endfacet
  facet normal -0.595715 -0.803196 -0
    outer loop
      vertex 6.22471 40.5049 30
      vertex 6.12224 40.5809 16
      vertex 6.22471 40.5049 16
    endloop
  endfacet
  facet normal -0.998795 0.0490774 0
    outer loop
      vertex 6.69374 39.3726 16
      vertex 6.7 39.5 30
      vertex 6.7 39.5 16
    endloop
  endfacet
  facet normal -0.998795 0.0490774 0
    outer loop
      vertex 6.7 39.5 30
      vertex 6.69374 39.3726 16
      vertex 6.69374 39.3726 30
    endloop
  endfacet
  facet normal 0.242997 -0.970027 0
    outer loop
      vertex 5.02263 40.744 16
      vertex 5.14638 40.775 30
      vertex 5.02263 40.744 30
    endloop
  endfacet
  facet normal 0.242997 -0.970027 0
    outer loop
      vertex 5.14638 40.775 30
      vertex 5.02263 40.744 16
      vertex 5.14638 40.775 16
    endloop
  endfacet
  facet normal 0.595715 -0.803196 0
    outer loop
      vertex 4.57529 40.5049 16
      vertex 4.67776 40.5809 30
      vertex 4.57529 40.5049 30
    endloop
  endfacet
  facet normal 0.595715 -0.803196 0
    outer loop
      vertex 4.67776 40.5809 30
      vertex 4.57529 40.5049 16
      vertex 4.67776 40.5809 16
    endloop
  endfacet
  facet normal -0.427254 -0.904132 0
    outer loop
      vertex 5.89749 40.701 16
      vertex 6.01282 40.6465 30
      vertex 5.89749 40.701 30
    endloop
  endfacet
  facet normal -0.427254 -0.904132 -0
    outer loop
      vertex 6.01282 40.6465 30
      vertex 5.89749 40.701 16
      vertex 6.01282 40.6465 16
    endloop
  endfacet
  facet normal -0.242997 -0.970027 0
    outer loop
      vertex 5.65362 40.775 16
      vertex 5.77737 40.744 30
      vertex 5.65362 40.775 30
    endloop
  endfacet
  facet normal -0.242997 -0.970027 -0
    outer loop
      vertex 5.77737 40.744 30
      vertex 5.65362 40.775 16
      vertex 5.77737 40.744 16
    endloop
  endfacet
  facet normal 0.427254 -0.904132 0
    outer loop
      vertex 4.78718 40.6465 16
      vertex 4.90251 40.701 30
      vertex 4.78718 40.6465 30
    endloop
  endfacet
  facet normal 0.427254 -0.904132 0
    outer loop
      vertex 4.90251 40.701 30
      vertex 4.78718 40.6465 16
      vertex 4.90251 40.701 16
    endloop
  endfacet
  facet normal 0.242997 0.970027 -0
    outer loop
      vertex 5.14638 38.225 16
      vertex 5.02263 38.256 30
      vertex 5.14638 38.225 30
    endloop
  endfacet
  facet normal 0.242997 0.970027 0
    outer loop
      vertex 5.02263 38.256 30
      vertex 5.14638 38.225 16
      vertex 5.02263 38.256 16
    endloop
  endfacet
  facet normal 0.989177 -0.14673 0
    outer loop
      vertex 4.10626 39.6274 30
      vertex 4.12498 39.7536 16
      vertex 4.12498 39.7536 30
    endloop
  endfacet
  facet normal 0.989177 -0.14673 0
    outer loop
      vertex 4.12498 39.7536 16
      vertex 4.10626 39.6274 30
      vertex 4.10626 39.6274 16
    endloop
  endfacet
  facet normal 0.857666 0.514208 0
    outer loop
      vertex 4.31909 38.7778 30
      vertex 4.2535 38.8872 16
      vertex 4.2535 38.8872 30
    endloop
  endfacet
  facet normal 0.857666 0.514208 0
    outer loop
      vertex 4.2535 38.8872 16
      vertex 4.31909 38.7778 30
      vertex 4.31909 38.7778 16
    endloop
  endfacet
  facet normal -0.740872 -0.671646 0
    outer loop
      vertex 6.40491 40.3247 16
      vertex 6.31924 40.4192 30
      vertex 6.31924 40.4192 16
    endloop
  endfacet
  facet normal -0.740872 -0.671646 0
    outer loop
      vertex 6.31924 40.4192 30
      vertex 6.40491 40.3247 16
      vertex 6.40491 40.3247 30
    endloop
  endfacet
  facet normal 0.0493825 0.99878 -0
    outer loop
      vertex 5.4 38.2 16
      vertex 5.27258 38.2063 30
      vertex 5.4 38.2 30
    endloop
  endfacet
  facet normal 0.0493825 0.99878 0
    outer loop
      vertex 5.27258 38.2063 30
      vertex 5.4 38.2 16
      vertex 5.27258 38.2063 16
    endloop
  endfacet
  facet normal -0.0493825 0.99878 0
    outer loop
      vertex 5.52742 38.2063 16
      vertex 5.4 38.2 30
      vertex 5.52742 38.2063 30
    endloop
  endfacet
  facet normal -0.0493825 0.99878 0
    outer loop
      vertex 5.4 38.2 30
      vertex 5.52742 38.2063 16
      vertex 5.4 38.2 16
    endloop
  endfacet
  facet normal -0.337031 -0.941493 0
    outer loop
      vertex 5.77737 40.744 16
      vertex 5.89749 40.701 30
      vertex 5.77737 40.744 30
    endloop
  endfacet
  facet normal -0.337031 -0.941493 -0
    outer loop
      vertex 5.89749 40.701 30
      vertex 5.77737 40.744 16
      vertex 5.89749 40.701 16
    endloop
  endfacet
  facet normal 0.337031 0.941493 -0
    outer loop
      vertex 5.02263 38.256 16
      vertex 4.90251 38.299 30
      vertex 5.02263 38.256 30
    endloop
  endfacet
  facet normal 0.337031 0.941493 0
    outer loop
      vertex 4.90251 38.299 30
      vertex 5.02263 38.256 16
      vertex 4.90251 38.299 16
    endloop
  endfacet
  facet normal -0.146577 -0.989199 0
    outer loop
      vertex 5.52742 40.7937 16
      vertex 5.65362 40.775 30
      vertex 5.52742 40.7937 30
    endloop
  endfacet
  facet normal -0.146577 -0.989199 -0
    outer loop
      vertex 5.65362 40.775 30
      vertex 5.52742 40.7937 16
      vertex 5.65362 40.775 16
    endloop
  endfacet
  facet normal 0.903968 -0.427601 0
    outer loop
      vertex 4.19896 39.9975 30
      vertex 4.2535 40.1128 16
      vertex 4.2535 40.1128 30
    endloop
  endfacet
  facet normal 0.903968 -0.427601 0
    outer loop
      vertex 4.2535 40.1128 16
      vertex 4.19896 39.9975 30
      vertex 4.19896 39.9975 16
    endloop
  endfacet
  facet normal 0.337031 -0.941493 0
    outer loop
      vertex 4.90251 40.701 16
      vertex 5.02263 40.744 30
      vertex 4.90251 40.701 30
    endloop
  endfacet
  facet normal 0.337031 -0.941493 0
    outer loop
      vertex 5.02263 40.744 30
      vertex 4.90251 40.701 16
      vertex 5.02263 40.744 16
    endloop
  endfacet
  facet normal -0.903968 -0.427601 0
    outer loop
      vertex 6.60104 39.9975 16
      vertex 6.5465 40.1128 30
      vertex 6.5465 40.1128 16
    endloop
  endfacet
  facet normal -0.903968 -0.427601 0
    outer loop
      vertex 6.5465 40.1128 30
      vertex 6.60104 39.9975 16
      vertex 6.60104 39.9975 30
    endloop
  endfacet
  facet normal -0.97005 0.242904 0
    outer loop
      vertex 6.64402 39.1226 16
      vertex 6.67502 39.2464 30
      vertex 6.67502 39.2464 16
    endloop
  endfacet
  facet normal -0.97005 0.242904 0
    outer loop
      vertex 6.67502 39.2464 30
      vertex 6.64402 39.1226 16
      vertex 6.64402 39.1226 30
    endloop
  endfacet
  facet normal -0.146577 0.989199 0
    outer loop
      vertex 5.65362 38.225 16
      vertex 5.52742 38.2063 30
      vertex 5.65362 38.225 30
    endloop
  endfacet
  facet normal -0.146577 0.989199 0
    outer loop
      vertex 5.52742 38.2063 30
      vertex 5.65362 38.225 16
      vertex 5.52742 38.2063 16
    endloop
  endfacet
  facet normal 0.941525 -0.336942 0
    outer loop
      vertex 4.15598 39.8774 30
      vertex 4.19896 39.9975 16
      vertex 4.19896 39.9975 30
    endloop
  endfacet
  facet normal 0.941525 -0.336942 0
    outer loop
      vertex 4.19896 39.9975 16
      vertex 4.15598 39.8774 30
      vertex 4.15598 39.8774 16
    endloop
  endfacet
  facet normal -0.514196 -0.857673 0
    outer loop
      vertex 6.01282 40.6465 16
      vertex 6.12224 40.5809 30
      vertex 6.01282 40.6465 30
    endloop
  endfacet
  facet normal -0.514196 -0.857673 -0
    outer loop
      vertex 6.12224 40.5809 30
      vertex 6.01282 40.6465 16
      vertex 6.12224 40.5809 16
    endloop
  endfacet
  facet normal -0.337031 0.941493 0
    outer loop
      vertex 5.89749 38.299 16
      vertex 5.77737 38.256 30
      vertex 5.89749 38.299 30
    endloop
  endfacet
  facet normal -0.337031 0.941493 0
    outer loop
      vertex 5.77737 38.256 30
      vertex 5.89749 38.299 16
      vertex 5.77737 38.256 16
    endloop
  endfacet
  facet normal -0.803279 0.595602 0
    outer loop
      vertex 6.40491 38.6753 16
      vertex 6.48091 38.7778 30
      vertex 6.48091 38.7778 16
    endloop
  endfacet
  facet normal -0.803279 0.595602 0
    outer loop
      vertex 6.48091 38.7778 30
      vertex 6.40491 38.6753 16
      vertex 6.40491 38.6753 30
    endloop
  endfacet
  facet normal -0.941525 -0.336942 0
    outer loop
      vertex 6.64402 39.8774 16
      vertex 6.60104 39.9975 30
      vertex 6.60104 39.9975 16
    endloop
  endfacet
  facet normal -0.941525 -0.336942 0
    outer loop
      vertex 6.60104 39.9975 30
      vertex 6.64402 39.8774 16
      vertex 6.64402 39.8774 30
    endloop
  endfacet
  facet normal -0.857666 0.514208 0
    outer loop
      vertex 6.48091 38.7778 16
      vertex 6.5465 38.8872 30
      vertex 6.5465 38.8872 16
    endloop
  endfacet
  facet normal -0.857666 0.514208 0
    outer loop
      vertex 6.5465 38.8872 30
      vertex 6.48091 38.7778 16
      vertex 6.48091 38.7778 30
    endloop
  endfacet
  facet normal -0.903968 0.427601 0
    outer loop
      vertex 6.5465 38.8872 16
      vertex 6.60104 39.0025 30
      vertex 6.60104 39.0025 16
    endloop
  endfacet
  facet normal -0.903968 0.427601 0
    outer loop
      vertex 6.60104 39.0025 30
      vertex 6.5465 38.8872 16
      vertex 6.5465 38.8872 30
    endloop
  endfacet
  facet normal 0.0493825 -0.99878 0
    outer loop
      vertex 5.27258 40.7937 16
      vertex 5.4 40.8 30
      vertex 5.27258 40.7937 30
    endloop
  endfacet
  facet normal 0.0493825 -0.99878 0
    outer loop
      vertex 5.4 40.8 30
      vertex 5.27258 40.7937 16
      vertex 5.4 40.8 16
    endloop
  endfacet
  facet normal -0.427254 0.904132 0
    outer loop
      vertex 6.01282 38.3535 16
      vertex 5.89749 38.299 30
      vertex 6.01282 38.3535 30
    endloop
  endfacet
  facet normal -0.427254 0.904132 0
    outer loop
      vertex 5.89749 38.299 30
      vertex 6.01282 38.3535 16
      vertex 5.89749 38.299 16
    endloop
  endfacet
  facet normal -0.671658 -0.740861 0
    outer loop
      vertex 6.22471 40.5049 16
      vertex 6.31924 40.4192 30
      vertex 6.22471 40.5049 30
    endloop
  endfacet
  facet normal -0.671658 -0.740861 -0
    outer loop
      vertex 6.31924 40.4192 30
      vertex 6.22471 40.5049 16
      vertex 6.31924 40.4192 16
    endloop
  endfacet
  facet normal 0.803279 -0.595602 0
    outer loop
      vertex 4.31909 40.2222 30
      vertex 4.39509 40.3247 16
      vertex 4.39509 40.3247 30
    endloop
  endfacet
  facet normal 0.803279 -0.595602 0
    outer loop
      vertex 4.39509 40.3247 16
      vertex 4.31909 40.2222 30
      vertex 4.31909 40.2222 16
    endloop
  endfacet
  facet normal -0.989177 0.14673 0
    outer loop
      vertex 6.67502 39.2464 16
      vertex 6.69374 39.3726 30
      vertex 6.69374 39.3726 16
    endloop
  endfacet
  facet normal -0.989177 0.14673 0
    outer loop
      vertex 6.69374 39.3726 30
      vertex 6.67502 39.2464 16
      vertex 6.67502 39.2464 30
    endloop
  endfacet
  facet normal -0.857666 -0.514208 0
    outer loop
      vertex 6.5465 40.1128 16
      vertex 6.48091 40.2222 30
      vertex 6.48091 40.2222 16
    endloop
  endfacet
  facet normal -0.857666 -0.514208 0
    outer loop
      vertex 6.48091 40.2222 30
      vertex 6.5465 40.1128 16
      vertex 6.5465 40.1128 30
    endloop
  endfacet
  facet normal 0.146577 0.989199 -0
    outer loop
      vertex 5.27258 38.2063 16
      vertex 5.14638 38.225 30
      vertex 5.27258 38.2063 30
    endloop
  endfacet
  facet normal 0.146577 0.989199 0
    outer loop
      vertex 5.14638 38.225 30
      vertex 5.27258 38.2063 16
      vertex 5.14638 38.225 16
    endloop
  endfacet
  facet normal 0.514196 0.857673 -0
    outer loop
      vertex 4.78718 38.3535 16
      vertex 4.67776 38.4191 30
      vertex 4.78718 38.3535 30
    endloop
  endfacet
  facet normal 0.514196 0.857673 0
    outer loop
      vertex 4.67776 38.4191 30
      vertex 4.78718 38.3535 16
      vertex 4.67776 38.4191 16
    endloop
  endfacet
  facet normal 0.97005 0.242904 0
    outer loop
      vertex 4.15598 39.1226 30
      vertex 4.12498 39.2464 16
      vertex 4.12498 39.2464 30
    endloop
  endfacet
  facet normal 0.97005 0.242904 0
    outer loop
      vertex 4.12498 39.2464 16
      vertex 4.15598 39.1226 30
      vertex 4.15598 39.1226 16
    endloop
  endfacet
  facet normal 0.671658 -0.740861 0
    outer loop
      vertex 4.48076 40.4192 16
      vertex 4.57529 40.5049 30
      vertex 4.48076 40.4192 30
    endloop
  endfacet
  facet normal 0.671658 -0.740861 0
    outer loop
      vertex 4.57529 40.5049 30
      vertex 4.48076 40.4192 16
      vertex 4.57529 40.5049 16
    endloop
  endfacet
  facet normal 0.514196 -0.857673 0
    outer loop
      vertex 4.67776 40.5809 16
      vertex 4.78718 40.6465 30
      vertex 4.67776 40.5809 30
    endloop
  endfacet
  facet normal 0.514196 -0.857673 0
    outer loop
      vertex 4.78718 40.6465 30
      vertex 4.67776 40.5809 16
      vertex 4.78718 40.6465 16
    endloop
  endfacet
  facet normal -0.514196 0.857673 0
    outer loop
      vertex 6.12224 38.4191 16
      vertex 6.01282 38.3535 30
      vertex 6.12224 38.4191 30
    endloop
  endfacet
  facet normal -0.514196 0.857673 0
    outer loop
      vertex 6.01282 38.3535 30
      vertex 6.12224 38.4191 16
      vertex 6.01282 38.3535 16
    endloop
  endfacet
  facet normal 0.595715 0.803196 -0
    outer loop
      vertex 4.67776 38.4191 16
      vertex 4.57529 38.4951 30
      vertex 4.67776 38.4191 30
    endloop
  endfacet
  facet normal 0.595715 0.803196 0
    outer loop
      vertex 4.57529 38.4951 30
      vertex 4.67776 38.4191 16
      vertex 4.57529 38.4951 16
    endloop
  endfacet
  facet normal -0.242997 0.970027 0
    outer loop
      vertex 5.77737 38.256 16
      vertex 5.65362 38.225 30
      vertex 5.77737 38.256 30
    endloop
  endfacet
  facet normal -0.242997 0.970027 0
    outer loop
      vertex 5.65362 38.225 30
      vertex 5.77737 38.256 16
      vertex 5.65362 38.225 16
    endloop
  endfacet
  facet normal 0.740872 -0.671646 0
    outer loop
      vertex 4.39509 40.3247 30
      vertex 4.48076 40.4192 16
      vertex 4.48076 40.4192 30
    endloop
  endfacet
  facet normal 0.740872 -0.671646 0
    outer loop
      vertex 4.48076 40.4192 16
      vertex 4.39509 40.3247 30
      vertex 4.39509 40.3247 16
    endloop
  endfacet
  facet normal 0.740872 0.671646 0
    outer loop
      vertex 4.48076 38.5808 30
      vertex 4.39509 38.6753 16
      vertex 4.39509 38.6753 30
    endloop
  endfacet
  facet normal 0.740872 0.671646 0
    outer loop
      vertex 4.39509 38.6753 16
      vertex 4.48076 38.5808 30
      vertex 4.48076 38.5808 16
    endloop
  endfacet
  facet normal 0.903968 0.427601 0
    outer loop
      vertex 4.2535 38.8872 30
      vertex 4.19896 39.0025 16
      vertex 4.19896 39.0025 30
    endloop
  endfacet
  facet normal 0.903968 0.427601 0
    outer loop
      vertex 4.19896 39.0025 16
      vertex 4.2535 38.8872 30
      vertex 4.2535 38.8872 16
    endloop
  endfacet
  facet normal 0.941525 0.336942 0
    outer loop
      vertex 4.19896 39.0025 30
      vertex 4.15598 39.1226 16
      vertex 4.15598 39.1226 30
    endloop
  endfacet
  facet normal 0.941525 0.336942 0
    outer loop
      vertex 4.15598 39.1226 16
      vertex 4.19896 39.0025 30
      vertex 4.19896 39.0025 16
    endloop
  endfacet
  facet normal -0.595715 0.803196 0
    outer loop
      vertex 6.22471 38.4951 16
      vertex 6.12224 38.4191 30
      vertex 6.22471 38.4951 30
    endloop
  endfacet
  facet normal -0.595715 0.803196 0
    outer loop
      vertex 6.12224 38.4191 30
      vertex 6.22471 38.4951 16
      vertex 6.12224 38.4191 16
    endloop
  endfacet
  facet normal 0.671658 0.740861 -0
    outer loop
      vertex 4.57529 38.4951 16
      vertex 4.48076 38.5808 30
      vertex 4.57529 38.4951 30
    endloop
  endfacet
  facet normal 0.671658 0.740861 0
    outer loop
      vertex 4.48076 38.5808 30
      vertex 4.57529 38.4951 16
      vertex 4.48076 38.5808 16
    endloop
  endfacet
  facet normal -0.941525 0.336942 0
    outer loop
      vertex 6.60104 39.0025 16
      vertex 6.64402 39.1226 30
      vertex 6.64402 39.1226 16
    endloop
  endfacet
  facet normal -0.941525 0.336942 0
    outer loop
      vertex 6.64402 39.1226 30
      vertex 6.60104 39.0025 16
      vertex 6.60104 39.0025 30
    endloop
  endfacet
  facet normal -0.740872 0.671646 0
    outer loop
      vertex 6.31924 38.5808 16
      vertex 6.40491 38.6753 30
      vertex 6.40491 38.6753 16
    endloop
  endfacet
  facet normal -0.740872 0.671646 0
    outer loop
      vertex 6.40491 38.6753 30
      vertex 6.31924 38.5808 16
      vertex 6.31924 38.5808 30
    endloop
  endfacet
  facet normal 0.803279 0.595602 0
    outer loop
      vertex 4.39509 38.6753 30
      vertex 4.31909 38.7778 16
      vertex 4.31909 38.7778 30
    endloop
  endfacet
  facet normal 0.803279 0.595602 0
    outer loop
      vertex 4.31909 38.7778 16
      vertex 4.39509 38.6753 30
      vertex 4.39509 38.6753 16
    endloop
  endfacet
  facet normal 0 0 1
    outer loop
      vertex 6.69374 39.6274 16
      vertex 6.69374 39.3726 16
      vertex 6.7 39.5 16
    endloop
  endfacet
  facet normal 0 0 1
    outer loop
      vertex 6.67502 39.7536 16
      vertex 6.69374 39.3726 16
      vertex 6.69374 39.6274 16
    endloop
  endfacet
  facet normal 0 0 1
    outer loop
      vertex 6.67502 39.7536 16
      vertex 6.67502 39.2464 16
      vertex 6.69374 39.3726 16
    endloop
  endfacet
  facet normal 0 0 1
    outer loop
      vertex 6.64402 39.8774 16
      vertex 6.67502 39.2464 16
      vertex 6.67502 39.7536 16
    endloop
  endfacet
  facet normal 0 0 1
    outer loop
      vertex 6.64402 39.8774 16
      vertex 6.64402 39.1226 16
      vertex 6.67502 39.2464 16
    endloop
  endfacet
  facet normal 0 0 1
    outer loop
      vertex 6.60104 39.9975 16
      vertex 6.64402 39.1226 16
      vertex 6.64402 39.8774 16
    endloop
  endfacet
  facet normal 0 0 1
    outer loop
      vertex 6.60104 39.9975 16
      vertex 6.60104 39.0025 16
      vertex 6.64402 39.1226 16
    endloop
  endfacet
  facet normal 0 0 1
    outer loop
      vertex 6.5465 40.1128 16
      vertex 6.60104 39.0025 16
      vertex 6.60104 39.9975 16
    endloop
  endfacet
  facet normal 0 0 1
    outer loop
      vertex 6.5465 40.1128 16
      vertex 6.5465 38.8872 16
      vertex 6.60104 39.0025 16
    endloop
  endfacet
  facet normal 0 0 1
    outer loop
      vertex 6.48091 40.2222 16
      vertex 6.5465 38.8872 16
      vertex 6.5465 40.1128 16
    endloop
  endfacet
  facet normal 0 0 1
    outer loop
      vertex 6.48091 40.2222 16
      vertex 6.48091 38.7778 16
      vertex 6.5465 38.8872 16
    endloop
  endfacet
  facet normal 0 0 1
    outer loop
      vertex 6.40491 40.3247 16
      vertex 6.48091 38.7778 16
      vertex 6.48091 40.2222 16
    endloop
  endfacet
  facet normal 0 0 1
    outer loop
      vertex 6.40491 40.3247 16
      vertex 6.40491 38.6753 16
      vertex 6.48091 38.7778 16
    endloop
  endfacet
  facet normal 0 0 1
    outer loop
      vertex 6.31924 40.4192 16
      vertex 6.40491 38.6753 16
      vertex 6.40491 40.3247 16
    endloop
  endfacet
  facet normal 0 0 1
    outer loop
      vertex 6.31924 40.4192 16
      vertex 6.31924 38.5808 16
      vertex 6.40491 38.6753 16
    endloop
  endfacet
  facet normal 0 0 1
    outer loop
      vertex 6.22471 40.5049 16
      vertex 6.31924 38.5808 16
      vertex 6.31924 40.4192 16
    endloop
  endfacet
  facet normal 0 0 1
    outer loop
      vertex 6.22471 40.5049 16
      vertex 6.22471 38.4951 16
      vertex 6.31924 38.5808 16
    endloop
  endfacet
  facet normal 0 0 1
    outer loop
      vertex 6.12224 40.5809 16
      vertex 6.22471 38.4951 16
      vertex 6.22471 40.5049 16
    endloop
  endfacet
  facet normal 0 0 1
    outer loop
      vertex 6.12224 40.5809 16
      vertex 6.12224 38.4191 16
      vertex 6.22471 38.4951 16
    endloop
  endfacet
  facet normal 0 0 1
    outer loop
      vertex 6.01282 40.6465 16
      vertex 6.12224 38.4191 16
      vertex 6.12224 40.5809 16
    endloop
  endfacet
  facet normal 0 0 1
    outer loop
      vertex 6.01282 40.6465 16
      vertex 6.01282 38.3535 16
      vertex 6.12224 38.4191 16
    endloop
  endfacet
  facet normal 0 0 1
    outer loop
      vertex 5.89749 40.701 16
      vertex 6.01282 38.3535 16
      vertex 6.01282 40.6465 16
    endloop
  endfacet
  facet normal 0 0 1
    outer loop
      vertex 5.89749 40.701 16
      vertex 5.89749 38.299 16
      vertex 6.01282 38.3535 16
    endloop
  endfacet
  facet normal 0 0 1
    outer loop
      vertex 5.77737 40.744 16
      vertex 5.89749 38.299 16
      vertex 5.89749 40.701 16
    endloop
  endfacet
  facet normal 0 0 1
    outer loop
      vertex 5.77737 40.744 16
      vertex 5.77737 38.256 16
      vertex 5.89749 38.299 16
    endloop
  endfacet
  facet normal 0 0 1
    outer loop
      vertex 5.65362 40.775 16
      vertex 5.77737 38.256 16
      vertex 5.77737 40.744 16
    endloop
  endfacet
  facet normal 0 0 1
    outer loop
      vertex 5.65362 40.775 16
      vertex 5.65362 38.225 16
      vertex 5.77737 38.256 16
    endloop
  endfacet
  facet normal 0 0 1
    outer loop
      vertex 5.52742 40.7937 16
      vertex 5.65362 38.225 16
      vertex 5.65362 40.775 16
    endloop
  endfacet
  facet normal 0 0 1
    outer loop
      vertex 5.52742 40.7937 16
      vertex 5.52742 38.2063 16
      vertex 5.65362 38.225 16
    endloop
  endfacet
  facet normal 0 0 1
    outer loop
      vertex 5.4 40.8 16
      vertex 5.52742 38.2063 16
      vertex 5.52742 40.7937 16
    endloop
  endfacet
  facet normal 0 0 1
    outer loop
      vertex 5.4 40.8 16
      vertex 5.4 38.2 16
      vertex 5.52742 38.2063 16
    endloop
  endfacet
  facet normal -0 0 1
    outer loop
      vertex 5.27258 40.7937 16
      vertex 5.4 38.2 16
      vertex 5.4 40.8 16
    endloop
  endfacet
  facet normal 0 0 1
    outer loop
      vertex 5.27258 40.7937 16
      vertex 5.27258 38.2063 16
      vertex 5.4 38.2 16
    endloop
  endfacet
  facet normal -0 0 1
    outer loop
      vertex 5.14638 40.775 16
      vertex 5.27258 38.2063 16
      vertex 5.27258 40.7937 16
    endloop
  endfacet
  facet normal 0 0 1
    outer loop
      vertex 5.14638 40.775 16
      vertex 5.14638 38.225 16
      vertex 5.27258 38.2063 16
    endloop
  endfacet
  facet normal -0 0 1
    outer loop
      vertex 5.02263 40.744 16
      vertex 5.14638 38.225 16
      vertex 5.14638 40.775 16
    endloop
  endfacet
  facet normal 0 0 1
    outer loop
      vertex 5.02263 40.744 16
      vertex 5.02263 38.256 16
      vertex 5.14638 38.225 16
    endloop
  endfacet
  facet normal -0 0 1
    outer loop
      vertex 4.90251 40.701 16
      vertex 5.02263 38.256 16
      vertex 5.02263 40.744 16
    endloop
  endfacet
  facet normal 0 0 1
    outer loop
      vertex 4.90251 40.701 16
      vertex 4.90251 38.299 16
      vertex 5.02263 38.256 16
    endloop
  endfacet
  facet normal -0 0 1
    outer loop
      vertex 4.78718 40.6465 16
      vertex 4.90251 38.299 16
      vertex 4.90251 40.701 16
    endloop
  endfacet
  facet normal 0 0 1
    outer loop
      vertex 4.78718 40.6465 16
      vertex 4.78718 38.3535 16
      vertex 4.90251 38.299 16
    endloop
  endfacet
  facet normal -0 0 1
    outer loop
      vertex 4.67776 40.5809 16
      vertex 4.78718 38.3535 16
      vertex 4.78718 40.6465 16
    endloop
  endfacet
  facet normal 0 0 1
    outer loop
      vertex 4.67776 40.5809 16
      vertex 4.67776 38.4191 16
      vertex 4.78718 38.3535 16
    endloop
  endfacet
  facet normal -0 0 1
    outer loop
      vertex 4.57529 40.5049 16
      vertex 4.67776 38.4191 16
      vertex 4.67776 40.5809 16
    endloop
  endfacet
  facet normal 0 0 1
    outer loop
      vertex 4.57529 40.5049 16
      vertex 4.57529 38.4951 16
      vertex 4.67776 38.4191 16
    endloop
  endfacet
  facet normal -0 0 1
    outer loop
      vertex 4.48076 40.4192 16
      vertex 4.57529 38.4951 16
      vertex 4.57529 40.5049 16
    endloop
  endfacet
  facet normal 0 0 1
    outer loop
      vertex 4.48076 40.4192 16
      vertex 4.48076 38.5808 16
      vertex 4.57529 38.4951 16
    endloop
  endfacet
  facet normal -0 0 1
    outer loop
      vertex 4.39509 40.3247 16
      vertex 4.48076 38.5808 16
      vertex 4.48076 40.4192 16
    endloop
  endfacet
  facet normal 0 0 1
    outer loop
      vertex 4.39509 40.3247 16
      vertex 4.39509 38.6753 16
      vertex 4.48076 38.5808 16
    endloop
  endfacet
  facet normal -0 0 1
    outer loop
      vertex 4.31909 40.2222 16
      vertex 4.39509 38.6753 16
      vertex 4.39509 40.3247 16
    endloop
  endfacet
  facet normal 0 0 1
    outer loop
      vertex 4.31909 40.2222 16
      vertex 4.31909 38.7778 16
      vertex 4.39509 38.6753 16
    endloop
  endfacet
  facet normal -0 0 1
    outer loop
      vertex 4.2535 40.1128 16
      vertex 4.31909 38.7778 16
      vertex 4.31909 40.2222 16
    endloop
  endfacet
  facet normal 0 0 1
    outer loop
      vertex 4.2535 40.1128 16
      vertex 4.2535 38.8872 16
      vertex 4.31909 38.7778 16
    endloop
  endfacet
  facet normal -0 0 1
    outer loop
      vertex 4.19896 39.9975 16
      vertex 4.2535 38.8872 16
      vertex 4.2535 40.1128 16
    endloop
  endfacet
  facet normal 0 0 1
    outer loop
      vertex 4.19896 39.9975 16
      vertex 4.19896 39.0025 16
      vertex 4.2535 38.8872 16
    endloop
  endfacet
  facet normal -0 0 1
    outer loop
      vertex 4.15598 39.8774 16
      vertex 4.19896 39.0025 16
      vertex 4.19896 39.9975 16
    endloop
  endfacet
  facet normal 0 0 1
    outer loop
      vertex 4.15598 39.8774 16
      vertex 4.15598 39.1226 16
      vertex 4.19896 39.0025 16
    endloop
  endfacet
  facet normal -0 0 1
    outer loop
      vertex 4.12498 39.7536 16
      vertex 4.15598 39.1226 16
      vertex 4.15598 39.8774 16
    endloop
  endfacet
  facet normal 0 0 1
    outer loop
      vertex 4.12498 39.7536 16
      vertex 4.12498 39.2464 16
      vertex 4.15598 39.1226 16
    endloop
  endfacet
  facet normal -0 0 1
    outer loop
      vertex 4.10626 39.6274 16
      vertex 4.12498 39.2464 16
      vertex 4.12498 39.7536 16
    endloop
  endfacet
  facet normal 0 0 1
    outer loop
      vertex 4.10626 39.6274 16
      vertex 4.10626 39.3726 16
      vertex 4.12498 39.2464 16
    endloop
  endfacet
  facet normal 0 -0 1
    outer loop
      vertex 4.10626 39.3726 16
      vertex 4.10626 39.6274 16
      vertex 4.1 39.5 16
    endloop
  endfacet
  facet normal 0.998795 -0.0490774 0
    outer loop
      vertex 4.1 39.5 30
      vertex 4.10626 39.6274 16
      vertex 4.10626 39.6274 30
    endloop
  endfacet
  facet normal 0.998795 -0.0490774 0
    outer loop
      vertex 4.10626 39.6274 16
      vertex 4.1 39.5 30
      vertex 4.1 39.5 16
    endloop
  endfacet
  facet normal 0.998795 0.0490774 0
    outer loop
      vertex 4.10626 39.3726 30
      vertex 4.1 39.5 16
      vertex 4.1 39.5 30
    endloop
  endfacet
  facet normal 0.998795 0.0490774 0
    outer loop
      vertex 4.1 39.5 16
      vertex 4.10626 39.3726 30
      vertex 4.10626 39.3726 16
    endloop
  endfacet
  facet normal -0.671658 0.740861 0
    outer loop
      vertex 6.31924 38.5808 16
      vertex 6.22471 38.4951 30
      vertex 6.31924 38.5808 30
    endloop
  endfacet
  facet normal -0.671658 0.740861 0
    outer loop
      vertex 6.22471 38.4951 30
      vertex 6.31924 38.5808 16
      vertex 6.22471 38.4951 16
    endloop
  endfacet
  facet normal 0.857666 -0.514208 0
    outer loop
      vertex 4.2535 40.1128 30
      vertex 4.31909 40.2222 16
      vertex 4.31909 40.2222 30
    endloop
  endfacet
  facet normal 0.857666 -0.514208 0
    outer loop
      vertex 4.31909 40.2222 16
      vertex 4.2535 40.1128 30
      vertex 4.2535 40.1128 16
    endloop
  endfacet
  facet normal 0.427254 0.904132 -0
    outer loop
      vertex 4.90251 38.299 16
      vertex 4.78718 38.3535 30
      vertex 4.90251 38.299 30
    endloop
  endfacet
  facet normal 0.427254 0.904132 0
    outer loop
      vertex 4.78718 38.3535 30
      vertex 4.90251 38.299 16
      vertex 4.78718 38.3535 16
    endloop
  endfacet
  facet normal -0.988856 -0.148877 0
    outer loop
      vertex 126.694 5.52742 16
      vertex 126.675 5.65362 30
      vertex 126.675 5.65362 16
    endloop
  endfacet
  facet normal -0.988856 -0.148877 0
    outer loop
      vertex 126.675 5.65362 30
      vertex 126.694 5.52742 16
      vertex 126.694 5.52742 30
    endloop
  endfacet
  facet normal -0.998893 -0.0470363 0
    outer loop
      vertex 126.7 5.4 16
      vertex 126.694 5.52742 30
      vertex 126.694 5.52742 16
    endloop
  endfacet
  facet normal -0.998893 -0.0470363 0
    outer loop
      vertex 126.694 5.52742 30
      vertex 126.7 5.4 16
      vertex 126.7 5.4 30
    endloop
  endfacet
  facet normal -0.970027 -0.242997 0
    outer loop
      vertex 126.675 5.65362 16
      vertex 126.644 5.77737 30
      vertex 126.644 5.77737 16
    endloop
  endfacet
  facet normal -0.970027 -0.242997 0
    outer loop
      vertex 126.644 5.77737 30
      vertex 126.675 5.65362 16
      vertex 126.675 5.65362 30
    endloop
  endfacet
  facet normal -0.337191 0.941436 0
    outer loop
      vertex 125.897 4.19896 16
      vertex 125.777 4.15598 30
      vertex 125.897 4.19896 30
    endloop
  endfacet
  facet normal -0.337191 0.941436 0
    outer loop
      vertex 125.777 4.15598 30
      vertex 125.897 4.19896 16
      vertex 125.777 4.15598 16
    endloop
  endfacet
  facet normal -0.859745 -0.510724 0
    outer loop
      vertex 126.546 6.01282 16
      vertex 126.481 6.12224 30
      vertex 126.481 6.12224 16
    endloop
  endfacet
  facet normal -0.859745 -0.510724 0
    outer loop
      vertex 126.481 6.12224 30
      vertex 126.546 6.01282 16
      vertex 126.546 6.01282 30
    endloop
  endfacet
  facet normal 0.739692 -0.672945 0
    outer loop
      vertex 124.395 6.22471 30
      vertex 124.481 6.31924 16
      vertex 124.481 6.31924 30
    endloop
  endfacet
  facet normal 0.739692 -0.672945 0
    outer loop
      vertex 124.481 6.31924 16
      vertex 124.395 6.22471 30
      vertex 124.395 6.22471 16
    endloop
  endfacet
  facet normal -0.337191 -0.941436 0
    outer loop
      vertex 125.777 6.64402 16
      vertex 125.897 6.60104 30
      vertex 125.777 6.64402 30
    endloop
  endfacet
  facet normal -0.337191 -0.941436 -0
    outer loop
      vertex 125.897 6.60104 30
      vertex 125.777 6.64402 16
      vertex 125.897 6.60104 16
    endloop
  endfacet
  facet normal 0.859745 -0.510724 0
    outer loop
      vertex 124.254 6.01282 30
      vertex 124.319 6.12224 16
      vertex 124.319 6.12224 30
    endloop
  endfacet
  facet normal 0.859745 -0.510724 0
    outer loop
      vertex 124.319 6.12224 16
      vertex 124.254 6.01282 30
      vertex 124.254 6.01282 16
    endloop
  endfacet
  facet normal 0.425489 0.904964 -0
    outer loop
      vertex 124.903 4.19896 16
      vertex 124.787 4.2535 30
      vertex 124.903 4.19896 30
    endloop
  endfacet
  facet normal 0.425489 0.904964 0
    outer loop
      vertex 124.787 4.2535 30
      vertex 124.903 4.19896 16
      vertex 124.787 4.2535 16
    endloop
  endfacet
  facet normal -0.0492316 0.998787 0
    outer loop
      vertex 125.527 4.10626 16
      vertex 125.4 4.1 30
      vertex 125.527 4.10626 30
    endloop
  endfacet
  facet normal -0.0492316 0.998787 0
    outer loop
      vertex 125.4 4.1 30
      vertex 125.527 4.10626 16
      vertex 125.4 4.1 16
    endloop
  endfacet
  facet normal -0.425489 -0.904964 0
    outer loop
      vertex 125.897 6.60104 16
      vertex 126.013 6.5465 30
      vertex 125.897 6.60104 30
    endloop
  endfacet
  facet normal -0.425489 -0.904964 -0
    outer loop
      vertex 126.013 6.5465 30
      vertex 125.897 6.60104 16
      vertex 126.013 6.5465 16
    endloop
  endfacet
  facet normal 0.902614 0.43045 0
    outer loop
      vertex 124.254 4.78718 30
      vertex 124.199 4.90251 16
      vertex 124.199 4.90251 30
    endloop
  endfacet
  facet normal 0.902614 0.43045 0
    outer loop
      vertex 124.199 4.90251 16
      vertex 124.254 4.78718 30
      vertex 124.254 4.78718 16
    endloop
  endfacet
  facet normal -0.6736 -0.739096 0
    outer loop
      vertex 126.225 6.40491 16
      vertex 126.319 6.31924 30
      vertex 126.225 6.40491 30
    endloop
  endfacet
  facet normal -0.6736 -0.739096 -0
    outer loop
      vertex 126.319 6.31924 30
      vertex 126.225 6.40491 16
      vertex 126.319 6.31924 16
    endloop
  endfacet
  facet normal 0.593732 0.804663 -0
    outer loop
      vertex 124.678 4.31909 16
      vertex 124.575 4.39509 30
      vertex 124.678 4.31909 30
    endloop
  endfacet
  facet normal 0.593732 0.804663 0
    outer loop
      vertex 124.575 4.39509 30
      vertex 124.678 4.31909 16
      vertex 124.575 4.39509 16
    endloop
  endfacet
  facet normal -0.24439 0.969677 0
    outer loop
      vertex 125.777 4.15598 16
      vertex 125.654 4.12498 30
      vertex 125.777 4.15598 30
    endloop
  endfacet
  facet normal -0.24439 0.969677 0
    outer loop
      vertex 125.654 4.12498 30
      vertex 125.777 4.15598 16
      vertex 125.654 4.12498 16
    endloop
  endfacet
  facet normal 0.24439 0.969677 -0
    outer loop
      vertex 125.146 4.12498 16
      vertex 125.023 4.15598 30
      vertex 125.146 4.12498 30
    endloop
  endfacet
  facet normal 0.24439 0.969677 0
    outer loop
      vertex 125.023 4.15598 30
      vertex 125.146 4.12498 16
      vertex 125.023 4.15598 16
    endloop
  endfacet
  facet normal -0.970027 0.242997 0
    outer loop
      vertex 126.644 5.02263 16
      vertex 126.675 5.14638 30
      vertex 126.675 5.14638 16
    endloop
  endfacet
  facet normal -0.970027 0.242997 0
    outer loop
      vertex 126.675 5.14638 30
      vertex 126.644 5.02263 16
      vertex 126.644 5.02263 30
    endloop
  endfacet
  facet normal -0.515594 0.856833 0
    outer loop
      vertex 126.122 4.31909 16
      vertex 126.013 4.2535 30
      vertex 126.122 4.31909 30
    endloop
  endfacet
  facet normal -0.515594 0.856833 0
    outer loop
      vertex 126.013 4.2535 30
      vertex 126.122 4.31909 16
      vertex 126.013 4.2535 16
    endloop
  endfacet
  facet normal 0.145826 0.98931 -0
    outer loop
      vertex 125.273 4.10626 16
      vertex 125.146 4.12498 30
      vertex 125.273 4.10626 30
    endloop
  endfacet
  facet normal 0.145826 0.98931 0
    outer loop
      vertex 125.146 4.12498 30
      vertex 125.273 4.10626 16
      vertex 125.146 4.12498 16
    endloop
  endfacet
  facet normal 0.593732 -0.804663 0
    outer loop
      vertex 124.575 6.40491 16
      vertex 124.678 6.48091 30
      vertex 124.575 6.40491 30
    endloop
  endfacet
  facet normal 0.593732 -0.804663 0
    outer loop
      vertex 124.678 6.48091 30
      vertex 124.575 6.40491 16
      vertex 124.678 6.48091 16
    endloop
  endfacet
  facet normal 0.998893 0.0470363 0
    outer loop
      vertex 124.106 5.27258 30
      vertex 124.1 5.4 16
      vertex 124.1 5.4 30
    endloop
  endfacet
  facet normal 0.998893 0.0470363 0
    outer loop
      vertex 124.1 5.4 16
      vertex 124.106 5.27258 30
      vertex 124.106 5.27258 16
    endloop
  endfacet
  facet normal 0.970027 0.242997 0
    outer loop
      vertex 124.156 5.02263 30
      vertex 124.125 5.14638 16
      vertex 124.125 5.14638 30
    endloop
  endfacet
  facet normal 0.970027 0.242997 0
    outer loop
      vertex 124.125 5.14638 16
      vertex 124.156 5.02263 30
      vertex 124.156 5.02263 16
    endloop
  endfacet
  facet normal -0.941493 0.337031 0
    outer loop
      vertex 126.601 4.90251 16
      vertex 126.644 5.02263 30
      vertex 126.644 5.02263 16
    endloop
  endfacet
  facet normal -0.941493 0.337031 0
    outer loop
      vertex 126.644 5.02263 30
      vertex 126.601 4.90251 16
      vertex 126.601 4.90251 30
    endloop
  endfacet
  facet normal -0.593732 -0.804663 0
    outer loop
      vertex 126.122 6.48091 16
      vertex 126.225 6.40491 30
      vertex 126.122 6.48091 30
    endloop
  endfacet
  facet normal -0.593732 -0.804663 -0
    outer loop
      vertex 126.225 6.40491 30
      vertex 126.122 6.48091 16
      vertex 126.225 6.40491 16
    endloop
  endfacet
  facet normal 0.803196 -0.595715 0
    outer loop
      vertex 124.319 6.12224 30
      vertex 124.395 6.22471 16
      vertex 124.395 6.22471 30
    endloop
  endfacet
  facet normal 0.803196 -0.595715 0
    outer loop
      vertex 124.395 6.22471 16
      vertex 124.319 6.12224 30
      vertex 124.319 6.12224 16
    endloop
  endfacet
  facet normal 0.0492316 -0.998787 0
    outer loop
      vertex 125.273 6.69374 16
      vertex 125.4 6.7 30
      vertex 125.273 6.69374 30
    endloop
  endfacet
  facet normal 0.0492316 -0.998787 0
    outer loop
      vertex 125.4 6.7 30
      vertex 125.273 6.69374 16
      vertex 125.4 6.7 16
    endloop
  endfacet
  facet normal 0.515594 -0.856833 0
    outer loop
      vertex 124.678 6.48091 16
      vertex 124.787 6.5465 30
      vertex 124.678 6.48091 30
    endloop
  endfacet
  facet normal 0.515594 -0.856833 0
    outer loop
      vertex 124.787 6.5465 30
      vertex 124.678 6.48091 16
      vertex 124.787 6.5465 16
    endloop
  endfacet
  facet normal -0.803196 -0.595715 0
    outer loop
      vertex 126.481 6.12224 16
      vertex 126.405 6.22471 30
      vertex 126.405 6.22471 16
    endloop
  endfacet
  facet normal -0.803196 -0.595715 0
    outer loop
      vertex 126.405 6.22471 30
      vertex 126.481 6.12224 16
      vertex 126.481 6.12224 30
    endloop
  endfacet
  facet normal -0.515594 -0.856833 0
    outer loop
      vertex 126.013 6.5465 16
      vertex 126.122 6.48091 30
      vertex 126.013 6.5465 30
    endloop
  endfacet
  facet normal -0.515594 -0.856833 -0
    outer loop
      vertex 126.122 6.48091 30
      vertex 126.013 6.5465 16
      vertex 126.122 6.48091 16
    endloop
  endfacet
  facet normal -0.425489 0.904964 0
    outer loop
      vertex 126.013 4.2535 16
      vertex 125.897 4.19896 30
      vertex 126.013 4.2535 30
    endloop
  endfacet
  facet normal -0.425489 0.904964 0
    outer loop
      vertex 125.897 4.19896 30
      vertex 126.013 4.2535 16
      vertex 125.897 4.19896 16
    endloop
  endfacet
  facet normal 0.941493 0.337031 0
    outer loop
      vertex 124.199 4.90251 30
      vertex 124.156 5.02263 16
      vertex 124.156 5.02263 30
    endloop
  endfacet
  facet normal 0.941493 0.337031 0
    outer loop
      vertex 124.156 5.02263 16
      vertex 124.199 4.90251 30
      vertex 124.199 4.90251 16
    endloop
  endfacet
  facet normal -0.859745 0.510724 0
    outer loop
      vertex 126.481 4.67776 16
      vertex 126.546 4.78718 30
      vertex 126.546 4.78718 16
    endloop
  endfacet
  facet normal -0.859745 0.510724 0
    outer loop
      vertex 126.546 4.78718 30
      vertex 126.481 4.67776 16
      vertex 126.481 4.67776 30
    endloop
  endfacet
  facet normal -0.739692 -0.672945 0
    outer loop
      vertex 126.405 6.22471 16
      vertex 126.319 6.31924 30
      vertex 126.319 6.31924 16
    endloop
  endfacet
  facet normal -0.739692 -0.672945 0
    outer loop
      vertex 126.319 6.31924 30
      vertex 126.405 6.22471 16
      vertex 126.405 6.22471 30
    endloop
  endfacet
  facet normal -0.998893 0.0470363 0
    outer loop
      vertex 126.694 5.27258 16
      vertex 126.7 5.4 30
      vertex 126.7 5.4 16
    endloop
  endfacet
  facet normal -0.998893 0.0470363 0
    outer loop
      vertex 126.7 5.4 30
      vertex 126.694 5.27258 16
      vertex 126.694 5.27258 30
    endloop
  endfacet
  facet normal 0.145826 -0.98931 0
    outer loop
      vertex 125.146 6.67502 16
      vertex 125.273 6.69374 30
      vertex 125.146 6.67502 30
    endloop
  endfacet
  facet normal 0.145826 -0.98931 0
    outer loop
      vertex 125.273 6.69374 30
      vertex 125.146 6.67502 16
      vertex 125.273 6.69374 16
    endloop
  endfacet
  facet normal 0.988856 -0.148877 0
    outer loop
      vertex 124.106 5.52742 30
      vertex 124.125 5.65362 16
      vertex 124.125 5.65362 30
    endloop
  endfacet
  facet normal 0.988856 -0.148877 0
    outer loop
      vertex 124.125 5.65362 16
      vertex 124.106 5.52742 30
      vertex 124.106 5.52742 16
    endloop
  endfacet
  facet normal -0.145826 0.98931 0
    outer loop
      vertex 125.654 4.12498 16
      vertex 125.527 4.10626 30
      vertex 125.654 4.12498 30
    endloop
  endfacet
  facet normal -0.145826 0.98931 0
    outer loop
      vertex 125.527 4.10626 30
      vertex 125.654 4.12498 16
      vertex 125.527 4.10626 16
    endloop
  endfacet
  facet normal -0.941493 -0.337031 0
    outer loop
      vertex 126.644 5.77737 16
      vertex 126.601 5.89749 30
      vertex 126.601 5.89749 16
    endloop
  endfacet
  facet normal -0.941493 -0.337031 0
    outer loop
      vertex 126.601 5.89749 30
      vertex 126.644 5.77737 16
      vertex 126.644 5.77737 30
    endloop
  endfacet
  facet normal -0.739692 0.672945 0
    outer loop
      vertex 126.319 4.48076 16
      vertex 126.405 4.57529 30
      vertex 126.405 4.57529 16
    endloop
  endfacet
  facet normal -0.739692 0.672945 0
    outer loop
      vertex 126.405 4.57529 30
      vertex 126.319 4.48076 16
      vertex 126.319 4.48076 30
    endloop
  endfacet
  facet normal -0.803196 0.595715 0
    outer loop
      vertex 126.405 4.57529 16
      vertex 126.481 4.67776 30
      vertex 126.481 4.67776 16
    endloop
  endfacet
  facet normal -0.803196 0.595715 0
    outer loop
      vertex 126.481 4.67776 30
      vertex 126.405 4.57529 16
      vertex 126.405 4.57529 30
    endloop
  endfacet
  facet normal -0.902614 0.43045 0
    outer loop
      vertex 126.546 4.78718 16
      vertex 126.601 4.90251 30
      vertex 126.601 4.90251 16
    endloop
  endfacet
  facet normal -0.902614 0.43045 0
    outer loop
      vertex 126.601 4.90251 30
      vertex 126.546 4.78718 16
      vertex 126.546 4.78718 30
    endloop
  endfacet
  facet normal 0.24439 -0.969677 0
    outer loop
      vertex 125.023 6.64402 16
      vertex 125.146 6.67502 30
      vertex 125.023 6.64402 30
    endloop
  endfacet
  facet normal 0.24439 -0.969677 0
    outer loop
      vertex 125.146 6.67502 30
      vertex 125.023 6.64402 16
      vertex 125.146 6.67502 16
    endloop
  endfacet
  facet normal 0.941493 -0.337031 0
    outer loop
      vertex 124.156 5.77737 30
      vertex 124.199 5.89749 16
      vertex 124.199 5.89749 30
    endloop
  endfacet
  facet normal 0.941493 -0.337031 0
    outer loop
      vertex 124.199 5.89749 16
      vertex 124.156 5.77737 30
      vertex 124.156 5.77737 16
    endloop
  endfacet
  facet normal 0.425489 -0.904964 0
    outer loop
      vertex 124.787 6.5465 16
      vertex 124.903 6.60104 30
      vertex 124.787 6.5465 30
    endloop
  endfacet
  facet normal 0.425489 -0.904964 0
    outer loop
      vertex 124.903 6.60104 30
      vertex 124.787 6.5465 16
      vertex 124.903 6.60104 16
    endloop
  endfacet
  facet normal -0.902614 -0.43045 0
    outer loop
      vertex 126.601 5.89749 16
      vertex 126.546 6.01282 30
      vertex 126.546 6.01282 16
    endloop
  endfacet
  facet normal -0.902614 -0.43045 0
    outer loop
      vertex 126.546 6.01282 30
      vertex 126.601 5.89749 16
      vertex 126.601 5.89749 30
    endloop
  endfacet
  facet normal 0.970027 -0.242997 0
    outer loop
      vertex 124.125 5.65362 30
      vertex 124.156 5.77737 16
      vertex 124.156 5.77737 30
    endloop
  endfacet
  facet normal 0.970027 -0.242997 0
    outer loop
      vertex 124.156 5.77737 16
      vertex 124.125 5.65362 30
      vertex 124.125 5.65362 16
    endloop
  endfacet
  facet normal 0.6736 -0.739096 0
    outer loop
      vertex 124.481 6.31924 16
      vertex 124.575 6.40491 30
      vertex 124.481 6.31924 30
    endloop
  endfacet
  facet normal 0.6736 -0.739096 0
    outer loop
      vertex 124.575 6.40491 30
      vertex 124.481 6.31924 16
      vertex 124.575 6.40491 16
    endloop
  endfacet
  facet normal 0 0 1
    outer loop
      vertex 126.694 5.52742 16
      vertex 126.694 5.27258 16
      vertex 126.7 5.4 16
    endloop
  endfacet
  facet normal 0 0 1
    outer loop
      vertex 126.675 5.65362 16
      vertex 126.694 5.27258 16
      vertex 126.694 5.52742 16
    endloop
  endfacet
  facet normal 0 0 1
    outer loop
      vertex 126.675 5.65362 16
      vertex 126.675 5.14638 16
      vertex 126.694 5.27258 16
    endloop
  endfacet
  facet normal 0 0 1
    outer loop
      vertex 126.644 5.77737 16
      vertex 126.675 5.14638 16
      vertex 126.675 5.65362 16
    endloop
  endfacet
  facet normal 0 0 1
    outer loop
      vertex 126.644 5.77737 16
      vertex 126.644 5.02263 16
      vertex 126.675 5.14638 16
    endloop
  endfacet
  facet normal 0 0 1
    outer loop
      vertex 126.601 5.89749 16
      vertex 126.644 5.02263 16
      vertex 126.644 5.77737 16
    endloop
  endfacet
  facet normal 0 0 1
    outer loop
      vertex 126.601 5.89749 16
      vertex 126.601 4.90251 16
      vertex 126.644 5.02263 16
    endloop
  endfacet
  facet normal 0 0 1
    outer loop
      vertex 126.546 6.01282 16
      vertex 126.601 4.90251 16
      vertex 126.601 5.89749 16
    endloop
  endfacet
  facet normal 0 0 1
    outer loop
      vertex 126.546 6.01282 16
      vertex 126.546 4.78718 16
      vertex 126.601 4.90251 16
    endloop
  endfacet
  facet normal 0 0 1
    outer loop
      vertex 126.481 6.12224 16
      vertex 126.546 4.78718 16
      vertex 126.546 6.01282 16
    endloop
  endfacet
  facet normal 0 0 1
    outer loop
      vertex 126.481 6.12224 16
      vertex 126.481 4.67776 16
      vertex 126.546 4.78718 16
    endloop
  endfacet
  facet normal 0 0 1
    outer loop
      vertex 126.405 6.22471 16
      vertex 126.481 4.67776 16
      vertex 126.481 6.12224 16
    endloop
  endfacet
  facet normal 0 0 1
    outer loop
      vertex 126.405 6.22471 16
      vertex 126.405 4.57529 16
      vertex 126.481 4.67776 16
    endloop
  endfacet
  facet normal 0 0 1
    outer loop
      vertex 126.319 6.31924 16
      vertex 126.405 4.57529 16
      vertex 126.405 6.22471 16
    endloop
  endfacet
  facet normal 0 0 1
    outer loop
      vertex 126.319 6.31924 16
      vertex 126.319 4.48076 16
      vertex 126.405 4.57529 16
    endloop
  endfacet
  facet normal 0 0 1
    outer loop
      vertex 126.225 6.40491 16
      vertex 126.319 4.48076 16
      vertex 126.319 6.31924 16
    endloop
  endfacet
  facet normal 0 0 1
    outer loop
      vertex 126.225 6.40491 16
      vertex 126.225 4.39509 16
      vertex 126.319 4.48076 16
    endloop
  endfacet
  facet normal 0 0 1
    outer loop
      vertex 126.122 6.48091 16
      vertex 126.225 4.39509 16
      vertex 126.225 6.40491 16
    endloop
  endfacet
  facet normal 0 0 1
    outer loop
      vertex 126.122 6.48091 16
      vertex 126.122 4.31909 16
      vertex 126.225 4.39509 16
    endloop
  endfacet
  facet normal 0 0 1
    outer loop
      vertex 126.013 6.5465 16
      vertex 126.122 4.31909 16
      vertex 126.122 6.48091 16
    endloop
  endfacet
  facet normal 0 0 1
    outer loop
      vertex 126.013 6.5465 16
      vertex 126.013 4.2535 16
      vertex 126.122 4.31909 16
    endloop
  endfacet
  facet normal 0 0 1
    outer loop
      vertex 125.897 6.60104 16
      vertex 126.013 4.2535 16
      vertex 126.013 6.5465 16
    endloop
  endfacet
  facet normal 0 0 1
    outer loop
      vertex 125.897 6.60104 16
      vertex 125.897 4.19896 16
      vertex 126.013 4.2535 16
    endloop
  endfacet
  facet normal 0 0 1
    outer loop
      vertex 125.777 6.64402 16
      vertex 125.897 4.19896 16
      vertex 125.897 6.60104 16
    endloop
  endfacet
  facet normal 0 0 1
    outer loop
      vertex 125.777 6.64402 16
      vertex 125.777 4.15598 16
      vertex 125.897 4.19896 16
    endloop
  endfacet
  facet normal 0 0 1
    outer loop
      vertex 125.654 6.67502 16
      vertex 125.777 4.15598 16
      vertex 125.777 6.64402 16
    endloop
  endfacet
  facet normal 0 0 1
    outer loop
      vertex 125.654 6.67502 16
      vertex 125.654 4.12498 16
      vertex 125.777 4.15598 16
    endloop
  endfacet
  facet normal 0 0 1
    outer loop
      vertex 125.527 6.69374 16
      vertex 125.654 4.12498 16
      vertex 125.654 6.67502 16
    endloop
  endfacet
  facet normal 0 0 1
    outer loop
      vertex 125.527 6.69374 16
      vertex 125.527 4.10626 16
      vertex 125.654 4.12498 16
    endloop
  endfacet
  facet normal 0 0 1
    outer loop
      vertex 125.4 6.7 16
      vertex 125.527 4.10626 16
      vertex 125.527 6.69374 16
    endloop
  endfacet
  facet normal 0 0 1
    outer loop
      vertex 125.4 6.7 16
      vertex 125.4 4.1 16
      vertex 125.527 4.10626 16
    endloop
  endfacet
  facet normal -0 0 1
    outer loop
      vertex 125.273 6.69374 16
      vertex 125.4 4.1 16
      vertex 125.4 6.7 16
    endloop
  endfacet
  facet normal 0 0 1
    outer loop
      vertex 125.273 6.69374 16
      vertex 125.273 4.10626 16
      vertex 125.4 4.1 16
    endloop
  endfacet
  facet normal -0 0 1
    outer loop
      vertex 125.146 6.67502 16
      vertex 125.273 4.10626 16
      vertex 125.273 6.69374 16
    endloop
  endfacet
  facet normal 0 0 1
    outer loop
      vertex 125.146 6.67502 16
      vertex 125.146 4.12498 16
      vertex 125.273 4.10626 16
    endloop
  endfacet
  facet normal -0 0 1
    outer loop
      vertex 125.023 6.64402 16
      vertex 125.146 4.12498 16
      vertex 125.146 6.67502 16
    endloop
  endfacet
  facet normal 0 0 1
    outer loop
      vertex 125.023 6.64402 16
      vertex 125.023 4.15598 16
      vertex 125.146 4.12498 16
    endloop
  endfacet
  facet normal -0 0 1
    outer loop
      vertex 124.903 6.60104 16
      vertex 125.023 4.15598 16
      vertex 125.023 6.64402 16
    endloop
  endfacet
  facet normal 0 0 1
    outer loop
      vertex 124.903 6.60104 16
      vertex 124.903 4.19896 16
      vertex 125.023 4.15598 16
    endloop
  endfacet
  facet normal -0 0 1
    outer loop
      vertex 124.787 6.5465 16
      vertex 124.903 4.19896 16
      vertex 124.903 6.60104 16
    endloop
  endfacet
  facet normal 0 0 1
    outer loop
      vertex 124.787 6.5465 16
      vertex 124.787 4.2535 16
      vertex 124.903 4.19896 16
    endloop
  endfacet
  facet normal -0 0 1
    outer loop
      vertex 124.678 6.48091 16
      vertex 124.787 4.2535 16
      vertex 124.787 6.5465 16
    endloop
  endfacet
  facet normal 0 0 1
    outer loop
      vertex 124.678 6.48091 16
      vertex 124.678 4.31909 16
      vertex 124.787 4.2535 16
    endloop
  endfacet
  facet normal -0 0 1
    outer loop
      vertex 124.575 6.40491 16
      vertex 124.678 4.31909 16
      vertex 124.678 6.48091 16
    endloop
  endfacet
  facet normal 0 0 1
    outer loop
      vertex 124.575 6.40491 16
      vertex 124.575 4.39509 16
      vertex 124.678 4.31909 16
    endloop
  endfacet
  facet normal -0 0 1
    outer loop
      vertex 124.481 6.31924 16
      vertex 124.575 4.39509 16
      vertex 124.575 6.40491 16
    endloop
  endfacet
  facet normal 0 0 1
    outer loop
      vertex 124.481 6.31924 16
      vertex 124.481 4.48076 16
      vertex 124.575 4.39509 16
    endloop
  endfacet
  facet normal -0 0 1
    outer loop
      vertex 124.395 6.22471 16
      vertex 124.481 4.48076 16
      vertex 124.481 6.31924 16
    endloop
  endfacet
  facet normal 0 0 1
    outer loop
      vertex 124.395 6.22471 16
      vertex 124.395 4.57529 16
      vertex 124.481 4.48076 16
    endloop
  endfacet
  facet normal -0 0 1
    outer loop
      vertex 124.319 6.12224 16
      vertex 124.395 4.57529 16
      vertex 124.395 6.22471 16
    endloop
  endfacet
  facet normal 0 0 1
    outer loop
      vertex 124.319 6.12224 16
      vertex 124.319 4.67776 16
      vertex 124.395 4.57529 16
    endloop
  endfacet
  facet normal -0 0 1
    outer loop
      vertex 124.254 6.01282 16
      vertex 124.319 4.67776 16
      vertex 124.319 6.12224 16
    endloop
  endfacet
  facet normal 0 0 1
    outer loop
      vertex 124.254 6.01282 16
      vertex 124.254 4.78718 16
      vertex 124.319 4.67776 16
    endloop
  endfacet
  facet normal -0 0 1
    outer loop
      vertex 124.199 5.89749 16
      vertex 124.254 4.78718 16
      vertex 124.254 6.01282 16
    endloop
  endfacet
  facet normal 0 0 1
    outer loop
      vertex 124.199 5.89749 16
      vertex 124.199 4.90251 16
      vertex 124.254 4.78718 16
    endloop
  endfacet
  facet normal -0 0 1
    outer loop
      vertex 124.156 5.77737 16
      vertex 124.199 4.90251 16
      vertex 124.199 5.89749 16
    endloop
  endfacet
  facet normal 0 0 1
    outer loop
      vertex 124.156 5.77737 16
      vertex 124.156 5.02263 16
      vertex 124.199 4.90251 16
    endloop
  endfacet
  facet normal -0 0 1
    outer loop
      vertex 124.125 5.65362 16
      vertex 124.156 5.02263 16
      vertex 124.156 5.77737 16
    endloop
  endfacet
  facet normal 0 0 1
    outer loop
      vertex 124.125 5.65362 16
      vertex 124.125 5.14638 16
      vertex 124.156 5.02263 16
    endloop
  endfacet
  facet normal -0 0 1
    outer loop
      vertex 124.106 5.52742 16
      vertex 124.125 5.14638 16
      vertex 124.125 5.65362 16
    endloop
  endfacet
  facet normal 0 0 1
    outer loop
      vertex 124.106 5.52742 16
      vertex 124.106 5.27258 16
      vertex 124.125 5.14638 16
    endloop
  endfacet
  facet normal 0 -0 1
    outer loop
      vertex 124.106 5.27258 16
      vertex 124.106 5.52742 16
      vertex 124.1 5.4 16
    endloop
  endfacet
  facet normal -0.988856 0.148877 0
    outer loop
      vertex 126.675 5.14638 16
      vertex 126.694 5.27258 30
      vertex 126.694 5.27258 16
    endloop
  endfacet
  facet normal -0.988856 0.148877 0
    outer loop
      vertex 126.694 5.27258 30
      vertex 126.675 5.14638 16
      vertex 126.675 5.14638 30
    endloop
  endfacet
  facet normal -0.145826 -0.98931 0
    outer loop
      vertex 125.527 6.69374 16
      vertex 125.654 6.67502 30
      vertex 125.527 6.69374 30
    endloop
  endfacet
  facet normal -0.145826 -0.98931 -0
    outer loop
      vertex 125.654 6.67502 30
      vertex 125.527 6.69374 16
      vertex 125.654 6.67502 16
    endloop
  endfacet
  facet normal -0.0492316 -0.998787 0
    outer loop
      vertex 125.4 6.7 16
      vertex 125.527 6.69374 30
      vertex 125.4 6.7 30
    endloop
  endfacet
  facet normal -0.0492316 -0.998787 -0
    outer loop
      vertex 125.527 6.69374 30
      vertex 125.4 6.7 16
      vertex 125.527 6.69374 16
    endloop
  endfacet
  facet normal 0.739692 0.672945 0
    outer loop
      vertex 124.481 4.48076 30
      vertex 124.395 4.57529 16
      vertex 124.395 4.57529 30
    endloop
  endfacet
  facet normal 0.739692 0.672945 0
    outer loop
      vertex 124.395 4.57529 16
      vertex 124.481 4.48076 30
      vertex 124.481 4.48076 16
    endloop
  endfacet
  facet normal 0.859745 0.510724 0
    outer loop
      vertex 124.319 4.67776 30
      vertex 124.254 4.78718 16
      vertex 124.254 4.78718 30
    endloop
  endfacet
  facet normal 0.859745 0.510724 0
    outer loop
      vertex 124.254 4.78718 16
      vertex 124.319 4.67776 30
      vertex 124.319 4.67776 16
    endloop
  endfacet
  facet normal 0.337191 -0.941436 0
    outer loop
      vertex 124.903 6.60104 16
      vertex 125.023 6.64402 30
      vertex 124.903 6.60104 30
    endloop
  endfacet
  facet normal 0.337191 -0.941436 0
    outer loop
      vertex 125.023 6.64402 30
      vertex 124.903 6.60104 16
      vertex 125.023 6.64402 16
    endloop
  endfacet
  facet normal 0.515594 0.856833 -0
    outer loop
      vertex 124.787 4.2535 16
      vertex 124.678 4.31909 30
      vertex 124.787 4.2535 30
    endloop
  endfacet
  facet normal 0.515594 0.856833 0
    outer loop
      vertex 124.678 4.31909 30
      vertex 124.787 4.2535 16
      vertex 124.678 4.31909 16
    endloop
  endfacet
  facet normal -0.593732 0.804663 0
    outer loop
      vertex 126.225 4.39509 16
      vertex 126.122 4.31909 30
      vertex 126.225 4.39509 30
    endloop
  endfacet
  facet normal -0.593732 0.804663 0
    outer loop
      vertex 126.122 4.31909 30
      vertex 126.225 4.39509 16
      vertex 126.122 4.31909 16
    endloop
  endfacet
  facet normal 0.803196 0.595715 0
    outer loop
      vertex 124.395 4.57529 30
      vertex 124.319 4.67776 16
      vertex 124.319 4.67776 30
    endloop
  endfacet
  facet normal 0.803196 0.595715 0
    outer loop
      vertex 124.319 4.67776 16
      vertex 124.395 4.57529 30
      vertex 124.395 4.57529 16
    endloop
  endfacet
  facet normal 0.902614 -0.43045 0
    outer loop
      vertex 124.199 5.89749 30
      vertex 124.254 6.01282 16
      vertex 124.254 6.01282 30
    endloop
  endfacet
  facet normal 0.902614 -0.43045 0
    outer loop
      vertex 124.254 6.01282 16
      vertex 124.199 5.89749 30
      vertex 124.199 5.89749 16
    endloop
  endfacet
  facet normal 0.988856 0.148877 0
    outer loop
      vertex 124.125 5.14638 30
      vertex 124.106 5.27258 16
      vertex 124.106 5.27258 30
    endloop
  endfacet
  facet normal 0.988856 0.148877 0
    outer loop
      vertex 124.106 5.27258 16
      vertex 124.125 5.14638 30
      vertex 124.125 5.14638 16
    endloop
  endfacet
  facet normal -0.24439 -0.969677 0
    outer loop
      vertex 125.654 6.67502 16
      vertex 125.777 6.64402 30
      vertex 125.654 6.67502 30
    endloop
  endfacet
  facet normal -0.24439 -0.969677 -0
    outer loop
      vertex 125.777 6.64402 30
      vertex 125.654 6.67502 16
      vertex 125.777 6.64402 16
    endloop
  endfacet
  facet normal 0.6736 0.739096 -0
    outer loop
      vertex 124.575 4.39509 16
      vertex 124.481 4.48076 30
      vertex 124.575 4.39509 30
    endloop
  endfacet
  facet normal 0.6736 0.739096 0
    outer loop
      vertex 124.481 4.48076 30
      vertex 124.575 4.39509 16
      vertex 124.481 4.48076 16
    endloop
  endfacet
  facet normal 0.0492316 0.998787 -0
    outer loop
      vertex 125.4 4.1 16
      vertex 125.273 4.10626 30
      vertex 125.4 4.1 30
    endloop
  endfacet
  facet normal 0.0492316 0.998787 0
    outer loop
      vertex 125.273 4.10626 30
      vertex 125.4 4.1 16
      vertex 125.273 4.10626 16
    endloop
  endfacet
  facet normal 0.998893 -0.0470363 0
    outer loop
      vertex 124.1 5.4 30
      vertex 124.106 5.52742 16
      vertex 124.106 5.52742 30
    endloop
  endfacet
  facet normal 0.998893 -0.0470363 0
    outer loop
      vertex 124.106 5.52742 16
      vertex 124.1 5.4 30
      vertex 124.1 5.4 16
    endloop
  endfacet
  facet normal 0.337191 0.941436 -0
    outer loop
      vertex 125.023 4.15598 16
      vertex 124.903 4.19896 30
      vertex 125.023 4.15598 30
    endloop
  endfacet
  facet normal 0.337191 0.941436 0
    outer loop
      vertex 124.903 4.19896 30
      vertex 125.023 4.15598 16
      vertex 124.903 4.19896 16
    endloop
  endfacet
  facet normal -0.6736 0.739096 0
    outer loop
      vertex 126.319 4.48076 16
      vertex 126.225 4.39509 30
      vertex 126.319 4.48076 30
    endloop
  endfacet
  facet normal -0.6736 0.739096 0
    outer loop
      vertex 126.225 4.39509 30
      vertex 126.319 4.48076 16
      vertex 126.225 4.39509 16
    endloop
  endfacet
  facet normal 0.97005 -0.242904 0
    outer loop
      vertex 124.125 39.7536 30
      vertex 124.156 39.8774 16
      vertex 124.156 39.8774 30
    endloop
  endfacet
  facet normal 0.97005 -0.242904 0
    outer loop
      vertex 124.156 39.8774 16
      vertex 124.125 39.7536 30
      vertex 124.125 39.7536 16
    endloop
  endfacet
  facet normal -0.988856 -0.148877 0
    outer loop
      vertex 126.694 39.6274 16
      vertex 126.675 39.7536 30
      vertex 126.675 39.7536 16
    endloop
  endfacet
  facet normal -0.988856 -0.148877 0
    outer loop
      vertex 126.675 39.7536 30
      vertex 126.694 39.6274 16
      vertex 126.694 39.6274 30
    endloop
  endfacet
  facet normal -0.998893 -0.0470436 0
    outer loop
      vertex 126.7 39.5 16
      vertex 126.694 39.6274 30
      vertex 126.694 39.6274 16
    endloop
  endfacet
  facet normal -0.998893 -0.0470436 0
    outer loop
      vertex 126.694 39.6274 30
      vertex 126.7 39.5 16
      vertex 126.7 39.5 30
    endloop
  endfacet
  facet normal -0.97005 -0.242904 0
    outer loop
      vertex 126.675 39.7536 16
      vertex 126.644 39.8774 30
      vertex 126.644 39.8774 16
    endloop
  endfacet
  facet normal -0.97005 -0.242904 0
    outer loop
      vertex 126.644 39.8774 30
      vertex 126.675 39.7536 16
      vertex 126.675 39.7536 30
    endloop
  endfacet
  facet normal -0.0495454 -0.998772 0
    outer loop
      vertex 125.4 40.8 16
      vertex 125.527 40.7937 30
      vertex 125.4 40.8 30
    endloop
  endfacet
  facet normal -0.0495454 -0.998772 -0
    outer loop
      vertex 125.527 40.7937 30
      vertex 125.4 40.8 16
      vertex 125.527 40.7937 16
    endloop
  endfacet
  facet normal 0.145673 -0.989333 0
    outer loop
      vertex 125.146 40.775 16
      vertex 125.273 40.7937 30
      vertex 125.146 40.775 30
    endloop
  endfacet
  facet normal 0.145673 -0.989333 0
    outer loop
      vertex 125.273 40.7937 30
      vertex 125.146 40.775 16
      vertex 125.273 40.7937 16
    endloop
  endfacet
  facet normal -0.803279 -0.595602 0
    outer loop
      vertex 126.481 40.2222 16
      vertex 126.405 40.3247 30
      vertex 126.405 40.3247 16
    endloop
  endfacet
  facet normal -0.803279 -0.595602 0
    outer loop
      vertex 126.405 40.3247 30
      vertex 126.481 40.2222 16
      vertex 126.481 40.2222 30
    endloop
  endfacet
  facet normal 0.988856 0.148877 0
    outer loop
      vertex 124.125 39.2464 30
      vertex 124.106 39.3726 16
      vertex 124.106 39.3726 30
    endloop
  endfacet
  facet normal 0.988856 0.148877 0
    outer loop
      vertex 124.106 39.3726 16
      vertex 124.125 39.2464 30
      vertex 124.125 39.2464 16
    endloop
  endfacet
  facet normal -0.593732 -0.804663 0
    outer loop
      vertex 126.122 40.5809 16
      vertex 126.225 40.5049 30
      vertex 126.122 40.5809 30
    endloop
  endfacet
  facet normal -0.593732 -0.804663 -0
    outer loop
      vertex 126.225 40.5049 30
      vertex 126.122 40.5809 16
      vertex 126.225 40.5049 16
    endloop
  endfacet
  facet normal -0.998893 0.0470436 0
    outer loop
      vertex 126.694 39.3726 16
      vertex 126.7 39.5 30
      vertex 126.7 39.5 16
    endloop
  endfacet
  facet normal -0.998893 0.0470436 0
    outer loop
      vertex 126.7 39.5 30
      vertex 126.694 39.3726 16
      vertex 126.694 39.3726 30
    endloop
  endfacet
  facet normal 0.24439 -0.969677 0
    outer loop
      vertex 125.023 40.744 16
      vertex 125.146 40.775 30
      vertex 125.023 40.744 30
    endloop
  endfacet
  facet normal 0.24439 -0.969677 0
    outer loop
      vertex 125.146 40.775 30
      vertex 125.023 40.744 16
      vertex 125.146 40.775 16
    endloop
  endfacet
  facet normal 0.593732 -0.804663 0
    outer loop
      vertex 124.575 40.5049 16
      vertex 124.678 40.5809 30
      vertex 124.575 40.5049 30
    endloop
  endfacet
  facet normal 0.593732 -0.804663 0
    outer loop
      vertex 124.678 40.5809 30
      vertex 124.575 40.5049 16
      vertex 124.678 40.5809 16
    endloop
  endfacet
  facet normal -0.425233 -0.905084 0
    outer loop
      vertex 125.897 40.701 16
      vertex 126.013 40.6465 30
      vertex 125.897 40.701 30
    endloop
  endfacet
  facet normal -0.425233 -0.905084 -0
    outer loop
      vertex 126.013 40.6465 30
      vertex 125.897 40.701 16
      vertex 126.013 40.6465 16
    endloop
  endfacet
  facet normal -0.24439 -0.969677 0
    outer loop
      vertex 125.654 40.775 16
      vertex 125.777 40.744 30
      vertex 125.654 40.775 30
    endloop
  endfacet
  facet normal -0.24439 -0.969677 -0
    outer loop
      vertex 125.777 40.744 30
      vertex 125.654 40.775 16
      vertex 125.777 40.744 16
    endloop
  endfacet
  facet normal 0.425233 -0.905084 0
    outer loop
      vertex 124.787 40.6465 16
      vertex 124.903 40.701 30
      vertex 124.787 40.6465 30
    endloop
  endfacet
  facet normal 0.425233 -0.905084 0
    outer loop
      vertex 124.903 40.701 30
      vertex 124.787 40.6465 16
      vertex 124.903 40.701 16
    endloop
  endfacet
  facet normal 0.24439 0.969677 -0
    outer loop
      vertex 125.146 38.225 16
      vertex 125.023 38.256 30
      vertex 125.146 38.225 30
    endloop
  endfacet
  facet normal 0.24439 0.969677 0
    outer loop
      vertex 125.023 38.256 30
      vertex 125.146 38.225 16
      vertex 125.023 38.256 16
    endloop
  endfacet
  facet normal 0.673729 0.738979 -0
    outer loop
      vertex 124.575 38.4951 16
      vertex 124.481 38.5808 30
      vertex 124.575 38.4951 30
    endloop
  endfacet
  facet normal 0.673729 0.738979 0
    outer loop
      vertex 124.481 38.5808 30
      vertex 124.575 38.4951 16
      vertex 124.481 38.5808 16
    endloop
  endfacet
  facet normal 0.988856 -0.148877 0
    outer loop
      vertex 124.106 39.6274 30
      vertex 124.125 39.7536 16
      vertex 124.125 39.7536 30
    endloop
  endfacet
  facet normal 0.988856 -0.148877 0
    outer loop
      vertex 124.125 39.7536 16
      vertex 124.106 39.6274 30
      vertex 124.106 39.6274 16
    endloop
  endfacet
  facet normal 0.859704 0.510793 0
    outer loop
      vertex 124.319 38.7778 30
      vertex 124.254 38.8872 16
      vertex 124.254 38.8872 30
    endloop
  endfacet
  facet normal 0.859704 0.510793 0
    outer loop
      vertex 124.254 38.8872 16
      vertex 124.319 38.7778 30
      vertex 124.319 38.7778 16
    endloop
  endfacet
  facet normal -0.739586 -0.673062 0
    outer loop
      vertex 126.405 40.3247 16
      vertex 126.319 40.4192 30
      vertex 126.319 40.4192 16
    endloop
  endfacet
  facet normal -0.739586 -0.673062 0
    outer loop
      vertex 126.319 40.4192 30
      vertex 126.405 40.3247 16
      vertex 126.405 40.3247 30
    endloop
  endfacet
  facet normal 0.0495454 0.998772 -0
    outer loop
      vertex 125.4 38.2 16
      vertex 125.273 38.2063 30
      vertex 125.4 38.2 30
    endloop
  endfacet
  facet normal 0.0495454 0.998772 0
    outer loop
      vertex 125.273 38.2063 30
      vertex 125.4 38.2 16
      vertex 125.273 38.2063 16
    endloop
  endfacet
  facet normal -0.33733 -0.941386 0
    outer loop
      vertex 125.777 40.744 16
      vertex 125.897 40.701 30
      vertex 125.777 40.744 30
    endloop
  endfacet
  facet normal -0.33733 -0.941386 -0
    outer loop
      vertex 125.897 40.701 30
      vertex 125.777 40.744 16
      vertex 125.897 40.701 16
    endloop
  endfacet
  facet normal 0.33733 0.941386 -0
    outer loop
      vertex 125.023 38.256 16
      vertex 124.903 38.299 30
      vertex 125.023 38.256 30
    endloop
  endfacet
  facet normal 0.33733 0.941386 0
    outer loop
      vertex 124.903 38.299 30
      vertex 125.023 38.256 16
      vertex 124.903 38.299 16
    endloop
  endfacet
  facet normal -0.145673 -0.989333 0
    outer loop
      vertex 125.527 40.7937 16
      vertex 125.654 40.775 30
      vertex 125.527 40.7937 30
    endloop
  endfacet
  facet normal -0.145673 -0.989333 -0
    outer loop
      vertex 125.654 40.775 30
      vertex 125.527 40.7937 16
      vertex 125.654 40.775 16
    endloop
  endfacet
  facet normal 0.902571 -0.430541 0
    outer loop
      vertex 124.199 39.9975 30
      vertex 124.254 40.1128 16
      vertex 124.254 40.1128 30
    endloop
  endfacet
  facet normal 0.902571 -0.430541 0
    outer loop
      vertex 124.254 40.1128 16
      vertex 124.199 39.9975 30
      vertex 124.199 39.9975 16
    endloop
  endfacet
  facet normal 0.33733 -0.941386 0
    outer loop
      vertex 124.903 40.701 16
      vertex 125.023 40.744 30
      vertex 124.903 40.701 30
    endloop
  endfacet
  facet normal 0.33733 -0.941386 0
    outer loop
      vertex 125.023 40.744 30
      vertex 124.903 40.701 16
      vertex 125.023 40.744 16
    endloop
  endfacet
  facet normal -0.902571 -0.430541 0
    outer loop
      vertex 126.601 39.9975 16
      vertex 126.546 40.1128 30
      vertex 126.546 40.1128 16
    endloop
  endfacet
  facet normal -0.902571 -0.430541 0
    outer loop
      vertex 126.546 40.1128 30
      vertex 126.601 39.9975 16
      vertex 126.601 39.9975 30
    endloop
  endfacet
  facet normal -0.97005 0.242904 0
    outer loop
      vertex 126.644 39.1226 16
      vertex 126.675 39.2464 30
      vertex 126.675 39.2464 16
    endloop
  endfacet
  facet normal -0.97005 0.242904 0
    outer loop
      vertex 126.675 39.2464 30
      vertex 126.644 39.1226 16
      vertex 126.644 39.1226 30
    endloop
  endfacet
  facet normal -0.145673 0.989333 0
    outer loop
      vertex 125.654 38.225 16
      vertex 125.527 38.2063 30
      vertex 125.654 38.225 30
    endloop
  endfacet
  facet normal -0.145673 0.989333 0
    outer loop
      vertex 125.527 38.2063 30
      vertex 125.654 38.225 16
      vertex 125.527 38.2063 16
    endloop
  endfacet
  facet normal 0.941476 -0.337081 0
    outer loop
      vertex 124.156 39.8774 30
      vertex 124.199 39.9975 16
      vertex 124.199 39.9975 30
    endloop
  endfacet
  facet normal 0.941476 -0.337081 0
    outer loop
      vertex 124.199 39.9975 16
      vertex 124.156 39.8774 30
      vertex 124.156 39.8774 16
    endloop
  endfacet
  facet normal -0.515651 -0.856799 0
    outer loop
      vertex 126.013 40.6465 16
      vertex 126.122 40.5809 30
      vertex 126.013 40.6465 30
    endloop
  endfacet
  facet normal -0.515651 -0.856799 -0
    outer loop
      vertex 126.122 40.5809 30
      vertex 126.013 40.6465 16
      vertex 126.122 40.5809 16
    endloop
  endfacet
  facet normal -0.33733 0.941386 0
    outer loop
      vertex 125.897 38.299 16
      vertex 125.777 38.256 30
      vertex 125.897 38.299 30
    endloop
  endfacet
  facet normal -0.33733 0.941386 0
    outer loop
      vertex 125.777 38.256 30
      vertex 125.897 38.299 16
      vertex 125.777 38.256 16
    endloop
  endfacet
  facet normal -0.803279 0.595602 0
    outer loop
      vertex 126.405 38.6753 16
      vertex 126.481 38.7778 30
      vertex 126.481 38.7778 16
    endloop
  endfacet
  facet normal -0.803279 0.595602 0
    outer loop
      vertex 126.481 38.7778 30
      vertex 126.405 38.6753 16
      vertex 126.405 38.6753 30
    endloop
  endfacet
  facet normal -0.941476 -0.337081 0
    outer loop
      vertex 126.644 39.8774 16
      vertex 126.601 39.9975 30
      vertex 126.601 39.9975 16
    endloop
  endfacet
  facet normal -0.941476 -0.337081 0
    outer loop
      vertex 126.601 39.9975 30
      vertex 126.644 39.8774 16
      vertex 126.644 39.8774 30
    endloop
  endfacet
  facet normal -0.859704 0.510793 0
    outer loop
      vertex 126.481 38.7778 16
      vertex 126.546 38.8872 30
      vertex 126.546 38.8872 16
    endloop
  endfacet
  facet normal -0.859704 0.510793 0
    outer loop
      vertex 126.546 38.8872 30
      vertex 126.481 38.7778 16
      vertex 126.481 38.7778 30
    endloop
  endfacet
  facet normal -0.902571 0.430541 0
    outer loop
      vertex 126.546 38.8872 16
      vertex 126.601 39.0025 30
      vertex 126.601 39.0025 16
    endloop
  endfacet
  facet normal -0.902571 0.430541 0
    outer loop
      vertex 126.601 39.0025 30
      vertex 126.546 38.8872 16
      vertex 126.546 38.8872 30
    endloop
  endfacet
  facet normal 0.0495454 -0.998772 0
    outer loop
      vertex 125.273 40.7937 16
      vertex 125.4 40.8 30
      vertex 125.273 40.7937 30
    endloop
  endfacet
  facet normal 0.0495454 -0.998772 0
    outer loop
      vertex 125.4 40.8 30
      vertex 125.273 40.7937 16
      vertex 125.4 40.8 16
    endloop
  endfacet
  facet normal -0.425233 0.905084 0
    outer loop
      vertex 126.013 38.3535 16
      vertex 125.897 38.299 30
      vertex 126.013 38.3535 30
    endloop
  endfacet
  facet normal -0.425233 0.905084 0
    outer loop
      vertex 125.897 38.299 30
      vertex 126.013 38.3535 16
      vertex 125.897 38.299 16
    endloop
  endfacet
  facet normal -0.673729 -0.738979 0
    outer loop
      vertex 126.225 40.5049 16
      vertex 126.319 40.4192 30
      vertex 126.225 40.5049 30
    endloop
  endfacet
  facet normal -0.673729 -0.738979 -0
    outer loop
      vertex 126.319 40.4192 30
      vertex 126.225 40.5049 16
      vertex 126.319 40.4192 16
    endloop
  endfacet
  facet normal 0.803279 -0.595602 0
    outer loop
      vertex 124.319 40.2222 30
      vertex 124.395 40.3247 16
      vertex 124.395 40.3247 30
    endloop
  endfacet
  facet normal 0.803279 -0.595602 0
    outer loop
      vertex 124.395 40.3247 16
      vertex 124.319 40.2222 30
      vertex 124.319 40.2222 16
    endloop
  endfacet
  facet normal -0.988856 0.148877 0
    outer loop
      vertex 126.675 39.2464 16
      vertex 126.694 39.3726 30
      vertex 126.694 39.3726 16
    endloop
  endfacet
  facet normal -0.988856 0.148877 0
    outer loop
      vertex 126.694 39.3726 30
      vertex 126.675 39.2464 16
      vertex 126.675 39.2464 30
    endloop
  endfacet
  facet normal -0.859704 -0.510793 0
    outer loop
      vertex 126.546 40.1128 16
      vertex 126.481 40.2222 30
      vertex 126.481 40.2222 16
    endloop
  endfacet
  facet normal -0.859704 -0.510793 0
    outer loop
      vertex 126.481 40.2222 30
      vertex 126.546 40.1128 16
      vertex 126.546 40.1128 30
    endloop
  endfacet
  facet normal 0.145673 0.989333 -0
    outer loop
      vertex 125.273 38.2063 16
      vertex 125.146 38.225 30
      vertex 125.273 38.2063 30
    endloop
  endfacet
  facet normal 0.145673 0.989333 0
    outer loop
      vertex 125.146 38.225 30
      vertex 125.273 38.2063 16
      vertex 125.146 38.225 16
    endloop
  endfacet
  facet normal 0.515651 0.856799 -0
    outer loop
      vertex 124.787 38.3535 16
      vertex 124.678 38.4191 30
      vertex 124.787 38.3535 30
    endloop
  endfacet
  facet normal 0.515651 0.856799 0
    outer loop
      vertex 124.678 38.4191 30
      vertex 124.787 38.3535 16
      vertex 124.678 38.4191 16
    endloop
  endfacet
  facet normal 0.97005 0.242904 0
    outer loop
      vertex 124.156 39.1226 30
      vertex 124.125 39.2464 16
      vertex 124.125 39.2464 30
    endloop
  endfacet
  facet normal 0.97005 0.242904 0
    outer loop
      vertex 124.125 39.2464 16
      vertex 124.156 39.1226 30
      vertex 124.156 39.1226 16
    endloop
  endfacet
  facet normal 0.673729 -0.738979 0
    outer loop
      vertex 124.481 40.4192 16
      vertex 124.575 40.5049 30
      vertex 124.481 40.4192 30
    endloop
  endfacet
  facet normal 0.673729 -0.738979 0
    outer loop
      vertex 124.575 40.5049 30
      vertex 124.481 40.4192 16
      vertex 124.575 40.5049 16
    endloop
  endfacet
  facet normal 0.515651 -0.856799 0
    outer loop
      vertex 124.678 40.5809 16
      vertex 124.787 40.6465 30
      vertex 124.678 40.5809 30
    endloop
  endfacet
  facet normal 0.515651 -0.856799 0
    outer loop
      vertex 124.787 40.6465 30
      vertex 124.678 40.5809 16
      vertex 124.787 40.6465 16
    endloop
  endfacet
  facet normal -0.515651 0.856799 0
    outer loop
      vertex 126.122 38.4191 16
      vertex 126.013 38.3535 30
      vertex 126.122 38.4191 30
    endloop
  endfacet
  facet normal -0.515651 0.856799 0
    outer loop
      vertex 126.013 38.3535 30
      vertex 126.122 38.4191 16
      vertex 126.013 38.3535 16
    endloop
  endfacet
  facet normal 0.593732 0.804663 -0
    outer loop
      vertex 124.678 38.4191 16
      vertex 124.575 38.4951 30
      vertex 124.678 38.4191 30
    endloop
  endfacet
  facet normal 0.593732 0.804663 0
    outer loop
      vertex 124.575 38.4951 30
      vertex 124.678 38.4191 16
      vertex 124.575 38.4951 16
    endloop
  endfacet
  facet normal -0.24439 0.969677 0
    outer loop
      vertex 125.777 38.256 16
      vertex 125.654 38.225 30
      vertex 125.777 38.256 30
    endloop
  endfacet
  facet normal -0.24439 0.969677 0
    outer loop
      vertex 125.654 38.225 30
      vertex 125.777 38.256 16
      vertex 125.654 38.225 16
    endloop
  endfacet
  facet normal 0.739586 -0.673062 0
    outer loop
      vertex 124.395 40.3247 30
      vertex 124.481 40.4192 16
      vertex 124.481 40.4192 30
    endloop
  endfacet
  facet normal 0.739586 -0.673062 0
    outer loop
      vertex 124.481 40.4192 16
      vertex 124.395 40.3247 30
      vertex 124.395 40.3247 16
    endloop
  endfacet
  facet normal 0.739586 0.673062 0
    outer loop
      vertex 124.481 38.5808 30
      vertex 124.395 38.6753 16
      vertex 124.395 38.6753 30
    endloop
  endfacet
  facet normal 0.739586 0.673062 0
    outer loop
      vertex 124.395 38.6753 16
      vertex 124.481 38.5808 30
      vertex 124.481 38.5808 16
    endloop
  endfacet
  facet normal 0.902571 0.430541 0
    outer loop
      vertex 124.254 38.8872 30
      vertex 124.199 39.0025 16
      vertex 124.199 39.0025 30
    endloop
  endfacet
  facet normal 0.902571 0.430541 0
    outer loop
      vertex 124.199 39.0025 16
      vertex 124.254 38.8872 30
      vertex 124.254 38.8872 16
    endloop
  endfacet
  facet normal 0.941476 0.337081 0
    outer loop
      vertex 124.199 39.0025 30
      vertex 124.156 39.1226 16
      vertex 124.156 39.1226 30
    endloop
  endfacet
  facet normal 0.941476 0.337081 0
    outer loop
      vertex 124.156 39.1226 16
      vertex 124.199 39.0025 30
      vertex 124.199 39.0025 16
    endloop
  endfacet
  facet normal -0.593732 0.804663 0
    outer loop
      vertex 126.225 38.4951 16
      vertex 126.122 38.4191 30
      vertex 126.225 38.4951 30
    endloop
  endfacet
  facet normal -0.593732 0.804663 0
    outer loop
      vertex 126.122 38.4191 30
      vertex 126.225 38.4951 16
      vertex 126.122 38.4191 16
    endloop
  endfacet
  facet normal -0.0495454 0.998772 0
    outer loop
      vertex 125.527 38.2063 16
      vertex 125.4 38.2 30
      vertex 125.527 38.2063 30
    endloop
  endfacet
  facet normal -0.0495454 0.998772 0
    outer loop
      vertex 125.4 38.2 30
      vertex 125.527 38.2063 16
      vertex 125.4 38.2 16
    endloop
  endfacet
  facet normal -0.941476 0.337081 0
    outer loop
      vertex 126.601 39.0025 16
      vertex 126.644 39.1226 30
      vertex 126.644 39.1226 16
    endloop
  endfacet
  facet normal -0.941476 0.337081 0
    outer loop
      vertex 126.644 39.1226 30
      vertex 126.601 39.0025 16
      vertex 126.601 39.0025 30
    endloop
  endfacet
  facet normal -0.739586 0.673062 0
    outer loop
      vertex 126.319 38.5808 16
      vertex 126.405 38.6753 30
      vertex 126.405 38.6753 16
    endloop
  endfacet
  facet normal -0.739586 0.673062 0
    outer loop
      vertex 126.405 38.6753 30
      vertex 126.319 38.5808 16
      vertex 126.319 38.5808 30
    endloop
  endfacet
  facet normal 0.803279 0.595602 0
    outer loop
      vertex 124.395 38.6753 30
      vertex 124.319 38.7778 16
      vertex 124.319 38.7778 30
    endloop
  endfacet
  facet normal 0.803279 0.595602 0
    outer loop
      vertex 124.319 38.7778 16
      vertex 124.395 38.6753 30
      vertex 124.395 38.6753 16
    endloop
  endfacet
  facet normal 0 0 1
    outer loop
      vertex 126.694 39.6274 16
      vertex 126.694 39.3726 16
      vertex 126.7 39.5 16
    endloop
  endfacet
  facet normal 0 0 1
    outer loop
      vertex 126.675 39.7536 16
      vertex 126.694 39.3726 16
      vertex 126.694 39.6274 16
    endloop
  endfacet
  facet normal 0 0 1
    outer loop
      vertex 126.675 39.7536 16
      vertex 126.675 39.2464 16
      vertex 126.694 39.3726 16
    endloop
  endfacet
  facet normal 0 0 1
    outer loop
      vertex 126.644 39.8774 16
      vertex 126.675 39.2464 16
      vertex 126.675 39.7536 16
    endloop
  endfacet
  facet normal 0 0 1
    outer loop
      vertex 126.644 39.8774 16
      vertex 126.644 39.1226 16
      vertex 126.675 39.2464 16
    endloop
  endfacet
  facet normal 0 0 1
    outer loop
      vertex 126.601 39.9975 16
      vertex 126.644 39.1226 16
      vertex 126.644 39.8774 16
    endloop
  endfacet
  facet normal 0 0 1
    outer loop
      vertex 126.601 39.9975 16
      vertex 126.601 39.0025 16
      vertex 126.644 39.1226 16
    endloop
  endfacet
  facet normal 0 0 1
    outer loop
      vertex 126.546 40.1128 16
      vertex 126.601 39.0025 16
      vertex 126.601 39.9975 16
    endloop
  endfacet
  facet normal 0 0 1
    outer loop
      vertex 126.546 40.1128 16
      vertex 126.546 38.8872 16
      vertex 126.601 39.0025 16
    endloop
  endfacet
  facet normal 0 0 1
    outer loop
      vertex 126.481 40.2222 16
      vertex 126.546 38.8872 16
      vertex 126.546 40.1128 16
    endloop
  endfacet
  facet normal 0 0 1
    outer loop
      vertex 126.481 40.2222 16
      vertex 126.481 38.7778 16
      vertex 126.546 38.8872 16
    endloop
  endfacet
  facet normal 0 0 1
    outer loop
      vertex 126.405 40.3247 16
      vertex 126.481 38.7778 16
      vertex 126.481 40.2222 16
    endloop
  endfacet
  facet normal 0 0 1
    outer loop
      vertex 126.405 40.3247 16
      vertex 126.405 38.6753 16
      vertex 126.481 38.7778 16
    endloop
  endfacet
  facet normal 0 0 1
    outer loop
      vertex 126.319 40.4192 16
      vertex 126.405 38.6753 16
      vertex 126.405 40.3247 16
    endloop
  endfacet
  facet normal 0 0 1
    outer loop
      vertex 126.319 40.4192 16
      vertex 126.319 38.5808 16
      vertex 126.405 38.6753 16
    endloop
  endfacet
  facet normal 0 0 1
    outer loop
      vertex 126.225 40.5049 16
      vertex 126.319 38.5808 16
      vertex 126.319 40.4192 16
    endloop
  endfacet
  facet normal 0 0 1
    outer loop
      vertex 126.225 40.5049 16
      vertex 126.225 38.4951 16
      vertex 126.319 38.5808 16
    endloop
  endfacet
  facet normal 0 0 1
    outer loop
      vertex 126.122 40.5809 16
      vertex 126.225 38.4951 16
      vertex 126.225 40.5049 16
    endloop
  endfacet
  facet normal 0 0 1
    outer loop
      vertex 126.122 40.5809 16
      vertex 126.122 38.4191 16
      vertex 126.225 38.4951 16
    endloop
  endfacet
  facet normal 0 0 1
    outer loop
      vertex 126.013 40.6465 16
      vertex 126.122 38.4191 16
      vertex 126.122 40.5809 16
    endloop
  endfacet
  facet normal 0 0 1
    outer loop
      vertex 126.013 40.6465 16
      vertex 126.013 38.3535 16
      vertex 126.122 38.4191 16
    endloop
  endfacet
  facet normal 0 0 1
    outer loop
      vertex 125.897 40.701 16
      vertex 126.013 38.3535 16
      vertex 126.013 40.6465 16
    endloop
  endfacet
  facet normal 0 0 1
    outer loop
      vertex 125.897 40.701 16
      vertex 125.897 38.299 16
      vertex 126.013 38.3535 16
    endloop
  endfacet
  facet normal 0 0 1
    outer loop
      vertex 125.777 40.744 16
      vertex 125.897 38.299 16
      vertex 125.897 40.701 16
    endloop
  endfacet
  facet normal 0 0 1
    outer loop
      vertex 125.777 40.744 16
      vertex 125.777 38.256 16
      vertex 125.897 38.299 16
    endloop
  endfacet
  facet normal 0 0 1
    outer loop
      vertex 125.654 40.775 16
      vertex 125.777 38.256 16
      vertex 125.777 40.744 16
    endloop
  endfacet
  facet normal 0 0 1
    outer loop
      vertex 125.654 40.775 16
      vertex 125.654 38.225 16
      vertex 125.777 38.256 16
    endloop
  endfacet
  facet normal 0 0 1
    outer loop
      vertex 125.527 40.7937 16
      vertex 125.654 38.225 16
      vertex 125.654 40.775 16
    endloop
  endfacet
  facet normal 0 0 1
    outer loop
      vertex 125.527 40.7937 16
      vertex 125.527 38.2063 16
      vertex 125.654 38.225 16
    endloop
  endfacet
  facet normal 0 0 1
    outer loop
      vertex 125.4 40.8 16
      vertex 125.527 38.2063 16
      vertex 125.527 40.7937 16
    endloop
  endfacet
  facet normal 0 0 1
    outer loop
      vertex 125.4 40.8 16
      vertex 125.4 38.2 16
      vertex 125.527 38.2063 16
    endloop
  endfacet
  facet normal -0 0 1
    outer loop
      vertex 125.273 40.7937 16
      vertex 125.4 38.2 16
      vertex 125.4 40.8 16
    endloop
  endfacet
  facet normal 0 0 1
    outer loop
      vertex 125.273 40.7937 16
      vertex 125.273 38.2063 16
      vertex 125.4 38.2 16
    endloop
  endfacet
  facet normal -0 0 1
    outer loop
      vertex 125.146 40.775 16
      vertex 125.273 38.2063 16
      vertex 125.273 40.7937 16
    endloop
  endfacet
  facet normal 0 0 1
    outer loop
      vertex 125.146 40.775 16
      vertex 125.146 38.225 16
      vertex 125.273 38.2063 16
    endloop
  endfacet
  facet normal -0 0 1
    outer loop
      vertex 125.023 40.744 16
      vertex 125.146 38.225 16
      vertex 125.146 40.775 16
    endloop
  endfacet
  facet normal 0 0 1
    outer loop
      vertex 125.023 40.744 16
      vertex 125.023 38.256 16
      vertex 125.146 38.225 16
    endloop
  endfacet
  facet normal -0 0 1
    outer loop
      vertex 124.903 40.701 16
      vertex 125.023 38.256 16
      vertex 125.023 40.744 16
    endloop
  endfacet
  facet normal 0 0 1
    outer loop
      vertex 124.903 40.701 16
      vertex 124.903 38.299 16
      vertex 125.023 38.256 16
    endloop
  endfacet
  facet normal -0 0 1
    outer loop
      vertex 124.787 40.6465 16
      vertex 124.903 38.299 16
      vertex 124.903 40.701 16
    endloop
  endfacet
  facet normal 0 0 1
    outer loop
      vertex 124.787 40.6465 16
      vertex 124.787 38.3535 16
      vertex 124.903 38.299 16
    endloop
  endfacet
  facet normal -0 0 1
    outer loop
      vertex 124.678 40.5809 16
      vertex 124.787 38.3535 16
      vertex 124.787 40.6465 16
    endloop
  endfacet
  facet normal 0 0 1
    outer loop
      vertex 124.678 40.5809 16
      vertex 124.678 38.4191 16
      vertex 124.787 38.3535 16
    endloop
  endfacet
  facet normal -0 0 1
    outer loop
      vertex 124.575 40.5049 16
      vertex 124.678 38.4191 16
      vertex 124.678 40.5809 16
    endloop
  endfacet
  facet normal 0 0 1
    outer loop
      vertex 124.575 40.5049 16
      vertex 124.575 38.4951 16
      vertex 124.678 38.4191 16
    endloop
  endfacet
  facet normal -0 0 1
    outer loop
      vertex 124.481 40.4192 16
      vertex 124.575 38.4951 16
      vertex 124.575 40.5049 16
    endloop
  endfacet
  facet normal 0 0 1
    outer loop
      vertex 124.481 40.4192 16
      vertex 124.481 38.5808 16
      vertex 124.575 38.4951 16
    endloop
  endfacet
  facet normal -0 0 1
    outer loop
      vertex 124.395 40.3247 16
      vertex 124.481 38.5808 16
      vertex 124.481 40.4192 16
    endloop
  endfacet
  facet normal 0 0 1
    outer loop
      vertex 124.395 40.3247 16
      vertex 124.395 38.6753 16
      vertex 124.481 38.5808 16
    endloop
  endfacet
  facet normal -0 0 1
    outer loop
      vertex 124.319 40.2222 16
      vertex 124.395 38.6753 16
      vertex 124.395 40.3247 16
    endloop
  endfacet
  facet normal 0 0 1
    outer loop
      vertex 124.319 40.2222 16
      vertex 124.319 38.7778 16
      vertex 124.395 38.6753 16
    endloop
  endfacet
  facet normal -0 0 1
    outer loop
      vertex 124.254 40.1128 16
      vertex 124.319 38.7778 16
      vertex 124.319 40.2222 16
    endloop
  endfacet
  facet normal 0 0 1
    outer loop
      vertex 124.254 40.1128 16
      vertex 124.254 38.8872 16
      vertex 124.319 38.7778 16
    endloop
  endfacet
  facet normal -0 0 1
    outer loop
      vertex 124.199 39.9975 16
      vertex 124.254 38.8872 16
      vertex 124.254 40.1128 16
    endloop
  endfacet
  facet normal 0 0 1
    outer loop
      vertex 124.199 39.9975 16
      vertex 124.199 39.0025 16
      vertex 124.254 38.8872 16
    endloop
  endfacet
  facet normal -0 0 1
    outer loop
      vertex 124.156 39.8774 16
      vertex 124.199 39.0025 16
      vertex 124.199 39.9975 16
    endloop
  endfacet
  facet normal 0 0 1
    outer loop
      vertex 124.156 39.8774 16
      vertex 124.156 39.1226 16
      vertex 124.199 39.0025 16
    endloop
  endfacet
  facet normal -0 0 1
    outer loop
      vertex 124.125 39.7536 16
      vertex 124.156 39.1226 16
      vertex 124.156 39.8774 16
    endloop
  endfacet
  facet normal 0 0 1
    outer loop
      vertex 124.125 39.7536 16
      vertex 124.125 39.2464 16
      vertex 124.156 39.1226 16
    endloop
  endfacet
  facet normal -0 0 1
    outer loop
      vertex 124.106 39.6274 16
      vertex 124.125 39.2464 16
      vertex 124.125 39.7536 16
    endloop
  endfacet
  facet normal 0 0 1
    outer loop
      vertex 124.106 39.6274 16
      vertex 124.106 39.3726 16
      vertex 124.125 39.2464 16
    endloop
  endfacet
  facet normal 0 -0 1
    outer loop
      vertex 124.106 39.3726 16
      vertex 124.106 39.6274 16
      vertex 124.1 39.5 16
    endloop
  endfacet
  facet normal 0.998893 -0.0470436 0
    outer loop
      vertex 124.1 39.5 30
      vertex 124.106 39.6274 16
      vertex 124.106 39.6274 30
    endloop
  endfacet
  facet normal 0.998893 -0.0470436 0
    outer loop
      vertex 124.106 39.6274 16
      vertex 124.1 39.5 30
      vertex 124.1 39.5 16
    endloop
  endfacet
  facet normal 0.998893 0.0470436 0
    outer loop
      vertex 124.106 39.3726 30
      vertex 124.1 39.5 16
      vertex 124.1 39.5 30
    endloop
  endfacet
  facet normal 0.998893 0.0470436 0
    outer loop
      vertex 124.1 39.5 16
      vertex 124.106 39.3726 30
      vertex 124.106 39.3726 16
    endloop
  endfacet
  facet normal -0.673729 0.738979 0
    outer loop
      vertex 126.319 38.5808 16
      vertex 126.225 38.4951 30
      vertex 126.319 38.5808 30
    endloop
  endfacet
  facet normal -0.673729 0.738979 0
    outer loop
      vertex 126.225 38.4951 30
      vertex 126.319 38.5808 16
      vertex 126.225 38.4951 16
    endloop
  endfacet
  facet normal 0.859704 -0.510793 0
    outer loop
      vertex 124.254 40.1128 30
      vertex 124.319 40.2222 16
      vertex 124.319 40.2222 30
    endloop
  endfacet
  facet normal 0.859704 -0.510793 0
    outer loop
      vertex 124.319 40.2222 16
      vertex 124.254 40.1128 30
      vertex 124.254 40.1128 16
    endloop
  endfacet
  facet normal 0.425233 0.905084 -0
    outer loop
      vertex 124.903 38.299 16
      vertex 124.787 38.3535 30
      vertex 124.903 38.299 30
    endloop
  endfacet
  facet normal 0.425233 0.905084 0
    outer loop
      vertex 124.787 38.3535 30
      vertex 124.903 38.299 16
      vertex 124.787 38.3535 16
    endloop
  endfacet
endsolid OpenSCAD_Model
