solid OpenSCAD_Model
  facet normal 1 0 0
    outer loop
      vertex 118.6 45.7 41
      vertex 118.6 0 41
      vertex 118.6 45.7 18
    endloop
  endfacet
  facet normal 1 0 0
    outer loop
      vertex 118.6 64.3 18
      vertex 118.6 110 41
      vertex 118.6 64.3 41
    endloop
  endfacet
  facet normal 1 0 0
    outer loop
      vertex 118.6 110 41
      vertex 118.6 64.3 18
      vertex 118.6 110 0
    endloop
  endfacet
  facet normal 1 -0 0
    outer loop
      vertex 118.6 64.2552 17.0884
      vertex 118.6 110 0
      vertex 118.6 64.3 18
    endloop
  endfacet
  facet normal 1 -0 0
    outer loop
      vertex 118.6 64.1213 16.1857
      vertex 118.6 110 0
      vertex 118.6 64.2552 17.0884
    endloop
  endfacet
  facet normal 1 -0 0
    outer loop
      vertex 118.6 63.8995 15.3004
      vertex 118.6 110 0
      vertex 118.6 64.1213 16.1857
    endloop
  endfacet
  facet normal 1 -0 0
    outer loop
      vertex 118.6 63.5921 14.441
      vertex 118.6 110 0
      vertex 118.6 63.8995 15.3004
    endloop
  endfacet
  facet normal 1 -0 0
    outer loop
      vertex 118.6 63.2019 13.616
      vertex 118.6 110 0
      vertex 118.6 63.5921 14.441
    endloop
  endfacet
  facet normal 1 -0 0
    outer loop
      vertex 118.6 62.7327 12.8332
      vertex 118.6 110 0
      vertex 118.6 63.2019 13.616
    endloop
  endfacet
  facet normal 1 -0 0
    outer loop
      vertex 118.6 62.189 12.1001
      vertex 118.6 110 0
      vertex 118.6 62.7327 12.8332
    endloop
  endfacet
  facet normal 1 -0 0
    outer loop
      vertex 118.6 61.5761 11.4239
      vertex 118.6 110 0
      vertex 118.6 62.189 12.1001
    endloop
  endfacet
  facet normal 1 -0 0
    outer loop
      vertex 118.6 60.8999 10.811
      vertex 118.6 110 0
      vertex 118.6 61.5761 11.4239
    endloop
  endfacet
  facet normal 1 -0 0
    outer loop
      vertex 118.6 60.1668 10.2673
      vertex 118.6 110 0
      vertex 118.6 60.8999 10.811
    endloop
  endfacet
  facet normal 1 -0 0
    outer loop
      vertex 118.6 59.384 9.79813
      vertex 118.6 110 0
      vertex 118.6 60.1668 10.2673
    endloop
  endfacet
  facet normal 1 -0 0
    outer loop
      vertex 118.6 58.559 9.40792
      vertex 118.6 110 0
      vertex 118.6 59.384 9.79813
    endloop
  endfacet
  facet normal 1 -0 0
    outer loop
      vertex 118.6 57.6996 9.10045
      vertex 118.6 110 0
      vertex 118.6 58.559 9.40792
    endloop
  endfacet
  facet normal 1 -0 0
    outer loop
      vertex 118.6 56.8143 8.8787
      vertex 118.6 110 0
      vertex 118.6 57.6996 9.10045
    endloop
  endfacet
  facet normal 1 -0 0
    outer loop
      vertex 118.6 55.9116 8.74478
      vertex 118.6 110 0
      vertex 118.6 56.8143 8.8787
    endloop
  endfacet
  facet normal 1 -0 0
    outer loop
      vertex 118.6 55 8.7
      vertex 118.6 110 0
      vertex 118.6 55.9116 8.74478
    endloop
  endfacet
  facet normal 1 0 0
    outer loop
      vertex 118.6 0 0
      vertex 118.6 55 8.7
      vertex 118.6 54.0884 8.74478
    endloop
  endfacet
  facet normal 1 0 0
    outer loop
      vertex 118.6 0 0
      vertex 118.6 54.0884 8.74478
      vertex 118.6 53.1857 8.8787
    endloop
  endfacet
  facet normal 1 0 0
    outer loop
      vertex 118.6 0 0
      vertex 118.6 45.7 18
      vertex 118.6 0 41
    endloop
  endfacet
  facet normal 1 0 0
    outer loop
      vertex 118.6 45.7 18
      vertex 118.6 0 0
      vertex 118.6 45.7448 17.0884
    endloop
  endfacet
  facet normal 1 0 0
    outer loop
      vertex 118.6 45.7448 17.0884
      vertex 118.6 0 0
      vertex 118.6 45.8787 16.1857
    endloop
  endfacet
  facet normal 1 0 0
    outer loop
      vertex 118.6 45.8787 16.1857
      vertex 118.6 0 0
      vertex 118.6 46.1005 15.3004
    endloop
  endfacet
  facet normal 1 0 0
    outer loop
      vertex 118.6 46.1005 15.3004
      vertex 118.6 0 0
      vertex 118.6 46.4079 14.441
    endloop
  endfacet
  facet normal 1 0 0
    outer loop
      vertex 118.6 46.4079 14.441
      vertex 118.6 0 0
      vertex 118.6 46.7981 13.616
    endloop
  endfacet
  facet normal 1 0 0
    outer loop
      vertex 118.6 46.7981 13.616
      vertex 118.6 0 0
      vertex 118.6 47.2673 12.8332
    endloop
  endfacet
  facet normal 1 0 0
    outer loop
      vertex 118.6 47.2673 12.8332
      vertex 118.6 0 0
      vertex 118.6 47.811 12.1001
    endloop
  endfacet
  facet normal 1 0 0
    outer loop
      vertex 118.6 47.811 12.1001
      vertex 118.6 0 0
      vertex 118.6 48.4239 11.4239
    endloop
  endfacet
  facet normal 1 0 0
    outer loop
      vertex 118.6 48.4239 11.4239
      vertex 118.6 0 0
      vertex 118.6 49.1001 10.811
    endloop
  endfacet
  facet normal 1 0 0
    outer loop
      vertex 118.6 55 8.7
      vertex 118.6 0 0
      vertex 118.6 110 0
    endloop
  endfacet
  facet normal 1 0 0
    outer loop
      vertex 118.6 52.3004 9.10045
      vertex 118.6 0 0
      vertex 118.6 53.1857 8.8787
    endloop
  endfacet
  facet normal 1 0 0
    outer loop
      vertex 118.6 51.441 9.40792
      vertex 118.6 0 0
      vertex 118.6 52.3004 9.10045
    endloop
  endfacet
  facet normal 1 0 0
    outer loop
      vertex 118.6 50.616 9.79813
      vertex 118.6 0 0
      vertex 118.6 51.441 9.40792
    endloop
  endfacet
  facet normal 1 0 0
    outer loop
      vertex 118.6 49.8332 10.2673
      vertex 118.6 0 0
      vertex 118.6 50.616 9.79813
    endloop
  endfacet
  facet normal 1 0 0
    outer loop
      vertex 118.6 49.1001 10.811
      vertex 118.6 0 0
      vertex 118.6 49.8332 10.2673
    endloop
  endfacet
  facet normal 0 0 1
    outer loop
      vertex 57.05 110 41
      vertex 2.4 107.6 41
      vertex 57.05 107.6 41
    endloop
  endfacet
  facet normal -0 0 1
    outer loop
      vertex 0 110 41
      vertex 2.4 107.6 41
      vertex 57.05 110 41
    endloop
  endfacet
  facet normal 0 0 1
    outer loop
      vertex 0 64.3 41
      vertex 2.4 107.6 41
      vertex 0 110 41
    endloop
  endfacet
  facet normal 0 0 1
    outer loop
      vertex 2.4 107.6 41
      vertex 0 64.3 41
      vertex 2.4 64.3 41
    endloop
  endfacet
  facet normal 0 0 1
    outer loop
      vertex 118.6 110 41
      vertex 116.2 107.6 41
      vertex 118.6 64.3 41
    endloop
  endfacet
  facet normal -0 0 1
    outer loop
      vertex 61.55 110 41
      vertex 116.2 107.6 41
      vertex 118.6 110 41
    endloop
  endfacet
  facet normal 0 0 1
    outer loop
      vertex 116.2 107.6 41
      vertex 61.55 110 41
      vertex 61.55 107.6 41
    endloop
  endfacet
  facet normal 0 0 1
    outer loop
      vertex 118.6 64.3 41
      vertex 116.2 107.6 41
      vertex 116.2 64.3 41
    endloop
  endfacet
  facet normal 0 0 1
    outer loop
      vertex 2.4 45.7 41
      vertex 0 45.7 41
      vertex 2.4 2.4 41
    endloop
  endfacet
  facet normal -0 0 1
    outer loop
      vertex 2.4 2.4 41
      vertex 57.05 0 41
      vertex 57.05 2.4 41
    endloop
  endfacet
  facet normal 0 0 1
    outer loop
      vertex 2.4 2.4 41
      vertex 0 0 41
      vertex 57.05 0 41
    endloop
  endfacet
  facet normal 0 0 1
    outer loop
      vertex 0 0 41
      vertex 2.4 2.4 41
      vertex 0 45.7 41
    endloop
  endfacet
  facet normal 0 0 1
    outer loop
      vertex 116.2 2.4 41
      vertex 118.6 45.7 41
      vertex 116.2 45.7 41
    endloop
  endfacet
  facet normal 0 0 1
    outer loop
      vertex 118.6 45.7 41
      vertex 116.2 2.4 41
      vertex 118.6 0 41
    endloop
  endfacet
  facet normal 0 0 1
    outer loop
      vertex 61.55 0 41
      vertex 116.2 2.4 41
      vertex 61.55 2.4 41
    endloop
  endfacet
  facet normal 0 0 1
    outer loop
      vertex 116.2 2.4 41
      vertex 61.55 0 41
      vertex 118.6 0 41
    endloop
  endfacet
  facet normal 0 0 -1
    outer loop
      vertex 0 0 0
      vertex 118.6 110 0
      vertex 118.6 0 0
    endloop
  endfacet
  facet normal -0 0 -1
    outer loop
      vertex 118.6 110 0
      vertex 0 0 0
      vertex 0 110 0
    endloop
  endfacet
  facet normal -1 0 0
    outer loop
      vertex 0 110 0
      vertex 0 64.3 18
      vertex 0 110 41
    endloop
  endfacet
  facet normal -1 0 0
    outer loop
      vertex 0 110 0
      vertex 0 64.2552 17.0884
      vertex 0 64.3 18
    endloop
  endfacet
  facet normal -1 0 0
    outer loop
      vertex 0 110 0
      vertex 0 64.1213 16.1857
      vertex 0 64.2552 17.0884
    endloop
  endfacet
  facet normal -1 0 0
    outer loop
      vertex 0 110 0
      vertex 0 63.8995 15.3004
      vertex 0 64.1213 16.1857
    endloop
  endfacet
  facet normal -1 0 0
    outer loop
      vertex 0 110 0
      vertex 0 63.5921 14.441
      vertex 0 63.8995 15.3004
    endloop
  endfacet
  facet normal -1 0 0
    outer loop
      vertex 0 110 0
      vertex 0 63.2019 13.616
      vertex 0 63.5921 14.441
    endloop
  endfacet
  facet normal -1 0 0
    outer loop
      vertex 0 110 0
      vertex 0 62.7327 12.8332
      vertex 0 63.2019 13.616
    endloop
  endfacet
  facet normal -1 0 0
    outer loop
      vertex 0 110 0
      vertex 0 62.189 12.1001
      vertex 0 62.7327 12.8332
    endloop
  endfacet
  facet normal -1 0 0
    outer loop
      vertex 0 110 0
      vertex 0 61.5761 11.4239
      vertex 0 62.189 12.1001
    endloop
  endfacet
  facet normal -1 0 0
    outer loop
      vertex 0 110 0
      vertex 0 60.8999 10.811
      vertex 0 61.5761 11.4239
    endloop
  endfacet
  facet normal -1 0 0
    outer loop
      vertex 0 110 0
      vertex 0 60.1668 10.2673
      vertex 0 60.8999 10.811
    endloop
  endfacet
  facet normal -1 0 0
    outer loop
      vertex 0 110 0
      vertex 0 59.384 9.79813
      vertex 0 60.1668 10.2673
    endloop
  endfacet
  facet normal -1 0 0
    outer loop
      vertex 0 110 0
      vertex 0 58.559 9.40792
      vertex 0 59.384 9.79813
    endloop
  endfacet
  facet normal -1 0 0
    outer loop
      vertex 0 110 0
      vertex 0 57.6996 9.10045
      vertex 0 58.559 9.40792
    endloop
  endfacet
  facet normal -1 0 0
    outer loop
      vertex 0 110 0
      vertex 0 56.8143 8.8787
      vertex 0 57.6996 9.10045
    endloop
  endfacet
  facet normal -1 0 0
    outer loop
      vertex 0 110 0
      vertex 0 55.9116 8.74478
      vertex 0 56.8143 8.8787
    endloop
  endfacet
  facet normal -1 0 0
    outer loop
      vertex 0 110 0
      vertex 0 55 8.7
      vertex 0 55.9116 8.74478
    endloop
  endfacet
  facet normal -1 0 0
    outer loop
      vertex 0 0 0
      vertex 0 55 8.7
      vertex 0 110 0
    endloop
  endfacet
  facet normal -1 -0 0
    outer loop
      vertex 0 55 8.7
      vertex 0 0 0
      vertex 0 54.0884 8.74478
    endloop
  endfacet
  facet normal -1 -0 0
    outer loop
      vertex 0 54.0884 8.74478
      vertex 0 0 0
      vertex 0 53.1857 8.8787
    endloop
  endfacet
  facet normal -1 0 0
    outer loop
      vertex 0 0 0
      vertex 0 52.3004 9.10045
      vertex 0 53.1857 8.8787
    endloop
  endfacet
  facet normal -1 0 0
    outer loop
      vertex 0 0 0
      vertex 0 51.441 9.40792
      vertex 0 52.3004 9.10045
    endloop
  endfacet
  facet normal -1 0 0
    outer loop
      vertex 0 0 0
      vertex 0 50.616 9.79813
      vertex 0 51.441 9.40792
    endloop
  endfacet
  facet normal -1 0 0
    outer loop
      vertex 0 0 0
      vertex 0 49.8332 10.2673
      vertex 0 50.616 9.79813
    endloop
  endfacet
  facet normal -1 0 0
    outer loop
      vertex 0 0 0
      vertex 0 49.1001 10.811
      vertex 0 49.8332 10.2673
    endloop
  endfacet
  facet normal -1 0 0
    outer loop
      vertex 0 0 0
      vertex 0 48.4239 11.4239
      vertex 0 49.1001 10.811
    endloop
  endfacet
  facet normal -1 0 0
    outer loop
      vertex 0 0 0
      vertex 0 47.811 12.1001
      vertex 0 48.4239 11.4239
    endloop
  endfacet
  facet normal -1 0 0
    outer loop
      vertex 0 0 0
      vertex 0 47.2673 12.8332
      vertex 0 47.811 12.1001
    endloop
  endfacet
  facet normal -1 0 0
    outer loop
      vertex 0 0 0
      vertex 0 46.7981 13.616
      vertex 0 47.2673 12.8332
    endloop
  endfacet
  facet normal -1 0 0
    outer loop
      vertex 0 0 0
      vertex 0 46.4079 14.441
      vertex 0 46.7981 13.616
    endloop
  endfacet
  facet normal -1 0 0
    outer loop
      vertex 0 0 0
      vertex 0 46.1005 15.3004
      vertex 0 46.4079 14.441
    endloop
  endfacet
  facet normal -1 0 0
    outer loop
      vertex 0 0 0
      vertex 0 45.8787 16.1857
      vertex 0 46.1005 15.3004
    endloop
  endfacet
  facet normal -1 0 0
    outer loop
      vertex 0 0 0
      vertex 0 45.7448 17.0884
      vertex 0 45.8787 16.1857
    endloop
  endfacet
  facet normal -1 0 0
    outer loop
      vertex 0 0 0
      vertex 0 45.7 18
      vertex 0 45.7448 17.0884
    endloop
  endfacet
  facet normal -1 0 0
    outer loop
      vertex 0 0 41
      vertex 0 45.7 18
      vertex 0 0 0
    endloop
  endfacet
  facet normal -1 0 0
    outer loop
      vertex 0 45.7 18
      vertex 0 0 41
      vertex 0 45.7 41
    endloop
  endfacet
  facet normal -1 -0 0
    outer loop
      vertex 0 110 41
      vertex 0 64.3 18
      vertex 0 64.3 41
    endloop
  endfacet
  facet normal 0 1 0
    outer loop
      vertex 97.9 110 31.7
      vertex 118.6 110 41
      vertex 106.5 110 31.7
    endloop
  endfacet
  facet normal 0 1 0
    outer loop
      vertex 118.6 110 41
      vertex 106.5 110 28.7
      vertex 106.5 110 31.7
    endloop
  endfacet
  facet normal 0 1 0
    outer loop
      vertex 118.6 110 0
      vertex 97.9 110 28.7
      vertex 106.5 110 28.7
    endloop
  endfacet
  facet normal 0 1 0
    outer loop
      vertex 97.9 110 28.7
      vertex 61.5392 110 20.0295
      vertex 61.55 110 20.25
    endloop
  endfacet
  facet normal 0 1 0
    outer loop
      vertex 97.9 110 28.7
      vertex 61.5068 110 19.811
      vertex 61.5392 110 20.0295
    endloop
  endfacet
  facet normal 0 1 0
    outer loop
      vertex 97.9 110 28.7
      vertex 61.4531 110 19.5969
      vertex 61.5068 110 19.811
    endloop
  endfacet
  facet normal 0 1 0
    outer loop
      vertex 97.9 110 28.7
      vertex 61.3787 110 19.389
      vertex 61.4531 110 19.5969
    endloop
  endfacet
  facet normal 0 1 0
    outer loop
      vertex 97.9 110 28.7
      vertex 61.2843 110 19.1894
      vertex 61.3787 110 19.389
    endloop
  endfacet
  facet normal -0 1 0
    outer loop
      vertex 61.0393 110 18.8226
      vertex 97.9 110 28.7
      vertex 118.6 110 0
    endloop
  endfacet
  facet normal 0 1 0
    outer loop
      vertex 97.9 110 28.7
      vertex 61.1708 110 19
      vertex 61.2843 110 19.1894
    endloop
  endfacet
  facet normal 0 1 0
    outer loop
      vertex 97.9 110 28.7
      vertex 61.0393 110 18.8226
      vertex 61.1708 110 19
    endloop
  endfacet
  facet normal 0 1 0
    outer loop
      vertex 61.0393 110 18.8226
      vertex 118.6 110 0
      vertex 60.891 110 18.659
    endloop
  endfacet
  facet normal 0 1 0
    outer loop
      vertex 60.891 110 18.659
      vertex 118.6 110 0
      vertex 60.7274 110 18.5107
    endloop
  endfacet
  facet normal 0 1 0
    outer loop
      vertex 60.7274 110 18.5107
      vertex 118.6 110 0
      vertex 60.55 110 18.3792
    endloop
  endfacet
  facet normal 0 1 0
    outer loop
      vertex 60.55 110 18.3792
      vertex 118.6 110 0
      vertex 60.3606 110 18.2657
    endloop
  endfacet
  facet normal 0 1 0
    outer loop
      vertex 60.3606 110 18.2657
      vertex 118.6 110 0
      vertex 60.161 110 18.1713
    endloop
  endfacet
  facet normal 0 1 0
    outer loop
      vertex 60.161 110 18.1713
      vertex 118.6 110 0
      vertex 59.9531 110 18.0969
    endloop
  endfacet
  facet normal 0 1 0
    outer loop
      vertex 59.5205 110 18.0108
      vertex 118.6 110 0
      vertex 59.3 110 18
    endloop
  endfacet
  facet normal 0 1 0
    outer loop
      vertex 59.739 110 18.0432
      vertex 118.6 110 0
      vertex 59.5205 110 18.0108
    endloop
  endfacet
  facet normal 0 1 0
    outer loop
      vertex 59.9531 110 18.0969
      vertex 118.6 110 0
      vertex 59.739 110 18.0432
    endloop
  endfacet
  facet normal 0 1 -0
    outer loop
      vertex 118.6 110 0
      vertex 106.5 110 28.7
      vertex 118.6 110 41
    endloop
  endfacet
  facet normal 0 1 0
    outer loop
      vertex 118.6 110 41
      vertex 97.9 110 31.7
      vertex 61.55 110 41
    endloop
  endfacet
  facet normal 0 1 0
    outer loop
      vertex 61.55 110 20.25
      vertex 97.9 110 31.7
      vertex 97.9 110 28.7
    endloop
  endfacet
  facet normal 0 1 0
    outer loop
      vertex 97.9 110 31.7
      vertex 61.55 110 20.25
      vertex 61.55 110 41
    endloop
  endfacet
  facet normal 0 1 0
    outer loop
      vertex 57.05 110 41
      vertex 20.7 110 31.7
      vertex 0 110 41
    endloop
  endfacet
  facet normal 0 1 -0
    outer loop
      vertex 57.05 110 20.25
      vertex 20.7 110 31.7
      vertex 57.05 110 41
    endloop
  endfacet
  facet normal 0 1 0
    outer loop
      vertex 57.0608 110 20.0295
      vertex 20.7 110 28.7
      vertex 57.05 110 20.25
    endloop
  endfacet
  facet normal 0 1 0
    outer loop
      vertex 20.7 110 31.7
      vertex 57.05 110 20.25
      vertex 20.7 110 28.7
    endloop
  endfacet
  facet normal 0 1 -0
    outer loop
      vertex 12.1 110 31.7
      vertex 0 110 41
      vertex 20.7 110 31.7
    endloop
  endfacet
  facet normal 0 1 -0
    outer loop
      vertex 12.1 110 28.7
      vertex 0 110 41
      vertex 12.1 110 31.7
    endloop
  endfacet
  facet normal 0 1 0
    outer loop
      vertex 57.0932 110 19.811
      vertex 20.7 110 28.7
      vertex 57.0608 110 20.0295
    endloop
  endfacet
  facet normal 0 1 0
    outer loop
      vertex 57.1469 110 19.5969
      vertex 20.7 110 28.7
      vertex 57.0932 110 19.811
    endloop
  endfacet
  facet normal 0 1 0
    outer loop
      vertex 57.2213 110 19.389
      vertex 20.7 110 28.7
      vertex 57.1469 110 19.5969
    endloop
  endfacet
  facet normal 0 1 0
    outer loop
      vertex 57.3157 110 19.1894
      vertex 20.7 110 28.7
      vertex 57.2213 110 19.389
    endloop
  endfacet
  facet normal 0 1 0
    outer loop
      vertex 57.4292 110 19
      vertex 20.7 110 28.7
      vertex 57.3157 110 19.1894
    endloop
  endfacet
  facet normal 0 1 0
    outer loop
      vertex 57.5607 110 18.8226
      vertex 20.7 110 28.7
      vertex 57.4292 110 19
    endloop
  endfacet
  facet normal 0 1 0
    outer loop
      vertex 20.7 110 28.7
      vertex 57.5607 110 18.8226
      vertex 0 110 0
    endloop
  endfacet
  facet normal 0 1 0
    outer loop
      vertex 0 110 0
      vertex 57.5607 110 18.8226
      vertex 57.709 110 18.659
    endloop
  endfacet
  facet normal 0 1 0
    outer loop
      vertex 0 110 0
      vertex 57.709 110 18.659
      vertex 57.8726 110 18.5107
    endloop
  endfacet
  facet normal 0 1 0
    outer loop
      vertex 0 110 0
      vertex 57.8726 110 18.5107
      vertex 58.05 110 18.3792
    endloop
  endfacet
  facet normal 0 1 0
    outer loop
      vertex 0 110 0
      vertex 58.05 110 18.3792
      vertex 58.2394 110 18.2657
    endloop
  endfacet
  facet normal 0 1 0
    outer loop
      vertex 0 110 0
      vertex 58.2394 110 18.2657
      vertex 58.439 110 18.1713
    endloop
  endfacet
  facet normal 0 1 0
    outer loop
      vertex 0 110 0
      vertex 58.439 110 18.1713
      vertex 58.6469 110 18.0969
    endloop
  endfacet
  facet normal 0 1 0
    outer loop
      vertex 0 110 0
      vertex 58.6469 110 18.0969
      vertex 58.861 110 18.0432
    endloop
  endfacet
  facet normal 0 1 0
    outer loop
      vertex 0 110 0
      vertex 59.3 110 18
      vertex 118.6 110 0
    endloop
  endfacet
  facet normal 0 1 0
    outer loop
      vertex 59.3 110 18
      vertex 0 110 0
      vertex 59.0795 110 18.0108
    endloop
  endfacet
  facet normal 0 1 0
    outer loop
      vertex 59.0795 110 18.0108
      vertex 0 110 0
      vertex 58.861 110 18.0432
    endloop
  endfacet
  facet normal 0 1 0
    outer loop
      vertex 12.1 110 28.7
      vertex 0 110 0
      vertex 0 110 41
    endloop
  endfacet
  facet normal 0 1 0
    outer loop
      vertex 20.7 110 28.7
      vertex 0 110 0
      vertex 12.1 110 28.7
    endloop
  endfacet
  facet normal 0 -1 0
    outer loop
      vertex 20.7 0 31.7
      vertex 0 0 41
      vertex 12.1 0 31.7
    endloop
  endfacet
  facet normal 0 -1 0
    outer loop
      vertex 0 0 41
      vertex 12.1 0 28.7
      vertex 12.1 0 31.7
    endloop
  endfacet
  facet normal 0 -1 0
    outer loop
      vertex 0 0 0
      vertex 20.7 0 28.7
      vertex 12.1 0 28.7
    endloop
  endfacet
  facet normal 0 -1 0
    outer loop
      vertex 20.7 0 28.7
      vertex 57.0608 0 20.0295
      vertex 57.05 0 20.25
    endloop
  endfacet
  facet normal 0 -1 0
    outer loop
      vertex 20.7 0 28.7
      vertex 57.0932 0 19.811
      vertex 57.0608 0 20.0295
    endloop
  endfacet
  facet normal 0 -1 0
    outer loop
      vertex 20.7 0 28.7
      vertex 57.1469 0 19.5969
      vertex 57.0932 0 19.811
    endloop
  endfacet
  facet normal 0 -1 0
    outer loop
      vertex 20.7 0 28.7
      vertex 57.2213 0 19.389
      vertex 57.1469 0 19.5969
    endloop
  endfacet
  facet normal 0 -1 0
    outer loop
      vertex 20.7 0 28.7
      vertex 57.3157 0 19.1894
      vertex 57.2213 0 19.389
    endloop
  endfacet
  facet normal -0 -1 0
    outer loop
      vertex 57.5607 0 18.8226
      vertex 20.7 0 28.7
      vertex 0 0 0
    endloop
  endfacet
  facet normal 0 -1 0
    outer loop
      vertex 20.7 0 28.7
      vertex 57.4292 0 19
      vertex 57.3157 0 19.1894
    endloop
  endfacet
  facet normal 0 -1 0
    outer loop
      vertex 20.7 0 28.7
      vertex 57.5607 0 18.8226
      vertex 57.4292 0 19
    endloop
  endfacet
  facet normal 0 -1 -0
    outer loop
      vertex 57.5607 0 18.8226
      vertex 0 0 0
      vertex 57.709 0 18.659
    endloop
  endfacet
  facet normal 0 -1 -0
    outer loop
      vertex 57.709 0 18.659
      vertex 0 0 0
      vertex 57.8726 0 18.5107
    endloop
  endfacet
  facet normal 0 -1 -0
    outer loop
      vertex 57.8726 0 18.5107
      vertex 0 0 0
      vertex 58.05 0 18.3792
    endloop
  endfacet
  facet normal 0 -1 -0
    outer loop
      vertex 58.05 0 18.3792
      vertex 0 0 0
      vertex 58.2394 0 18.2657
    endloop
  endfacet
  facet normal 0 -1 -0
    outer loop
      vertex 58.2394 0 18.2657
      vertex 0 0 0
      vertex 58.439 0 18.1713
    endloop
  endfacet
  facet normal 0 -1 -0
    outer loop
      vertex 58.439 0 18.1713
      vertex 0 0 0
      vertex 58.6469 0 18.0969
    endloop
  endfacet
  facet normal 0 -1 -0
    outer loop
      vertex 59.0795 0 18.0108
      vertex 0 0 0
      vertex 59.3 0 18
    endloop
  endfacet
  facet normal 0 -1 -0
    outer loop
      vertex 58.861 0 18.0432
      vertex 0 0 0
      vertex 59.0795 0 18.0108
    endloop
  endfacet
  facet normal 0 -1 -0
    outer loop
      vertex 58.6469 0 18.0969
      vertex 0 0 0
      vertex 58.861 0 18.0432
    endloop
  endfacet
  facet normal 0 -1 0
    outer loop
      vertex 0 0 0
      vertex 12.1 0 28.7
      vertex 0 0 41
    endloop
  endfacet
  facet normal 0 -1 0
    outer loop
      vertex 0 0 41
      vertex 20.7 0 31.7
      vertex 57.05 0 41
    endloop
  endfacet
  facet normal 0 -1 0
    outer loop
      vertex 57.05 0 20.25
      vertex 20.7 0 31.7
      vertex 20.7 0 28.7
    endloop
  endfacet
  facet normal 0 -1 0
    outer loop
      vertex 20.7 0 31.7
      vertex 57.05 0 20.25
      vertex 57.05 0 41
    endloop
  endfacet
  facet normal 0 -1 0
    outer loop
      vertex 61.55 0 41
      vertex 97.9 0 31.7
      vertex 118.6 0 41
    endloop
  endfacet
  facet normal 0 -1 0
    outer loop
      vertex 61.55 0 20.25
      vertex 97.9 0 31.7
      vertex 61.55 0 41
    endloop
  endfacet
  facet normal 0 -1 0
    outer loop
      vertex 61.5392 0 20.0295
      vertex 97.9 0 28.7
      vertex 61.55 0 20.25
    endloop
  endfacet
  facet normal 0 -1 -0
    outer loop
      vertex 97.9 0 31.7
      vertex 61.55 0 20.25
      vertex 97.9 0 28.7
    endloop
  endfacet
  facet normal 0 -1 0
    outer loop
      vertex 106.5 0 31.7
      vertex 118.6 0 41
      vertex 97.9 0 31.7
    endloop
  endfacet
  facet normal 0 -1 0
    outer loop
      vertex 106.5 0 28.7
      vertex 118.6 0 41
      vertex 106.5 0 31.7
    endloop
  endfacet
  facet normal 0 -1 0
    outer loop
      vertex 61.5068 0 19.811
      vertex 97.9 0 28.7
      vertex 61.5392 0 20.0295
    endloop
  endfacet
  facet normal 0 -1 0
    outer loop
      vertex 61.4531 0 19.5969
      vertex 97.9 0 28.7
      vertex 61.5068 0 19.811
    endloop
  endfacet
  facet normal 0 -1 0
    outer loop
      vertex 61.3787 0 19.389
      vertex 97.9 0 28.7
      vertex 61.4531 0 19.5969
    endloop
  endfacet
  facet normal 0 -1 0
    outer loop
      vertex 61.2843 0 19.1894
      vertex 97.9 0 28.7
      vertex 61.3787 0 19.389
    endloop
  endfacet
  facet normal 0 -1 0
    outer loop
      vertex 61.1708 0 19
      vertex 97.9 0 28.7
      vertex 61.2843 0 19.1894
    endloop
  endfacet
  facet normal 0 -1 0
    outer loop
      vertex 61.0393 0 18.8226
      vertex 97.9 0 28.7
      vertex 61.1708 0 19
    endloop
  endfacet
  facet normal 0 -1 -0
    outer loop
      vertex 97.9 0 28.7
      vertex 61.0393 0 18.8226
      vertex 118.6 0 0
    endloop
  endfacet
  facet normal 0 -1 0
    outer loop
      vertex 118.6 0 0
      vertex 61.0393 0 18.8226
      vertex 60.891 0 18.659
    endloop
  endfacet
  facet normal 0 -1 0
    outer loop
      vertex 118.6 0 0
      vertex 60.891 0 18.659
      vertex 60.7274 0 18.5107
    endloop
  endfacet
  facet normal 0 -1 0
    outer loop
      vertex 118.6 0 0
      vertex 60.7274 0 18.5107
      vertex 60.55 0 18.3792
    endloop
  endfacet
  facet normal 0 -1 0
    outer loop
      vertex 118.6 0 0
      vertex 60.55 0 18.3792
      vertex 60.3606 0 18.2657
    endloop
  endfacet
  facet normal 0 -1 0
    outer loop
      vertex 118.6 0 0
      vertex 60.3606 0 18.2657
      vertex 60.161 0 18.1713
    endloop
  endfacet
  facet normal 0 -1 0
    outer loop
      vertex 118.6 0 0
      vertex 60.161 0 18.1713
      vertex 59.9531 0 18.0969
    endloop
  endfacet
  facet normal 0 -1 0
    outer loop
      vertex 118.6 0 0
      vertex 59.9531 0 18.0969
      vertex 59.739 0 18.0432
    endloop
  endfacet
  facet normal 0 -1 0
    outer loop
      vertex 118.6 0 0
      vertex 59.3 0 18
      vertex 0 0 0
    endloop
  endfacet
  facet normal 0 -1 0
    outer loop
      vertex 59.3 0 18
      vertex 118.6 0 0
      vertex 59.5205 0 18.0108
    endloop
  endfacet
  facet normal 0 -1 0
    outer loop
      vertex 59.5205 0 18.0108
      vertex 118.6 0 0
      vertex 59.739 0 18.0432
    endloop
  endfacet
  facet normal 0 -1 0
    outer loop
      vertex 106.5 0 28.7
      vertex 118.6 0 0
      vertex 118.6 0 41
    endloop
  endfacet
  facet normal 0 -1 0
    outer loop
      vertex 97.9 0 28.7
      vertex 118.6 0 0
      vertex 106.5 0 28.7
    endloop
  endfacet
  facet normal -1 0 0
    outer loop
      vertex 116.2 107.6 2
      vertex 116.2 64.3 18
      vertex 116.2 107.6 41
    endloop
  endfacet
  facet normal -1 0 0
    outer loop
      vertex 116.2 107.6 2
      vertex 116.2 64.2552 17.0884
      vertex 116.2 64.3 18
    endloop
  endfacet
  facet normal -1 0 0
    outer loop
      vertex 116.2 107.6 2
      vertex 116.2 64.1213 16.1857
      vertex 116.2 64.2552 17.0884
    endloop
  endfacet
  facet normal -1 0 0
    outer loop
      vertex 116.2 107.6 2
      vertex 116.2 63.8995 15.3004
      vertex 116.2 64.1213 16.1857
    endloop
  endfacet
  facet normal -1 0 0
    outer loop
      vertex 116.2 107.6 2
      vertex 116.2 63.5921 14.441
      vertex 116.2 63.8995 15.3004
    endloop
  endfacet
  facet normal -1 0 0
    outer loop
      vertex 116.2 107.6 2
      vertex 116.2 63.2019 13.616
      vertex 116.2 63.5921 14.441
    endloop
  endfacet
  facet normal -1 0 0
    outer loop
      vertex 116.2 107.6 2
      vertex 116.2 62.7327 12.8332
      vertex 116.2 63.2019 13.616
    endloop
  endfacet
  facet normal -1 0 0
    outer loop
      vertex 116.2 107.6 2
      vertex 116.2 62.189 12.1001
      vertex 116.2 62.7327 12.8332
    endloop
  endfacet
  facet normal -1 0 0
    outer loop
      vertex 116.2 107.6 2
      vertex 116.2 61.5761 11.4239
      vertex 116.2 62.189 12.1001
    endloop
  endfacet
  facet normal -1 0 0
    outer loop
      vertex 116.2 107.6 2
      vertex 116.2 60.8999 10.811
      vertex 116.2 61.5761 11.4239
    endloop
  endfacet
  facet normal -1 0 0
    outer loop
      vertex 116.2 107.6 2
      vertex 116.2 60.1668 10.2673
      vertex 116.2 60.8999 10.811
    endloop
  endfacet
  facet normal -1 0 0
    outer loop
      vertex 116.2 107.6 2
      vertex 116.2 59.384 9.79813
      vertex 116.2 60.1668 10.2673
    endloop
  endfacet
  facet normal -1 0 0
    outer loop
      vertex 116.2 107.6 2
      vertex 116.2 58.559 9.40792
      vertex 116.2 59.384 9.79813
    endloop
  endfacet
  facet normal -1 0 0
    outer loop
      vertex 116.2 107.6 2
      vertex 116.2 57.6996 9.10045
      vertex 116.2 58.559 9.40792
    endloop
  endfacet
  facet normal -1 0 0
    outer loop
      vertex 116.2 107.6 2
      vertex 116.2 56.8143 8.8787
      vertex 116.2 57.6996 9.10045
    endloop
  endfacet
  facet normal -1 0 0
    outer loop
      vertex 116.2 107.6 2
      vertex 116.2 55.9116 8.74478
      vertex 116.2 56.8143 8.8787
    endloop
  endfacet
  facet normal -1 0 0
    outer loop
      vertex 116.2 107.6 2
      vertex 116.2 55 8.7
      vertex 116.2 55.9116 8.74478
    endloop
  endfacet
  facet normal -1 0 0
    outer loop
      vertex 116.2 2.4 2
      vertex 116.2 55 8.7
      vertex 116.2 107.6 2
    endloop
  endfacet
  facet normal -1 -0 0
    outer loop
      vertex 116.2 55 8.7
      vertex 116.2 2.4 2
      vertex 116.2 54.0884 8.74478
    endloop
  endfacet
  facet normal -1 0 0
    outer loop
      vertex 116.2 2.4 2
      vertex 116.2 53.1857 8.8787
      vertex 116.2 54.0884 8.74478
    endloop
  endfacet
  facet normal -1 0 0
    outer loop
      vertex 116.2 2.4 2
      vertex 116.2 52.3004 9.10045
      vertex 116.2 53.1857 8.8787
    endloop
  endfacet
  facet normal -1 0 0
    outer loop
      vertex 116.2 2.4 2
      vertex 116.2 51.441 9.40792
      vertex 116.2 52.3004 9.10045
    endloop
  endfacet
  facet normal -1 0 0
    outer loop
      vertex 116.2 2.4 2
      vertex 116.2 50.616 9.79813
      vertex 116.2 51.441 9.40792
    endloop
  endfacet
  facet normal -1 0 0
    outer loop
      vertex 116.2 2.4 2
      vertex 116.2 49.8332 10.2673
      vertex 116.2 50.616 9.79813
    endloop
  endfacet
  facet normal -1 0 0
    outer loop
      vertex 116.2 2.4 2
      vertex 116.2 49.1001 10.811
      vertex 116.2 49.8332 10.2673
    endloop
  endfacet
  facet normal -1 0 0
    outer loop
      vertex 116.2 2.4 2
      vertex 116.2 48.4239 11.4239
      vertex 116.2 49.1001 10.811
    endloop
  endfacet
  facet normal -1 0 0
    outer loop
      vertex 116.2 2.4 2
      vertex 116.2 47.811 12.1001
      vertex 116.2 48.4239 11.4239
    endloop
  endfacet
  facet normal -1 0 0
    outer loop
      vertex 116.2 2.4 2
      vertex 116.2 47.2673 12.8332
      vertex 116.2 47.811 12.1001
    endloop
  endfacet
  facet normal -1 0 0
    outer loop
      vertex 116.2 2.4 2
      vertex 116.2 46.7981 13.616
      vertex 116.2 47.2673 12.8332
    endloop
  endfacet
  facet normal -1 0 0
    outer loop
      vertex 116.2 2.4 2
      vertex 116.2 46.4079 14.441
      vertex 116.2 46.7981 13.616
    endloop
  endfacet
  facet normal -1 0 0
    outer loop
      vertex 116.2 2.4 2
      vertex 116.2 46.1005 15.3004
      vertex 116.2 46.4079 14.441
    endloop
  endfacet
  facet normal -1 0 0
    outer loop
      vertex 116.2 2.4 2
      vertex 116.2 45.8787 16.1857
      vertex 116.2 46.1005 15.3004
    endloop
  endfacet
  facet normal -1 0 0
    outer loop
      vertex 116.2 2.4 2
      vertex 116.2 45.7448 17.0884
      vertex 116.2 45.8787 16.1857
    endloop
  endfacet
  facet normal -1 0 0
    outer loop
      vertex 116.2 2.4 2
      vertex 116.2 45.7 18
      vertex 116.2 45.7448 17.0884
    endloop
  endfacet
  facet normal -1 0 0
    outer loop
      vertex 116.2 2.4 41
      vertex 116.2 45.7 18
      vertex 116.2 2.4 2
    endloop
  endfacet
  facet normal -1 0 0
    outer loop
      vertex 116.2 45.7 18
      vertex 116.2 2.4 41
      vertex 116.2 45.7 41
    endloop
  endfacet
  facet normal -1 -0 0
    outer loop
      vertex 116.2 107.6 41
      vertex 116.2 64.3 18
      vertex 116.2 64.3 41
    endloop
  endfacet
  facet normal -0 0 1
    outer loop
      vertex 15.4 66 2
      vertex 42.2 59.8 2
      vertex 42.2 107.6 2
    endloop
  endfacet
  facet normal 0 0 1
    outer loop
      vertex 42.2 59.8 2
      vertex 15.4 66 2
      vertex 42.2 50.2 2
    endloop
  endfacet
  facet normal 0 0 1
    outer loop
      vertex 15.4 44 2
      vertex 42.2 50.2 2
      vertex 15.4 66 2
    endloop
  endfacet
  facet normal -0 0 1
    outer loop
      vertex 2.4 107.6 2
      vertex 15.4 66 2
      vertex 42.2 107.6 2
    endloop
  endfacet
  facet normal 0 0 1
    outer loop
      vertex 5.4 66 2
      vertex 2.4 107.6 2
      vertex 5.4 44 2
    endloop
  endfacet
  facet normal 0 0 1
    outer loop
      vertex 15.4 66 2
      vertex 2.4 107.6 2
      vertex 5.4 66 2
    endloop
  endfacet
  facet normal -0 0 1
    outer loop
      vertex 42.2 59.8 2
      vertex 76.4 50.2 2
      vertex 76.4 59.8 2
    endloop
  endfacet
  facet normal 0 0 1
    outer loop
      vertex 76.4 50.2 2
      vertex 42.2 59.8 2
      vertex 42.2 50.2 2
    endloop
  endfacet
  facet normal 0 0 1
    outer loop
      vertex 42.2 50.2 2
      vertex 15.4 44 2
      vertex 42.2 2.4 2
    endloop
  endfacet
  facet normal 0 0 1
    outer loop
      vertex 2.4 2.4 2
      vertex 15.4 44 2
      vertex 5.4 44 2
    endloop
  endfacet
  facet normal 0 0 1
    outer loop
      vertex 15.4 44 2
      vertex 2.4 2.4 2
      vertex 42.2 2.4 2
    endloop
  endfacet
  facet normal 0 0 1
    outer loop
      vertex 2.4 2.4 2
      vertex 5.4 44 2
      vertex 2.4 107.6 2
    endloop
  endfacet
  facet normal 0 0 1
    outer loop
      vertex 116.2 107.6 2
      vertex 113.2 66 2
      vertex 116.2 2.4 2
    endloop
  endfacet
  facet normal 0 0 1
    outer loop
      vertex 116.2 107.6 2
      vertex 103.2 66 2
      vertex 113.2 66 2
    endloop
  endfacet
  facet normal 0 0 1
    outer loop
      vertex 76.4 59.8 2
      vertex 103.2 66 2
      vertex 76.4 107.6 2
    endloop
  endfacet
  facet normal -0 0 1
    outer loop
      vertex 76.4 107.6 2
      vertex 103.2 66 2
      vertex 116.2 107.6 2
    endloop
  endfacet
  facet normal -0 0 1
    outer loop
      vertex 113.2 44 2
      vertex 116.2 2.4 2
      vertex 113.2 66 2
    endloop
  endfacet
  facet normal -0 0 1
    outer loop
      vertex 103.2 44 2
      vertex 116.2 2.4 2
      vertex 113.2 44 2
    endloop
  endfacet
  facet normal 0 0 1
    outer loop
      vertex 103.2 66 2
      vertex 76.4 59.8 2
      vertex 103.2 44 2
    endloop
  endfacet
  facet normal -0 0 1
    outer loop
      vertex 76.4 50.2 2
      vertex 103.2 44 2
      vertex 76.4 59.8 2
    endloop
  endfacet
  facet normal 0 0 1
    outer loop
      vertex 76.4 2.4 2
      vertex 103.2 44 2
      vertex 76.4 50.2 2
    endloop
  endfacet
  facet normal 0 0 1
    outer loop
      vertex 103.2 44 2
      vertex 76.4 2.4 2
      vertex 116.2 2.4 2
    endloop
  endfacet
  facet normal -0 0 1
    outer loop
      vertex 43.4 49 2
      vertex 75.2 2.4 2
      vertex 75.2 49 2
    endloop
  endfacet
  facet normal 0 0 1
    outer loop
      vertex 75.2 2.4 2
      vertex 43.4 49 2
      vertex 43.4 2.4 2
    endloop
  endfacet
  facet normal -0 0 1
    outer loop
      vertex 43.4 107.6 2
      vertex 75.2 61 2
      vertex 75.2 107.6 2
    endloop
  endfacet
  facet normal 0 0 1
    outer loop
      vertex 75.2 61 2
      vertex 43.4 107.6 2
      vertex 43.4 61 2
    endloop
  endfacet
  facet normal 1 0 0
    outer loop
      vertex 2.4 45.7 41
      vertex 2.4 2.4 41
      vertex 2.4 45.7 18
    endloop
  endfacet
  facet normal 1 0 0
    outer loop
      vertex 2.4 64.3 18
      vertex 2.4 107.6 41
      vertex 2.4 64.3 41
    endloop
  endfacet
  facet normal 1 0 0
    outer loop
      vertex 2.4 107.6 41
      vertex 2.4 64.3 18
      vertex 2.4 107.6 2
    endloop
  endfacet
  facet normal 1 -0 0
    outer loop
      vertex 2.4 64.2552 17.0884
      vertex 2.4 107.6 2
      vertex 2.4 64.3 18
    endloop
  endfacet
  facet normal 1 -0 0
    outer loop
      vertex 2.4 64.1213 16.1857
      vertex 2.4 107.6 2
      vertex 2.4 64.2552 17.0884
    endloop
  endfacet
  facet normal 1 -0 0
    outer loop
      vertex 2.4 63.8995 15.3004
      vertex 2.4 107.6 2
      vertex 2.4 64.1213 16.1857
    endloop
  endfacet
  facet normal 1 -0 0
    outer loop
      vertex 2.4 63.5921 14.441
      vertex 2.4 107.6 2
      vertex 2.4 63.8995 15.3004
    endloop
  endfacet
  facet normal 1 -0 0
    outer loop
      vertex 2.4 63.2019 13.616
      vertex 2.4 107.6 2
      vertex 2.4 63.5921 14.441
    endloop
  endfacet
  facet normal 1 -0 0
    outer loop
      vertex 2.4 62.7327 12.8332
      vertex 2.4 107.6 2
      vertex 2.4 63.2019 13.616
    endloop
  endfacet
  facet normal 1 -0 0
    outer loop
      vertex 2.4 62.189 12.1001
      vertex 2.4 107.6 2
      vertex 2.4 62.7327 12.8332
    endloop
  endfacet
  facet normal 1 -0 0
    outer loop
      vertex 2.4 61.5761 11.4239
      vertex 2.4 107.6 2
      vertex 2.4 62.189 12.1001
    endloop
  endfacet
  facet normal 1 -0 0
    outer loop
      vertex 2.4 60.8999 10.811
      vertex 2.4 107.6 2
      vertex 2.4 61.5761 11.4239
    endloop
  endfacet
  facet normal 1 -0 0
    outer loop
      vertex 2.4 60.1668 10.2673
      vertex 2.4 107.6 2
      vertex 2.4 60.8999 10.811
    endloop
  endfacet
  facet normal 1 -0 0
    outer loop
      vertex 2.4 59.384 9.79813
      vertex 2.4 107.6 2
      vertex 2.4 60.1668 10.2673
    endloop
  endfacet
  facet normal 1 -0 0
    outer loop
      vertex 2.4 58.559 9.40792
      vertex 2.4 107.6 2
      vertex 2.4 59.384 9.79813
    endloop
  endfacet
  facet normal 1 -0 0
    outer loop
      vertex 2.4 57.6996 9.10045
      vertex 2.4 107.6 2
      vertex 2.4 58.559 9.40792
    endloop
  endfacet
  facet normal 1 -0 0
    outer loop
      vertex 2.4 56.8143 8.8787
      vertex 2.4 107.6 2
      vertex 2.4 57.6996 9.10045
    endloop
  endfacet
  facet normal 1 -0 0
    outer loop
      vertex 2.4 55.9116 8.74478
      vertex 2.4 107.6 2
      vertex 2.4 56.8143 8.8787
    endloop
  endfacet
  facet normal 1 -0 0
    outer loop
      vertex 2.4 55 8.7
      vertex 2.4 107.6 2
      vertex 2.4 55.9116 8.74478
    endloop
  endfacet
  facet normal 1 0 0
    outer loop
      vertex 2.4 2.4 2
      vertex 2.4 55 8.7
      vertex 2.4 54.0884 8.74478
    endloop
  endfacet
  facet normal 1 0 0
    outer loop
      vertex 2.4 2.4 2
      vertex 2.4 45.7 18
      vertex 2.4 2.4 41
    endloop
  endfacet
  facet normal 1 0 0
    outer loop
      vertex 2.4 45.7 18
      vertex 2.4 2.4 2
      vertex 2.4 45.7448 17.0884
    endloop
  endfacet
  facet normal 1 0 0
    outer loop
      vertex 2.4 45.7448 17.0884
      vertex 2.4 2.4 2
      vertex 2.4 45.8787 16.1857
    endloop
  endfacet
  facet normal 1 0 0
    outer loop
      vertex 2.4 45.8787 16.1857
      vertex 2.4 2.4 2
      vertex 2.4 46.1005 15.3004
    endloop
  endfacet
  facet normal 1 0 0
    outer loop
      vertex 2.4 46.1005 15.3004
      vertex 2.4 2.4 2
      vertex 2.4 46.4079 14.441
    endloop
  endfacet
  facet normal 1 0 0
    outer loop
      vertex 2.4 46.4079 14.441
      vertex 2.4 2.4 2
      vertex 2.4 46.7981 13.616
    endloop
  endfacet
  facet normal 1 0 0
    outer loop
      vertex 2.4 46.7981 13.616
      vertex 2.4 2.4 2
      vertex 2.4 47.2673 12.8332
    endloop
  endfacet
  facet normal 1 0 0
    outer loop
      vertex 2.4 47.2673 12.8332
      vertex 2.4 2.4 2
      vertex 2.4 47.811 12.1001
    endloop
  endfacet
  facet normal 1 0 0
    outer loop
      vertex 2.4 47.811 12.1001
      vertex 2.4 2.4 2
      vertex 2.4 48.4239 11.4239
    endloop
  endfacet
  facet normal 1 0 0
    outer loop
      vertex 2.4 48.4239 11.4239
      vertex 2.4 2.4 2
      vertex 2.4 49.1001 10.811
    endloop
  endfacet
  facet normal 1 0 0
    outer loop
      vertex 2.4 55 8.7
      vertex 2.4 2.4 2
      vertex 2.4 107.6 2
    endloop
  endfacet
  facet normal 1 0 0
    outer loop
      vertex 2.4 53.1857 8.8787
      vertex 2.4 2.4 2
      vertex 2.4 54.0884 8.74478
    endloop
  endfacet
  facet normal 1 0 0
    outer loop
      vertex 2.4 52.3004 9.10045
      vertex 2.4 2.4 2
      vertex 2.4 53.1857 8.8787
    endloop
  endfacet
  facet normal 1 0 0
    outer loop
      vertex 2.4 51.441 9.40792
      vertex 2.4 2.4 2
      vertex 2.4 52.3004 9.10045
    endloop
  endfacet
  facet normal 1 0 0
    outer loop
      vertex 2.4 50.616 9.79813
      vertex 2.4 2.4 2
      vertex 2.4 51.441 9.40792
    endloop
  endfacet
  facet normal 1 0 0
    outer loop
      vertex 2.4 49.8332 10.2673
      vertex 2.4 2.4 2
      vertex 2.4 50.616 9.79813
    endloop
  endfacet
  facet normal 1 0 0
    outer loop
      vertex 2.4 49.1001 10.811
      vertex 2.4 2.4 2
      vertex 2.4 49.8332 10.2673
    endloop
  endfacet
  facet normal 0 -1 0
    outer loop
      vertex 75.2 107.6 2
      vertex 59.3 107.6 18
      vertex 43.4 107.6 2
    endloop
  endfacet
  facet normal 0 -1 0
    outer loop
      vertex 59.3 107.6 18
      vertex 75.2 107.6 2
      vertex 75.2 107.6 6
    endloop
  endfacet
  facet normal 0 -1 0
    outer loop
      vertex 20.7 107.6 31.7
      vertex 2.4 107.6 41
      vertex 12.1 107.6 31.7
    endloop
  endfacet
  facet normal 0 -1 0
    outer loop
      vertex 2.4 107.6 41
      vertex 12.1 107.6 28.7
      vertex 12.1 107.6 31.7
    endloop
  endfacet
  facet normal 0 -1 0
    outer loop
      vertex 2.4 107.6 2
      vertex 20.7 107.6 28.7
      vertex 12.1 107.6 28.7
    endloop
  endfacet
  facet normal 0 -1 0
    outer loop
      vertex 20.7 107.6 28.7
      vertex 42.2 107.6 6
      vertex 57.05 107.6 20.25
    endloop
  endfacet
  facet normal 0 -1 0
    outer loop
      vertex 43.4 107.6 6
      vertex 57.05 107.6 20.25
      vertex 42.2 107.6 6
    endloop
  endfacet
  facet normal 0 -1 -0
    outer loop
      vertex 57.05 107.6 20.25
      vertex 43.4 107.6 6
      vertex 57.0608 107.6 20.0295
    endloop
  endfacet
  facet normal 0 -1 -0
    outer loop
      vertex 57.0608 107.6 20.0295
      vertex 43.4 107.6 6
      vertex 57.0932 107.6 19.811
    endloop
  endfacet
  facet normal 0 -1 -0
    outer loop
      vertex 57.0932 107.6 19.811
      vertex 43.4 107.6 6
      vertex 57.1469 107.6 19.5969
    endloop
  endfacet
  facet normal 0 -1 -0
    outer loop
      vertex 57.1469 107.6 19.5969
      vertex 43.4 107.6 6
      vertex 57.2213 107.6 19.389
    endloop
  endfacet
  facet normal 0 -1 -0
    outer loop
      vertex 57.2213 107.6 19.389
      vertex 43.4 107.6 6
      vertex 57.3157 107.6 19.1894
    endloop
  endfacet
  facet normal 0 -1 -0
    outer loop
      vertex 57.3157 107.6 19.1894
      vertex 43.4 107.6 6
      vertex 57.4292 107.6 19
    endloop
  endfacet
  facet normal 0 -1 -0
    outer loop
      vertex 57.4292 107.6 19
      vertex 43.4 107.6 6
      vertex 57.5607 107.6 18.8226
    endloop
  endfacet
  facet normal 0 -1 -0
    outer loop
      vertex 57.5607 107.6 18.8226
      vertex 43.4 107.6 6
      vertex 57.709 107.6 18.659
    endloop
  endfacet
  facet normal 0 -1 -0
    outer loop
      vertex 57.709 107.6 18.659
      vertex 43.4 107.6 6
      vertex 57.8726 107.6 18.5107
    endloop
  endfacet
  facet normal 0 -1 -0
    outer loop
      vertex 57.8726 107.6 18.5107
      vertex 43.4 107.6 6
      vertex 58.05 107.6 18.3792
    endloop
  endfacet
  facet normal 0 -1 -0
    outer loop
      vertex 58.05 107.6 18.3792
      vertex 43.4 107.6 6
      vertex 58.2394 107.6 18.2657
    endloop
  endfacet
  facet normal 0 -1 -0
    outer loop
      vertex 58.2394 107.6 18.2657
      vertex 43.4 107.6 6
      vertex 58.439 107.6 18.1713
    endloop
  endfacet
  facet normal 0 -1 -0
    outer loop
      vertex 58.861 107.6 18.0432
      vertex 43.4 107.6 6
      vertex 59.0795 107.6 18.0108
    endloop
  endfacet
  facet normal 0 -1 -0
    outer loop
      vertex 58.6469 107.6 18.0969
      vertex 43.4 107.6 6
      vertex 58.861 107.6 18.0432
    endloop
  endfacet
  facet normal 0 -1 -0
    outer loop
      vertex 58.439 107.6 18.1713
      vertex 43.4 107.6 6
      vertex 58.6469 107.6 18.0969
    endloop
  endfacet
  facet normal 0 -1 0
    outer loop
      vertex 2.4 107.6 2
      vertex 12.1 107.6 28.7
      vertex 2.4 107.6 41
    endloop
  endfacet
  facet normal 0 -1 -0
    outer loop
      vertex 20.7 107.6 28.7
      vertex 2.4 107.6 2
      vertex 42.2 107.6 6
    endloop
  endfacet
  facet normal 0 -1 -0
    outer loop
      vertex 42.2 107.6 6
      vertex 2.4 107.6 2
      vertex 42.2 107.6 2
    endloop
  endfacet
  facet normal 0 -1 0
    outer loop
      vertex 2.4 107.6 41
      vertex 20.7 107.6 31.7
      vertex 57.05 107.6 41
    endloop
  endfacet
  facet normal 0 -1 0
    outer loop
      vertex 57.05 107.6 20.25
      vertex 20.7 107.6 31.7
      vertex 20.7 107.6 28.7
    endloop
  endfacet
  facet normal 0 -1 0
    outer loop
      vertex 20.7 107.6 31.7
      vertex 57.05 107.6 20.25
      vertex 57.05 107.6 41
    endloop
  endfacet
  facet normal 0 -1 0
    outer loop
      vertex 61.55 107.6 41
      vertex 97.9 107.6 31.7
      vertex 116.2 107.6 41
    endloop
  endfacet
  facet normal 0 -1 0
    outer loop
      vertex 61.55 107.6 20.25
      vertex 97.9 107.6 31.7
      vertex 61.55 107.6 41
    endloop
  endfacet
  facet normal 0 -1 0
    outer loop
      vertex 76.4 107.6 6
      vertex 97.9 107.6 28.7
      vertex 61.55 107.6 20.25
    endloop
  endfacet
  facet normal 0 -1 -0
    outer loop
      vertex 97.9 107.6 31.7
      vertex 61.55 107.6 20.25
      vertex 97.9 107.6 28.7
    endloop
  endfacet
  facet normal 0 -1 0
    outer loop
      vertex 106.5 107.6 31.7
      vertex 116.2 107.6 41
      vertex 97.9 107.6 31.7
    endloop
  endfacet
  facet normal 0 -1 0
    outer loop
      vertex 106.5 107.6 28.7
      vertex 116.2 107.6 41
      vertex 106.5 107.6 31.7
    endloop
  endfacet
  facet normal 0 -1 0
    outer loop
      vertex 75.2 107.6 6
      vertex 61.55 107.6 20.25
      vertex 61.5392 107.6 20.0295
    endloop
  endfacet
  facet normal 0 -1 0
    outer loop
      vertex 75.2 107.6 6
      vertex 61.5392 107.6 20.0295
      vertex 61.5068 107.6 19.811
    endloop
  endfacet
  facet normal 0 -1 0
    outer loop
      vertex 75.2 107.6 6
      vertex 61.5068 107.6 19.811
      vertex 61.4531 107.6 19.5969
    endloop
  endfacet
  facet normal 0 -1 0
    outer loop
      vertex 75.2 107.6 6
      vertex 61.4531 107.6 19.5969
      vertex 61.3787 107.6 19.389
    endloop
  endfacet
  facet normal 0 -1 0
    outer loop
      vertex 75.2 107.6 6
      vertex 61.3787 107.6 19.389
      vertex 61.2843 107.6 19.1894
    endloop
  endfacet
  facet normal 0 -1 0
    outer loop
      vertex 75.2 107.6 6
      vertex 61.2843 107.6 19.1894
      vertex 61.1708 107.6 19
    endloop
  endfacet
  facet normal 0 -1 0
    outer loop
      vertex 75.2 107.6 6
      vertex 61.1708 107.6 19
      vertex 61.0393 107.6 18.8226
    endloop
  endfacet
  facet normal 0 -1 0
    outer loop
      vertex 75.2 107.6 6
      vertex 61.0393 107.6 18.8226
      vertex 60.891 107.6 18.659
    endloop
  endfacet
  facet normal 0 -1 0
    outer loop
      vertex 75.2 107.6 6
      vertex 60.891 107.6 18.659
      vertex 60.7274 107.6 18.5107
    endloop
  endfacet
  facet normal 0 -1 0
    outer loop
      vertex 75.2 107.6 6
      vertex 60.7274 107.6 18.5107
      vertex 60.55 107.6 18.3792
    endloop
  endfacet
  facet normal 0 -1 0
    outer loop
      vertex 75.2 107.6 6
      vertex 60.55 107.6 18.3792
      vertex 60.3606 107.6 18.2657
    endloop
  endfacet
  facet normal 0 -1 0
    outer loop
      vertex 75.2 107.6 6
      vertex 60.3606 107.6 18.2657
      vertex 60.161 107.6 18.1713
    endloop
  endfacet
  facet normal 0 -1 0
    outer loop
      vertex 75.2 107.6 6
      vertex 60.161 107.6 18.1713
      vertex 59.9531 107.6 18.0969
    endloop
  endfacet
  facet normal 0 -1 0
    outer loop
      vertex 75.2 107.6 6
      vertex 59.9531 107.6 18.0969
      vertex 59.739 107.6 18.0432
    endloop
  endfacet
  facet normal 0 -1 0
    outer loop
      vertex 43.4 107.6 2
      vertex 59.0795 107.6 18.0108
      vertex 43.4 107.6 6
    endloop
  endfacet
  facet normal 0 -1 -0
    outer loop
      vertex 59.0795 107.6 18.0108
      vertex 43.4 107.6 2
      vertex 59.3 107.6 18
    endloop
  endfacet
  facet normal 0 -1 0
    outer loop
      vertex 59.3 107.6 18
      vertex 75.2 107.6 6
      vertex 59.5205 107.6 18.0108
    endloop
  endfacet
  facet normal 0 -1 0
    outer loop
      vertex 59.5205 107.6 18.0108
      vertex 75.2 107.6 6
      vertex 59.739 107.6 18.0432
    endloop
  endfacet
  facet normal 0 -1 0
    outer loop
      vertex 61.55 107.6 20.25
      vertex 75.2 107.6 6
      vertex 76.4 107.6 6
    endloop
  endfacet
  facet normal 0 -1 0
    outer loop
      vertex 116.2 107.6 2
      vertex 97.9 107.6 28.7
      vertex 76.4 107.6 6
    endloop
  endfacet
  facet normal 0 -1 0
    outer loop
      vertex 116.2 107.6 2
      vertex 76.4 107.6 6
      vertex 76.4 107.6 2
    endloop
  endfacet
  facet normal 0 -1 0
    outer loop
      vertex 106.5 107.6 28.7
      vertex 116.2 107.6 2
      vertex 116.2 107.6 41
    endloop
  endfacet
  facet normal 0 -1 0
    outer loop
      vertex 97.9 107.6 28.7
      vertex 116.2 107.6 2
      vertex 106.5 107.6 28.7
    endloop
  endfacet
  facet normal 0 1 0
    outer loop
      vertex 43.4 2.4 2
      vertex 59.3 2.4 18
      vertex 75.2 2.4 2
    endloop
  endfacet
  facet normal 0 1 0
    outer loop
      vertex 59.3 2.4 18
      vertex 43.4 2.4 2
      vertex 43.4 2.4 6
    endloop
  endfacet
  facet normal 0 1 0
    outer loop
      vertex 97.9 2.4 31.7
      vertex 116.2 2.4 41
      vertex 106.5 2.4 31.7
    endloop
  endfacet
  facet normal 0 1 0
    outer loop
      vertex 116.2 2.4 41
      vertex 106.5 2.4 28.7
      vertex 106.5 2.4 31.7
    endloop
  endfacet
  facet normal 0 1 0
    outer loop
      vertex 116.2 2.4 2
      vertex 97.9 2.4 28.7
      vertex 106.5 2.4 28.7
    endloop
  endfacet
  facet normal 0 1 0
    outer loop
      vertex 97.9 2.4 28.7
      vertex 76.4 2.4 6
      vertex 61.55 2.4 20.25
    endloop
  endfacet
  facet normal 0 1 -0
    outer loop
      vertex 75.2 2.4 6
      vertex 61.55 2.4 20.25
      vertex 76.4 2.4 6
    endloop
  endfacet
  facet normal 0 1 0
    outer loop
      vertex 61.55 2.4 20.25
      vertex 75.2 2.4 6
      vertex 61.5392 2.4 20.0295
    endloop
  endfacet
  facet normal 0 1 0
    outer loop
      vertex 61.5392 2.4 20.0295
      vertex 75.2 2.4 6
      vertex 61.5068 2.4 19.811
    endloop
  endfacet
  facet normal 0 1 0
    outer loop
      vertex 61.5068 2.4 19.811
      vertex 75.2 2.4 6
      vertex 61.4531 2.4 19.5969
    endloop
  endfacet
  facet normal 0 1 0
    outer loop
      vertex 61.4531 2.4 19.5969
      vertex 75.2 2.4 6
      vertex 61.3787 2.4 19.389
    endloop
  endfacet
  facet normal 0 1 0
    outer loop
      vertex 61.3787 2.4 19.389
      vertex 75.2 2.4 6
      vertex 61.2843 2.4 19.1894
    endloop
  endfacet
  facet normal 0 1 0
    outer loop
      vertex 61.2843 2.4 19.1894
      vertex 75.2 2.4 6
      vertex 61.1708 2.4 19
    endloop
  endfacet
  facet normal 0 1 0
    outer loop
      vertex 61.1708 2.4 19
      vertex 75.2 2.4 6
      vertex 61.0393 2.4 18.8226
    endloop
  endfacet
  facet normal 0 1 0
    outer loop
      vertex 61.0393 2.4 18.8226
      vertex 75.2 2.4 6
      vertex 60.891 2.4 18.659
    endloop
  endfacet
  facet normal 0 1 0
    outer loop
      vertex 60.891 2.4 18.659
      vertex 75.2 2.4 6
      vertex 60.7274 2.4 18.5107
    endloop
  endfacet
  facet normal 0 1 0
    outer loop
      vertex 60.7274 2.4 18.5107
      vertex 75.2 2.4 6
      vertex 60.55 2.4 18.3792
    endloop
  endfacet
  facet normal 0 1 0
    outer loop
      vertex 60.55 2.4 18.3792
      vertex 75.2 2.4 6
      vertex 60.3606 2.4 18.2657
    endloop
  endfacet
  facet normal 0 1 0
    outer loop
      vertex 60.3606 2.4 18.2657
      vertex 75.2 2.4 6
      vertex 60.161 2.4 18.1713
    endloop
  endfacet
  facet normal 0 1 0
    outer loop
      vertex 59.739 2.4 18.0432
      vertex 75.2 2.4 6
      vertex 59.5205 2.4 18.0108
    endloop
  endfacet
  facet normal 0 1 0
    outer loop
      vertex 59.9531 2.4 18.0969
      vertex 75.2 2.4 6
      vertex 59.739 2.4 18.0432
    endloop
  endfacet
  facet normal 0 1 0
    outer loop
      vertex 60.161 2.4 18.1713
      vertex 75.2 2.4 6
      vertex 59.9531 2.4 18.0969
    endloop
  endfacet
  facet normal 0 1 -0
    outer loop
      vertex 116.2 2.4 2
      vertex 106.5 2.4 28.7
      vertex 116.2 2.4 41
    endloop
  endfacet
  facet normal 0 1 0
    outer loop
      vertex 97.9 2.4 28.7
      vertex 116.2 2.4 2
      vertex 76.4 2.4 6
    endloop
  endfacet
  facet normal 0 1 0
    outer loop
      vertex 76.4 2.4 6
      vertex 116.2 2.4 2
      vertex 76.4 2.4 2
    endloop
  endfacet
  facet normal 0 1 0
    outer loop
      vertex 116.2 2.4 41
      vertex 97.9 2.4 31.7
      vertex 61.55 2.4 41
    endloop
  endfacet
  facet normal 0 1 0
    outer loop
      vertex 61.55 2.4 20.25
      vertex 97.9 2.4 31.7
      vertex 97.9 2.4 28.7
    endloop
  endfacet
  facet normal 0 1 0
    outer loop
      vertex 97.9 2.4 31.7
      vertex 61.55 2.4 20.25
      vertex 61.55 2.4 41
    endloop
  endfacet
  facet normal 0 1 0
    outer loop
      vertex 57.05 2.4 41
      vertex 20.7 2.4 31.7
      vertex 2.4 2.4 41
    endloop
  endfacet
  facet normal 0 1 -0
    outer loop
      vertex 57.05 2.4 20.25
      vertex 20.7 2.4 31.7
      vertex 57.05 2.4 41
    endloop
  endfacet
  facet normal 0 1 -0
    outer loop
      vertex 42.2 2.4 6
      vertex 20.7 2.4 28.7
      vertex 57.05 2.4 20.25
    endloop
  endfacet
  facet normal 0 1 0
    outer loop
      vertex 20.7 2.4 31.7
      vertex 57.05 2.4 20.25
      vertex 20.7 2.4 28.7
    endloop
  endfacet
  facet normal 0 1 -0
    outer loop
      vertex 12.1 2.4 31.7
      vertex 2.4 2.4 41
      vertex 20.7 2.4 31.7
    endloop
  endfacet
  facet normal 0 1 -0
    outer loop
      vertex 12.1 2.4 28.7
      vertex 2.4 2.4 41
      vertex 12.1 2.4 31.7
    endloop
  endfacet
  facet normal 0 1 0
    outer loop
      vertex 43.4 2.4 6
      vertex 57.05 2.4 20.25
      vertex 57.0608 2.4 20.0295
    endloop
  endfacet
  facet normal 0 1 0
    outer loop
      vertex 43.4 2.4 6
      vertex 57.0608 2.4 20.0295
      vertex 57.0932 2.4 19.811
    endloop
  endfacet
  facet normal 0 1 0
    outer loop
      vertex 43.4 2.4 6
      vertex 57.0932 2.4 19.811
      vertex 57.1469 2.4 19.5969
    endloop
  endfacet
  facet normal 0 1 0
    outer loop
      vertex 43.4 2.4 6
      vertex 57.1469 2.4 19.5969
      vertex 57.2213 2.4 19.389
    endloop
  endfacet
  facet normal 0 1 0
    outer loop
      vertex 43.4 2.4 6
      vertex 57.2213 2.4 19.389
      vertex 57.3157 2.4 19.1894
    endloop
  endfacet
  facet normal 0 1 0
    outer loop
      vertex 43.4 2.4 6
      vertex 57.3157 2.4 19.1894
      vertex 57.4292 2.4 19
    endloop
  endfacet
  facet normal 0 1 0
    outer loop
      vertex 43.4 2.4 6
      vertex 57.4292 2.4 19
      vertex 57.5607 2.4 18.8226
    endloop
  endfacet
  facet normal 0 1 0
    outer loop
      vertex 43.4 2.4 6
      vertex 57.5607 2.4 18.8226
      vertex 57.709 2.4 18.659
    endloop
  endfacet
  facet normal 0 1 0
    outer loop
      vertex 43.4 2.4 6
      vertex 57.709 2.4 18.659
      vertex 57.8726 2.4 18.5107
    endloop
  endfacet
  facet normal 0 1 0
    outer loop
      vertex 43.4 2.4 6
      vertex 57.8726 2.4 18.5107
      vertex 58.05 2.4 18.3792
    endloop
  endfacet
  facet normal 0 1 0
    outer loop
      vertex 43.4 2.4 6
      vertex 58.05 2.4 18.3792
      vertex 58.2394 2.4 18.2657
    endloop
  endfacet
  facet normal 0 1 0
    outer loop
      vertex 43.4 2.4 6
      vertex 58.2394 2.4 18.2657
      vertex 58.439 2.4 18.1713
    endloop
  endfacet
  facet normal 0 1 0
    outer loop
      vertex 43.4 2.4 6
      vertex 58.439 2.4 18.1713
      vertex 58.6469 2.4 18.0969
    endloop
  endfacet
  facet normal 0 1 0
    outer loop
      vertex 43.4 2.4 6
      vertex 58.6469 2.4 18.0969
      vertex 58.861 2.4 18.0432
    endloop
  endfacet
  facet normal 0 1 -0
    outer loop
      vertex 75.2 2.4 2
      vertex 59.5205 2.4 18.0108
      vertex 75.2 2.4 6
    endloop
  endfacet
  facet normal 0 1 0
    outer loop
      vertex 59.5205 2.4 18.0108
      vertex 75.2 2.4 2
      vertex 59.3 2.4 18
    endloop
  endfacet
  facet normal 0 1 0
    outer loop
      vertex 59.3 2.4 18
      vertex 43.4 2.4 6
      vertex 59.0795 2.4 18.0108
    endloop
  endfacet
  facet normal 0 1 0
    outer loop
      vertex 59.0795 2.4 18.0108
      vertex 43.4 2.4 6
      vertex 58.861 2.4 18.0432
    endloop
  endfacet
  facet normal 0 1 0
    outer loop
      vertex 57.05 2.4 20.25
      vertex 43.4 2.4 6
      vertex 42.2 2.4 6
    endloop
  endfacet
  facet normal 0 1 0
    outer loop
      vertex 2.4 2.4 2
      vertex 20.7 2.4 28.7
      vertex 42.2 2.4 6
    endloop
  endfacet
  facet normal 0 1 0
    outer loop
      vertex 2.4 2.4 2
      vertex 42.2 2.4 6
      vertex 42.2 2.4 2
    endloop
  endfacet
  facet normal 0 1 0
    outer loop
      vertex 12.1 2.4 28.7
      vertex 2.4 2.4 2
      vertex 2.4 2.4 41
    endloop
  endfacet
  facet normal 0 1 0
    outer loop
      vertex 20.7 2.4 28.7
      vertex 2.4 2.4 2
      vertex 12.1 2.4 28.7
    endloop
  endfacet
  facet normal 1 -0 0
    outer loop
      vertex 15.4 44 9
      vertex 15.4 66 2
      vertex 15.4 66 9
    endloop
  endfacet
  facet normal 1 0 0
    outer loop
      vertex 15.4 66 2
      vertex 15.4 44 9
      vertex 15.4 44 2
    endloop
  endfacet
  facet normal -0 0 1
    outer loop
      vertex 5.4 66 9
      vertex 15.4 44 9
      vertex 15.4 66 9
    endloop
  endfacet
  facet normal 0 0 1
    outer loop
      vertex 15.4 44 9
      vertex 5.4 66 9
      vertex 5.4 44 9
    endloop
  endfacet
  facet normal -1 0 0
    outer loop
      vertex 5.4 44 2
      vertex 5.4 66 9
      vertex 5.4 66 2
    endloop
  endfacet
  facet normal -1 -0 0
    outer loop
      vertex 5.4 66 9
      vertex 5.4 44 2
      vertex 5.4 44 9
    endloop
  endfacet
  facet normal 0 1 0
    outer loop
      vertex 15.4 66 9
      vertex 10.4 66 7.54999
      vertex 5.4 66 9
    endloop
  endfacet
  facet normal 0 1 0
    outer loop
      vertex 15.4 66 9
      vertex 13.15 66 4.79999
      vertex 10.4 66 7.54999
    endloop
  endfacet
  facet normal 0 1 -0
    outer loop
      vertex 15.4 66 2
      vertex 13.15 66 4.79999
      vertex 15.4 66 9
    endloop
  endfacet
  facet normal 0 1 0
    outer loop
      vertex 13.15 66 2.79999
      vertex 15.4 66 2
      vertex 7.65 66 2.79999
    endloop
  endfacet
  facet normal 0 1 0
    outer loop
      vertex 13.15 66 4.79999
      vertex 15.4 66 2
      vertex 13.15 66 2.79999
    endloop
  endfacet
  facet normal 0 1 -0
    outer loop
      vertex 7.65 66 4.79999
      vertex 5.4 66 9
      vertex 10.4 66 7.54999
    endloop
  endfacet
  facet normal 0 1 0
    outer loop
      vertex 5.4 66 2
      vertex 7.65 66 4.79999
      vertex 7.65 66 2.79999
    endloop
  endfacet
  facet normal 0 1 0
    outer loop
      vertex 7.65 66 4.79999
      vertex 5.4 66 2
      vertex 5.4 66 9
    endloop
  endfacet
  facet normal 0 1 0
    outer loop
      vertex 5.4 66 2
      vertex 7.65 66 2.79999
      vertex 15.4 66 2
    endloop
  endfacet
  facet normal 0 -1 0
    outer loop
      vertex 5.4 44 9
      vertex 10.4 44 7.54999
      vertex 15.4 44 9
    endloop
  endfacet
  facet normal 0 -1 0
    outer loop
      vertex 5.4 44 9
      vertex 7.65 44 4.79999
      vertex 10.4 44 7.54999
    endloop
  endfacet
  facet normal 0 -1 0
    outer loop
      vertex 5.4 44 2
      vertex 7.65 44 4.79999
      vertex 5.4 44 9
    endloop
  endfacet
  facet normal 0 -1 -0
    outer loop
      vertex 7.65 44 2.79999
      vertex 5.4 44 2
      vertex 13.15 44 2.79999
    endloop
  endfacet
  facet normal 0 -1 -0
    outer loop
      vertex 7.65 44 4.79999
      vertex 5.4 44 2
      vertex 7.65 44 2.79999
    endloop
  endfacet
  facet normal 0 -1 0
    outer loop
      vertex 13.15 44 4.79999
      vertex 15.4 44 9
      vertex 10.4 44 7.54999
    endloop
  endfacet
  facet normal 0 -1 0
    outer loop
      vertex 15.4 44 2
      vertex 13.15 44 4.79999
      vertex 13.15 44 2.79999
    endloop
  endfacet
  facet normal 0 -1 0
    outer loop
      vertex 13.15 44 4.79999
      vertex 15.4 44 2
      vertex 15.4 44 9
    endloop
  endfacet
  facet normal 0 -1 0
    outer loop
      vertex 15.4 44 2
      vertex 13.15 44 2.79999
      vertex 5.4 44 2
    endloop
  endfacet
  facet normal -1 0 0
    outer loop
      vertex 13.15 44 2.79999
      vertex 13.15 66 4.79999
      vertex 13.15 66 2.79999
    endloop
  endfacet
  facet normal -1 -0 0
    outer loop
      vertex 13.15 66 4.79999
      vertex 13.15 44 2.79999
      vertex 13.15 44 4.79999
    endloop
  endfacet
  facet normal 0.707107 0 -0.707107
    outer loop
      vertex 10.4 44 7.54999
      vertex 7.65 66 4.79999
      vertex 10.4 66 7.54999
    endloop
  endfacet
  facet normal 0.707107 0 -0.707107
    outer loop
      vertex 7.65 66 4.79999
      vertex 10.4 44 7.54999
      vertex 7.65 44 4.79999
    endloop
  endfacet
  facet normal -0.707107 0 -0.707107
    outer loop
      vertex 13.15 44 4.79999
      vertex 10.4 66 7.54999
      vertex 13.15 66 4.79999
    endloop
  endfacet
  facet normal -0.707107 -0 -0.707107
    outer loop
      vertex 10.4 66 7.54999
      vertex 13.15 44 4.79999
      vertex 10.4 44 7.54999
    endloop
  endfacet
  facet normal -0 0 1
    outer loop
      vertex 7.65 66 2.79999
      vertex 13.15 44 2.79999
      vertex 13.15 66 2.79999
    endloop
  endfacet
  facet normal 0 0 1
    outer loop
      vertex 13.15 44 2.79999
      vertex 7.65 66 2.79999
      vertex 7.65 44 2.79999
    endloop
  endfacet
  facet normal 1 -0 0
    outer loop
      vertex 7.65 44 4.79999
      vertex 7.65 66 2.79999
      vertex 7.65 66 4.79999
    endloop
  endfacet
  facet normal 1 0 0
    outer loop
      vertex 7.65 66 2.79999
      vertex 7.65 44 4.79999
      vertex 7.65 44 2.79999
    endloop
  endfacet
  facet normal 1 -0 0
    outer loop
      vertex 113.2 44 9
      vertex 113.2 66 2
      vertex 113.2 66 9
    endloop
  endfacet
  facet normal 1 0 0
    outer loop
      vertex 113.2 66 2
      vertex 113.2 44 9
      vertex 113.2 44 2
    endloop
  endfacet
  facet normal -0 0 1
    outer loop
      vertex 103.2 66 9
      vertex 113.2 44 9
      vertex 113.2 66 9
    endloop
  endfacet
  facet normal 0 0 1
    outer loop
      vertex 113.2 44 9
      vertex 103.2 66 9
      vertex 103.2 44 9
    endloop
  endfacet
  facet normal -1 0 0
    outer loop
      vertex 103.2 44 2
      vertex 103.2 66 9
      vertex 103.2 66 2
    endloop
  endfacet
  facet normal -1 -0 0
    outer loop
      vertex 103.2 66 9
      vertex 103.2 44 2
      vertex 103.2 44 9
    endloop
  endfacet
  facet normal 0 1 0
    outer loop
      vertex 113.2 66 9
      vertex 108.2 66 7.54999
      vertex 103.2 66 9
    endloop
  endfacet
  facet normal 0 1 0
    outer loop
      vertex 113.2 66 9
      vertex 110.95 66 4.79999
      vertex 108.2 66 7.54999
    endloop
  endfacet
  facet normal 0 1 -0
    outer loop
      vertex 113.2 66 2
      vertex 110.95 66 4.79999
      vertex 113.2 66 9
    endloop
  endfacet
  facet normal 0 1 0
    outer loop
      vertex 110.95 66 2.79999
      vertex 113.2 66 2
      vertex 105.45 66 2.79999
    endloop
  endfacet
  facet normal 0 1 0
    outer loop
      vertex 110.95 66 4.79999
      vertex 113.2 66 2
      vertex 110.95 66 2.79999
    endloop
  endfacet
  facet normal 0 1 -0
    outer loop
      vertex 105.45 66 4.79999
      vertex 103.2 66 9
      vertex 108.2 66 7.54999
    endloop
  endfacet
  facet normal 0 1 0
    outer loop
      vertex 103.2 66 2
      vertex 105.45 66 4.79999
      vertex 105.45 66 2.79999
    endloop
  endfacet
  facet normal 0 1 0
    outer loop
      vertex 105.45 66 4.79999
      vertex 103.2 66 2
      vertex 103.2 66 9
    endloop
  endfacet
  facet normal 0 1 0
    outer loop
      vertex 103.2 66 2
      vertex 105.45 66 2.79999
      vertex 113.2 66 2
    endloop
  endfacet
  facet normal 0 -1 0
    outer loop
      vertex 103.2 44 9
      vertex 108.2 44 7.54999
      vertex 113.2 44 9
    endloop
  endfacet
  facet normal 0 -1 0
    outer loop
      vertex 103.2 44 9
      vertex 105.45 44 4.79999
      vertex 108.2 44 7.54999
    endloop
  endfacet
  facet normal 0 -1 0
    outer loop
      vertex 103.2 44 2
      vertex 105.45 44 4.79999
      vertex 103.2 44 9
    endloop
  endfacet
  facet normal 0 -1 -0
    outer loop
      vertex 105.45 44 2.79999
      vertex 103.2 44 2
      vertex 110.95 44 2.79999
    endloop
  endfacet
  facet normal 0 -1 -0
    outer loop
      vertex 105.45 44 4.79999
      vertex 103.2 44 2
      vertex 105.45 44 2.79999
    endloop
  endfacet
  facet normal 0 -1 0
    outer loop
      vertex 110.95 44 4.79999
      vertex 113.2 44 9
      vertex 108.2 44 7.54999
    endloop
  endfacet
  facet normal 0 -1 0
    outer loop
      vertex 113.2 44 2
      vertex 110.95 44 4.79999
      vertex 110.95 44 2.79999
    endloop
  endfacet
  facet normal 0 -1 0
    outer loop
      vertex 110.95 44 4.79999
      vertex 113.2 44 2
      vertex 113.2 44 9
    endloop
  endfacet
  facet normal 0 -1 0
    outer loop
      vertex 113.2 44 2
      vertex 110.95 44 2.79999
      vertex 103.2 44 2
    endloop
  endfacet
  facet normal -1 0 0
    outer loop
      vertex 110.95 44 2.79999
      vertex 110.95 66 4.79999
      vertex 110.95 66 2.79999
    endloop
  endfacet
  facet normal -1 -0 0
    outer loop
      vertex 110.95 66 4.79999
      vertex 110.95 44 2.79999
      vertex 110.95 44 4.79999
    endloop
  endfacet
  facet normal 0.707107 0 -0.707107
    outer loop
      vertex 108.2 44 7.54999
      vertex 105.45 66 4.79999
      vertex 108.2 66 7.54999
    endloop
  endfacet
  facet normal 0.707107 0 -0.707107
    outer loop
      vertex 105.45 66 4.79999
      vertex 108.2 44 7.54999
      vertex 105.45 44 4.79999
    endloop
  endfacet
  facet normal -0.707107 0 -0.707107
    outer loop
      vertex 110.95 44 4.79999
      vertex 108.2 66 7.54999
      vertex 110.95 66 4.79999
    endloop
  endfacet
  facet normal -0.707107 -0 -0.707107
    outer loop
      vertex 108.2 66 7.54999
      vertex 110.95 44 4.79999
      vertex 108.2 44 7.54999
    endloop
  endfacet
  facet normal -0 0 1
    outer loop
      vertex 105.45 66 2.79999
      vertex 110.95 44 2.79999
      vertex 110.95 66 2.79999
    endloop
  endfacet
  facet normal 0 0 1
    outer loop
      vertex 110.95 44 2.79999
      vertex 105.45 66 2.79999
      vertex 105.45 44 2.79999
    endloop
  endfacet
  facet normal 1 -0 0
    outer loop
      vertex 105.45 44 4.79999
      vertex 105.45 66 2.79999
      vertex 105.45 66 4.79999
    endloop
  endfacet
  facet normal 1 0 0
    outer loop
      vertex 105.45 66 2.79999
      vertex 105.45 44 4.79999
      vertex 105.45 44 2.79999
    endloop
  endfacet
  facet normal 1 -0 0
    outer loop
      vertex 43.4 2.4 6
      vertex 43.4 49 2
      vertex 43.4 49 6
    endloop
  endfacet
  facet normal 1 0 0
    outer loop
      vertex 43.4 49 2
      vertex 43.4 2.4 6
      vertex 43.4 2.4 2
    endloop
  endfacet
  facet normal 0 0 1
    outer loop
      vertex 76.4 50.2 6
      vertex 75.2 49 6
      vertex 76.4 2.4 6
    endloop
  endfacet
  facet normal 0 0 1
    outer loop
      vertex 76.4 50.2 6
      vertex 43.4 49 6
      vertex 75.2 49 6
    endloop
  endfacet
  facet normal -0 0 1
    outer loop
      vertex 42.2 50.2 6
      vertex 43.4 49 6
      vertex 76.4 50.2 6
    endloop
  endfacet
  facet normal 0 0 1
    outer loop
      vertex 42.2 2.4 6
      vertex 43.4 49 6
      vertex 42.2 50.2 6
    endloop
  endfacet
  facet normal 0 0 1
    outer loop
      vertex 43.4 49 6
      vertex 42.2 2.4 6
      vertex 43.4 2.4 6
    endloop
  endfacet
  facet normal 0 0 1
    outer loop
      vertex 76.4 2.4 6
      vertex 75.2 49 6
      vertex 75.2 2.4 6
    endloop
  endfacet
  facet normal -1 0 0
    outer loop
      vertex 42.2 2.4 2
      vertex 42.2 50.2 6
      vertex 42.2 50.2 2
    endloop
  endfacet
  facet normal -1 -0 0
    outer loop
      vertex 42.2 50.2 6
      vertex 42.2 2.4 2
      vertex 42.2 2.4 6
    endloop
  endfacet
  facet normal 0 1 -0
    outer loop
      vertex 76.4 50.2 2
      vertex 42.2 50.2 6
      vertex 76.4 50.2 6
    endloop
  endfacet
  facet normal 0 1 0
    outer loop
      vertex 42.2 50.2 6
      vertex 76.4 50.2 2
      vertex 42.2 50.2 2
    endloop
  endfacet
  facet normal 1 -0 0
    outer loop
      vertex 76.4 2.4 6
      vertex 76.4 50.2 2
      vertex 76.4 50.2 6
    endloop
  endfacet
  facet normal 1 0 0
    outer loop
      vertex 76.4 50.2 2
      vertex 76.4 2.4 6
      vertex 76.4 2.4 2
    endloop
  endfacet
  facet normal -1 0 0
    outer loop
      vertex 75.2 2.4 2
      vertex 75.2 49 6
      vertex 75.2 49 2
    endloop
  endfacet
  facet normal -1 -0 0
    outer loop
      vertex 75.2 49 6
      vertex 75.2 2.4 2
      vertex 75.2 2.4 6
    endloop
  endfacet
  facet normal 0 -1 0
    outer loop
      vertex 43.4 49 2
      vertex 75.2 49 6
      vertex 43.4 49 6
    endloop
  endfacet
  facet normal 0 -1 -0
    outer loop
      vertex 75.2 49 6
      vertex 43.4 49 2
      vertex 75.2 49 2
    endloop
  endfacet
  facet normal 1 -0 0
    outer loop
      vertex 43.4 61 6
      vertex 43.4 107.6 2
      vertex 43.4 107.6 6
    endloop
  endfacet
  facet normal 1 0 0
    outer loop
      vertex 43.4 107.6 2
      vertex 43.4 61 6
      vertex 43.4 61 2
    endloop
  endfacet
  facet normal 0 0 1
    outer loop
      vertex 43.4 107.6 6
      vertex 42.2 107.6 6
      vertex 43.4 61 6
    endloop
  endfacet
  facet normal 0 0 1
    outer loop
      vertex 75.2 61 6
      vertex 76.4 107.6 6
      vertex 75.2 107.6 6
    endloop
  endfacet
  facet normal 0 0 1
    outer loop
      vertex 76.4 107.6 6
      vertex 75.2 61 6
      vertex 76.4 59.8 6
    endloop
  endfacet
  facet normal -0 0 1
    outer loop
      vertex 43.4 61 6
      vertex 76.4 59.8 6
      vertex 75.2 61 6
    endloop
  endfacet
  facet normal 0 0 1
    outer loop
      vertex 43.4 61 6
      vertex 42.2 59.8 6
      vertex 76.4 59.8 6
    endloop
  endfacet
  facet normal 0 0 1
    outer loop
      vertex 42.2 59.8 6
      vertex 43.4 61 6
      vertex 42.2 107.6 6
    endloop
  endfacet
  facet normal -1 0 0
    outer loop
      vertex 42.2 59.8 2
      vertex 42.2 107.6 6
      vertex 42.2 107.6 2
    endloop
  endfacet
  facet normal -1 -0 0
    outer loop
      vertex 42.2 107.6 6
      vertex 42.2 59.8 2
      vertex 42.2 59.8 6
    endloop
  endfacet
  facet normal 0 -1 0
    outer loop
      vertex 42.2 59.8 2
      vertex 76.4 59.8 6
      vertex 42.2 59.8 6
    endloop
  endfacet
  facet normal 0 -1 -0
    outer loop
      vertex 76.4 59.8 6
      vertex 42.2 59.8 2
      vertex 76.4 59.8 2
    endloop
  endfacet
  facet normal 1 -0 0
    outer loop
      vertex 76.4 59.8 6
      vertex 76.4 107.6 2
      vertex 76.4 107.6 6
    endloop
  endfacet
  facet normal 1 0 0
    outer loop
      vertex 76.4 107.6 2
      vertex 76.4 59.8 6
      vertex 76.4 59.8 2
    endloop
  endfacet
  facet normal -1 0 0
    outer loop
      vertex 75.2 61 2
      vertex 75.2 107.6 6
      vertex 75.2 107.6 2
    endloop
  endfacet
  facet normal -1 -0 0
    outer loop
      vertex 75.2 107.6 6
      vertex 75.2 61 2
      vertex 75.2 61 6
    endloop
  endfacet
  facet normal 0 1 -0
    outer loop
      vertex 75.2 61 2
      vertex 43.4 61 6
      vertex 75.2 61 6
    endloop
  endfacet
  facet normal 0 1 0
    outer loop
      vertex 43.4 61 6
      vertex 75.2 61 2
      vertex 43.4 61 2
    endloop
  endfacet
  facet normal 0 -0.242974 0.970033
    outer loop
      vertex 0 57.6996 9.10045
      vertex 2.4 56.8143 8.8787
      vertex 2.4 57.6996 9.10045
    endloop
  endfacet
  facet normal 0 -0.242974 0.970033
    outer loop
      vertex 2.4 56.8143 8.8787
      vertex 0 57.6996 9.10045
      vertex 0 56.8143 8.8787
    endloop
  endfacet
  facet normal 0 0.903988 0.427559
    outer loop
      vertex 2.4 46.7981 13.616
      vertex 0 46.4079 14.441
      vertex 2.4 46.4079 14.441
    endloop
  endfacet
  facet normal 0 0.903988 0.427559
    outer loop
      vertex 0 46.4079 14.441
      vertex 2.4 46.7981 13.616
      vertex 0 46.7981 13.616
    endloop
  endfacet
  facet normal 0 -0.595696 0.80321
    outer loop
      vertex 0 60.8999 10.811
      vertex 2.4 60.1668 10.2673
      vertex 2.4 60.8999 10.811
    endloop
  endfacet
  facet normal 0 -0.595696 0.80321
    outer loop
      vertex 2.4 60.1668 10.2673
      vertex 0 60.8999 10.811
      vertex 0 60.1668 10.2673
    endloop
  endfacet
  facet normal 0 -0.0490633 0.998796
    outer loop
      vertex 0 55.9116 8.74478
      vertex 2.4 55 8.7
      vertex 2.4 55.9116 8.74478
    endloop
  endfacet
  facet normal 0 -0.0490633 0.998796
    outer loop
      vertex 2.4 55 8.7
      vertex 0 55.9116 8.74478
      vertex 0 55 8.7
    endloop
  endfacet
  facet normal 0 0.857725 0.514109
    outer loop
      vertex 2.4 47.2673 12.8332
      vertex 0 46.7981 13.616
      vertex 2.4 46.7981 13.616
    endloop
  endfacet
  facet normal 0 0.857725 0.514109
    outer loop
      vertex 0 46.7981 13.616
      vertex 2.4 47.2673 12.8332
      vertex 0 47.2673 12.8332
    endloop
  endfacet
  facet normal 0 0.941578 0.336794
    outer loop
      vertex 2.4 46.4079 14.441
      vertex 0 46.1005 15.3004
      vertex 2.4 46.1005 15.3004
    endloop
  endfacet
  facet normal 0 0.941578 0.336794
    outer loop
      vertex 0 46.1005 15.3004
      vertex 2.4 46.4079 14.441
      vertex 0 46.4079 14.441
    endloop
  endfacet
  facet normal 0 0.97002 0.243025
    outer loop
      vertex 2.4 46.1005 15.3004
      vertex 0 45.8787 16.1857
      vertex 2.4 45.8787 16.1857
    endloop
  endfacet
  facet normal 0 0.97002 0.243025
    outer loop
      vertex 0 45.8787 16.1857
      vertex 2.4 46.1005 15.3004
      vertex 0 46.1005 15.3004
    endloop
  endfacet
  facet normal 0 -0.989177 0.146727
    outer loop
      vertex 0 64.1213 16.1857
      vertex 2.4 64.2552 17.0884
      vertex 0 64.2552 17.0884
    endloop
  endfacet
  facet normal 0 -0.989177 0.146727
    outer loop
      vertex 2.4 64.2552 17.0884
      vertex 0 64.1213 16.1857
      vertex 2.4 64.1213 16.1857
    endloop
  endfacet
  facet normal -0 0.595696 0.80321
    outer loop
      vertex 0 49.8332 10.2673
      vertex 2.4 49.1001 10.811
      vertex 2.4 49.8332 10.2673
    endloop
  endfacet
  facet normal 0 0.595696 0.80321
    outer loop
      vertex 2.4 49.1001 10.811
      vertex 0 49.8332 10.2673
      vertex 0 49.1001 10.811
    endloop
  endfacet
  facet normal 0 -0.941578 0.336794
    outer loop
      vertex 0 63.5921 14.441
      vertex 2.4 63.8995 15.3004
      vertex 0 63.8995 15.3004
    endloop
  endfacet
  facet normal 0 -0.941578 0.336794
    outer loop
      vertex 2.4 63.8995 15.3004
      vertex 0 63.5921 14.441
      vertex 2.4 63.5921 14.441
    endloop
  endfacet
  facet normal 0 -0.427568 0.903983
    outer loop
      vertex 0 59.384 9.79813
      vertex 2.4 58.559 9.40792
      vertex 2.4 59.384 9.79813
    endloop
  endfacet
  facet normal 0 -0.427568 0.903983
    outer loop
      vertex 2.4 58.559 9.40792
      vertex 0 59.384 9.79813
      vertex 0 58.559 9.40792
    endloop
  endfacet
  facet normal 0 -0.80321 0.595696
    outer loop
      vertex 0 62.189 12.1001
      vertex 2.4 62.7327 12.8332
      vertex 0 62.7327 12.8332
    endloop
  endfacet
  facet normal 0 -0.80321 0.595696
    outer loop
      vertex 2.4 62.7327 12.8332
      vertex 0 62.189 12.1001
      vertex 2.4 62.189 12.1001
    endloop
  endfacet
  facet normal 0 -0.857725 0.514109
    outer loop
      vertex 0 62.7327 12.8332
      vertex 2.4 63.2019 13.616
      vertex 0 63.2019 13.616
    endloop
  endfacet
  facet normal 0 -0.857725 0.514109
    outer loop
      vertex 2.4 63.2019 13.616
      vertex 0 62.7327 12.8332
      vertex 2.4 62.7327 12.8332
    endloop
  endfacet
  facet normal -0 0.0490633 0.998796
    outer loop
      vertex 0 55 8.7
      vertex 2.4 54.0884 8.74478
      vertex 2.4 55 8.7
    endloop
  endfacet
  facet normal 0 0.0490633 0.998796
    outer loop
      vertex 2.4 54.0884 8.74478
      vertex 0 55 8.7
      vertex 0 54.0884 8.74478
    endloop
  endfacet
  facet normal -0 0.427568 0.903983
    outer loop
      vertex 0 51.441 9.40792
      vertex 2.4 50.616 9.79813
      vertex 2.4 51.441 9.40792
    endloop
  endfacet
  facet normal 0 0.427568 0.903983
    outer loop
      vertex 2.4 50.616 9.79813
      vertex 0 51.441 9.40792
      vertex 0 50.616 9.79813
    endloop
  endfacet
  facet normal 0 -0.146749 0.989174
    outer loop
      vertex 0 56.8143 8.8787
      vertex 2.4 55.9116 8.74478
      vertex 2.4 56.8143 8.8787
    endloop
  endfacet
  facet normal 0 -0.146749 0.989174
    outer loop
      vertex 2.4 55.9116 8.74478
      vertex 0 56.8143 8.8787
      vertex 0 55.9116 8.74478
    endloop
  endfacet
  facet normal 0 -0.336862 0.941554
    outer loop
      vertex 0 58.559 9.40792
      vertex 2.4 57.6996 9.10045
      vertex 2.4 58.559 9.40792
    endloop
  endfacet
  facet normal 0 -0.336862 0.941554
    outer loop
      vertex 2.4 57.6996 9.10045
      vertex 0 58.559 9.40792
      vertex 0 57.6996 9.10045
    endloop
  endfacet
  facet normal -0 0.242974 0.970033
    outer loop
      vertex 0 53.1857 8.8787
      vertex 2.4 52.3004 9.10045
      vertex 2.4 53.1857 8.8787
    endloop
  endfacet
  facet normal 0 0.242974 0.970033
    outer loop
      vertex 2.4 52.3004 9.10045
      vertex 0 53.1857 8.8787
      vertex 0 52.3004 9.10045
    endloop
  endfacet
  facet normal -0 0.146749 0.989174
    outer loop
      vertex 0 54.0884 8.74478
      vertex 2.4 53.1857 8.8787
      vertex 2.4 54.0884 8.74478
    endloop
  endfacet
  facet normal 0 0.146749 0.989174
    outer loop
      vertex 2.4 53.1857 8.8787
      vertex 0 54.0884 8.74478
      vertex 0 53.1857 8.8787
    endloop
  endfacet
  facet normal 0 0.989177 0.146727
    outer loop
      vertex 2.4 45.8787 16.1857
      vertex 0 45.7448 17.0884
      vertex 2.4 45.7448 17.0884
    endloop
  endfacet
  facet normal 0 0.989177 0.146727
    outer loop
      vertex 0 45.7448 17.0884
      vertex 2.4 45.8787 16.1857
      vertex 0 45.8787 16.1857
    endloop
  endfacet
  facet normal -0 0.514085 0.857739
    outer loop
      vertex 0 50.616 9.79813
      vertex 2.4 49.8332 10.2673
      vertex 2.4 50.616 9.79813
    endloop
  endfacet
  facet normal 0 0.514085 0.857739
    outer loop
      vertex 2.4 49.8332 10.2673
      vertex 0 50.616 9.79813
      vertex 0 49.8332 10.2673
    endloop
  endfacet
  facet normal -0 0.336862 0.941554
    outer loop
      vertex 0 52.3004 9.10045
      vertex 2.4 51.441 9.40792
      vertex 2.4 52.3004 9.10045
    endloop
  endfacet
  facet normal 0 0.336862 0.941554
    outer loop
      vertex 2.4 51.441 9.40792
      vertex 0 52.3004 9.10045
      vertex 0 51.441 9.40792
    endloop
  endfacet
  facet normal 0 -0.903988 0.427559
    outer loop
      vertex 0 63.2019 13.616
      vertex 2.4 63.5921 14.441
      vertex 0 63.5921 14.441
    endloop
  endfacet
  facet normal 0 -0.903988 0.427559
    outer loop
      vertex 2.4 63.5921 14.441
      vertex 0 63.2019 13.616
      vertex 2.4 63.2019 13.616
    endloop
  endfacet
  facet normal 0 -0.998795 0.0490851
    outer loop
      vertex 0 64.2552 17.0884
      vertex 2.4 64.3 18
      vertex 0 64.3 18
    endloop
  endfacet
  facet normal 0 -0.998795 0.0490851
    outer loop
      vertex 2.4 64.3 18
      vertex 0 64.2552 17.0884
      vertex 2.4 64.2552 17.0884
    endloop
  endfacet
  facet normal 0 -0.514085 0.857739
    outer loop
      vertex 0 60.1668 10.2673
      vertex 2.4 59.384 9.79813
      vertex 2.4 60.1668 10.2673
    endloop
  endfacet
  facet normal 0 -0.514085 0.857739
    outer loop
      vertex 2.4 59.384 9.79813
      vertex 0 60.1668 10.2673
      vertex 0 59.384 9.79813
    endloop
  endfacet
  facet normal 0 0.740936 0.671576
    outer loop
      vertex 2.4 48.4239 11.4239
      vertex 0 47.811 12.1001
      vertex 2.4 47.811 12.1001
    endloop
  endfacet
  facet normal 0 0.740936 0.671576
    outer loop
      vertex 0 47.811 12.1001
      vertex 2.4 48.4239 11.4239
      vertex 0 48.4239 11.4239
    endloop
  endfacet
  facet normal 0 -0.671576 0.740936
    outer loop
      vertex 0 61.5761 11.4239
      vertex 2.4 60.8999 10.811
      vertex 2.4 61.5761 11.4239
    endloop
  endfacet
  facet normal 0 -0.671576 0.740936
    outer loop
      vertex 2.4 60.8999 10.811
      vertex 0 61.5761 11.4239
      vertex 0 60.8999 10.811
    endloop
  endfacet
  facet normal 0 -0.740936 0.671576
    outer loop
      vertex 0 61.5761 11.4239
      vertex 2.4 62.189 12.1001
      vertex 0 62.189 12.1001
    endloop
  endfacet
  facet normal 0 -0.740936 0.671576
    outer loop
      vertex 2.4 62.189 12.1001
      vertex 0 61.5761 11.4239
      vertex 2.4 61.5761 11.4239
    endloop
  endfacet
  facet normal 0 -0.97002 0.243025
    outer loop
      vertex 0 63.8995 15.3004
      vertex 2.4 64.1213 16.1857
      vertex 0 64.1213 16.1857
    endloop
  endfacet
  facet normal 0 -0.97002 0.243025
    outer loop
      vertex 2.4 64.1213 16.1857
      vertex 0 63.8995 15.3004
      vertex 2.4 63.8995 15.3004
    endloop
  endfacet
  facet normal 0 0.998795 0.0490851
    outer loop
      vertex 2.4 45.7448 17.0884
      vertex 0 45.7 18
      vertex 2.4 45.7 18
    endloop
  endfacet
  facet normal 0 0.998795 0.0490851
    outer loop
      vertex 0 45.7 18
      vertex 2.4 45.7448 17.0884
      vertex 0 45.7448 17.0884
    endloop
  endfacet
  facet normal 0 0.80321 0.595696
    outer loop
      vertex 2.4 47.811 12.1001
      vertex 0 47.2673 12.8332
      vertex 2.4 47.2673 12.8332
    endloop
  endfacet
  facet normal 0 0.80321 0.595696
    outer loop
      vertex 0 47.2673 12.8332
      vertex 2.4 47.811 12.1001
      vertex 0 47.811 12.1001
    endloop
  endfacet
  facet normal -0 0.671576 0.740936
    outer loop
      vertex 0 49.1001 10.811
      vertex 2.4 48.4239 11.4239
      vertex 2.4 49.1001 10.811
    endloop
  endfacet
  facet normal 0 0.671576 0.740936
    outer loop
      vertex 2.4 48.4239 11.4239
      vertex 0 49.1001 10.811
      vertex 0 48.4239 11.4239
    endloop
  endfacet
  facet normal 0 -1 0
    outer loop
      vertex 0 64.3 18
      vertex 2.4 64.3 41
      vertex 0 64.3 41
    endloop
  endfacet
  facet normal 0 -1 -0
    outer loop
      vertex 2.4 64.3 41
      vertex 0 64.3 18
      vertex 2.4 64.3 18
    endloop
  endfacet
  facet normal 0 1 -0
    outer loop
      vertex 2.4 45.7 18
      vertex 0 45.7 41
      vertex 2.4 45.7 41
    endloop
  endfacet
  facet normal 0 1 0
    outer loop
      vertex 0 45.7 41
      vertex 2.4 45.7 18
      vertex 0 45.7 18
    endloop
  endfacet
  facet normal 0 -0.242974 0.970033
    outer loop
      vertex 116.2 57.6996 9.10045
      vertex 118.6 56.8143 8.8787
      vertex 118.6 57.6996 9.10045
    endloop
  endfacet
  facet normal 0 -0.242974 0.970033
    outer loop
      vertex 118.6 56.8143 8.8787
      vertex 116.2 57.6996 9.10045
      vertex 116.2 56.8143 8.8787
    endloop
  endfacet
  facet normal 0 -0.595696 0.80321
    outer loop
      vertex 116.2 60.8999 10.811
      vertex 118.6 60.1668 10.2673
      vertex 118.6 60.8999 10.811
    endloop
  endfacet
  facet normal 0 -0.595696 0.80321
    outer loop
      vertex 118.6 60.1668 10.2673
      vertex 116.2 60.8999 10.811
      vertex 116.2 60.1668 10.2673
    endloop
  endfacet
  facet normal 0 -0.0490633 0.998796
    outer loop
      vertex 116.2 55.9116 8.74478
      vertex 118.6 55 8.7
      vertex 118.6 55.9116 8.74478
    endloop
  endfacet
  facet normal 0 -0.0490633 0.998796
    outer loop
      vertex 118.6 55 8.7
      vertex 116.2 55.9116 8.74478
      vertex 116.2 55 8.7
    endloop
  endfacet
  facet normal 0 0.857725 0.514109
    outer loop
      vertex 118.6 47.2673 12.8332
      vertex 116.2 46.7981 13.616
      vertex 118.6 46.7981 13.616
    endloop
  endfacet
  facet normal 0 0.857725 0.514109
    outer loop
      vertex 116.2 46.7981 13.616
      vertex 118.6 47.2673 12.8332
      vertex 116.2 47.2673 12.8332
    endloop
  endfacet
  facet normal 0 0.941578 0.336794
    outer loop
      vertex 118.6 46.4079 14.441
      vertex 116.2 46.1005 15.3004
      vertex 118.6 46.1005 15.3004
    endloop
  endfacet
  facet normal 0 0.941578 0.336794
    outer loop
      vertex 116.2 46.1005 15.3004
      vertex 118.6 46.4079 14.441
      vertex 116.2 46.4079 14.441
    endloop
  endfacet
  facet normal 0 0.97002 0.243025
    outer loop
      vertex 118.6 46.1005 15.3004
      vertex 116.2 45.8787 16.1857
      vertex 118.6 45.8787 16.1857
    endloop
  endfacet
  facet normal 0 0.97002 0.243025
    outer loop
      vertex 116.2 45.8787 16.1857
      vertex 118.6 46.1005 15.3004
      vertex 116.2 46.1005 15.3004
    endloop
  endfacet
  facet normal 0 -0.989177 0.146727
    outer loop
      vertex 116.2 64.1213 16.1857
      vertex 118.6 64.2552 17.0884
      vertex 116.2 64.2552 17.0884
    endloop
  endfacet
  facet normal 0 -0.989177 0.146727
    outer loop
      vertex 118.6 64.2552 17.0884
      vertex 116.2 64.1213 16.1857
      vertex 118.6 64.1213 16.1857
    endloop
  endfacet
  facet normal -0 0.595696 0.80321
    outer loop
      vertex 116.2 49.8332 10.2673
      vertex 118.6 49.1001 10.811
      vertex 118.6 49.8332 10.2673
    endloop
  endfacet
  facet normal 0 0.595696 0.80321
    outer loop
      vertex 118.6 49.1001 10.811
      vertex 116.2 49.8332 10.2673
      vertex 116.2 49.1001 10.811
    endloop
  endfacet
  facet normal 0 -0.941578 0.336794
    outer loop
      vertex 116.2 63.5921 14.441
      vertex 118.6 63.8995 15.3004
      vertex 116.2 63.8995 15.3004
    endloop
  endfacet
  facet normal 0 -0.941578 0.336794
    outer loop
      vertex 118.6 63.8995 15.3004
      vertex 116.2 63.5921 14.441
      vertex 118.6 63.5921 14.441
    endloop
  endfacet
  facet normal 0 -0.427568 0.903983
    outer loop
      vertex 116.2 59.384 9.79813
      vertex 118.6 58.559 9.40792
      vertex 118.6 59.384 9.79813
    endloop
  endfacet
  facet normal 0 -0.427568 0.903983
    outer loop
      vertex 118.6 58.559 9.40792
      vertex 116.2 59.384 9.79813
      vertex 116.2 58.559 9.40792
    endloop
  endfacet
  facet normal 0 -0.80321 0.595696
    outer loop
      vertex 116.2 62.189 12.1001
      vertex 118.6 62.7327 12.8332
      vertex 116.2 62.7327 12.8332
    endloop
  endfacet
  facet normal 0 -0.80321 0.595696
    outer loop
      vertex 118.6 62.7327 12.8332
      vertex 116.2 62.189 12.1001
      vertex 118.6 62.189 12.1001
    endloop
  endfacet
  facet normal 0 -0.857725 0.514109
    outer loop
      vertex 116.2 62.7327 12.8332
      vertex 118.6 63.2019 13.616
      vertex 116.2 63.2019 13.616
    endloop
  endfacet
  facet normal 0 -0.857725 0.514109
    outer loop
      vertex 118.6 63.2019 13.616
      vertex 116.2 62.7327 12.8332
      vertex 118.6 62.7327 12.8332
    endloop
  endfacet
  facet normal -0 0.0490633 0.998796
    outer loop
      vertex 116.2 55 8.7
      vertex 118.6 54.0884 8.74478
      vertex 118.6 55 8.7
    endloop
  endfacet
  facet normal 0 0.0490633 0.998796
    outer loop
      vertex 118.6 54.0884 8.74478
      vertex 116.2 55 8.7
      vertex 116.2 54.0884 8.74478
    endloop
  endfacet
  facet normal -0 0.427568 0.903983
    outer loop
      vertex 116.2 51.441 9.40792
      vertex 118.6 50.616 9.79813
      vertex 118.6 51.441 9.40792
    endloop
  endfacet
  facet normal 0 0.427568 0.903983
    outer loop
      vertex 118.6 50.616 9.79813
      vertex 116.2 51.441 9.40792
      vertex 116.2 50.616 9.79813
    endloop
  endfacet
  facet normal 0 -0.146749 0.989174
    outer loop
      vertex 116.2 56.8143 8.8787
      vertex 118.6 55.9116 8.74478
      vertex 118.6 56.8143 8.8787
    endloop
  endfacet
  facet normal 0 -0.146749 0.989174
    outer loop
      vertex 118.6 55.9116 8.74478
      vertex 116.2 56.8143 8.8787
      vertex 116.2 55.9116 8.74478
    endloop
  endfacet
  facet normal 0 -0.336862 0.941554
    outer loop
      vertex 116.2 58.559 9.40792
      vertex 118.6 57.6996 9.10045
      vertex 118.6 58.559 9.40792
    endloop
  endfacet
  facet normal 0 -0.336862 0.941554
    outer loop
      vertex 118.6 57.6996 9.10045
      vertex 116.2 58.559 9.40792
      vertex 116.2 57.6996 9.10045
    endloop
  endfacet
  facet normal -0 0.242974 0.970033
    outer loop
      vertex 116.2 53.1857 8.8787
      vertex 118.6 52.3004 9.10045
      vertex 118.6 53.1857 8.8787
    endloop
  endfacet
  facet normal 0 0.242974 0.970033
    outer loop
      vertex 118.6 52.3004 9.10045
      vertex 116.2 53.1857 8.8787
      vertex 116.2 52.3004 9.10045
    endloop
  endfacet
  facet normal -0 0.146749 0.989174
    outer loop
      vertex 116.2 54.0884 8.74478
      vertex 118.6 53.1857 8.8787
      vertex 118.6 54.0884 8.74478
    endloop
  endfacet
  facet normal 0 0.146749 0.989174
    outer loop
      vertex 118.6 53.1857 8.8787
      vertex 116.2 54.0884 8.74478
      vertex 116.2 53.1857 8.8787
    endloop
  endfacet
  facet normal 0 0.989177 0.146727
    outer loop
      vertex 118.6 45.8787 16.1857
      vertex 116.2 45.7448 17.0884
      vertex 118.6 45.7448 17.0884
    endloop
  endfacet
  facet normal 0 0.989177 0.146727
    outer loop
      vertex 116.2 45.7448 17.0884
      vertex 118.6 45.8787 16.1857
      vertex 116.2 45.8787 16.1857
    endloop
  endfacet
  facet normal -0 0.514085 0.857739
    outer loop
      vertex 116.2 50.616 9.79813
      vertex 118.6 49.8332 10.2673
      vertex 118.6 50.616 9.79813
    endloop
  endfacet
  facet normal 0 0.514085 0.857739
    outer loop
      vertex 118.6 49.8332 10.2673
      vertex 116.2 50.616 9.79813
      vertex 116.2 49.8332 10.2673
    endloop
  endfacet
  facet normal -0 0.336862 0.941554
    outer loop
      vertex 116.2 52.3004 9.10045
      vertex 118.6 51.441 9.40792
      vertex 118.6 52.3004 9.10045
    endloop
  endfacet
  facet normal 0 0.336862 0.941554
    outer loop
      vertex 118.6 51.441 9.40792
      vertex 116.2 52.3004 9.10045
      vertex 116.2 51.441 9.40792
    endloop
  endfacet
  facet normal 0 -0.903988 0.427559
    outer loop
      vertex 116.2 63.2019 13.616
      vertex 118.6 63.5921 14.441
      vertex 116.2 63.5921 14.441
    endloop
  endfacet
  facet normal 0 -0.903988 0.427559
    outer loop
      vertex 118.6 63.5921 14.441
      vertex 116.2 63.2019 13.616
      vertex 118.6 63.2019 13.616
    endloop
  endfacet
  facet normal 0 -0.998795 0.0490851
    outer loop
      vertex 116.2 64.2552 17.0884
      vertex 118.6 64.3 18
      vertex 116.2 64.3 18
    endloop
  endfacet
  facet normal 0 -0.998795 0.0490851
    outer loop
      vertex 118.6 64.3 18
      vertex 116.2 64.2552 17.0884
      vertex 118.6 64.2552 17.0884
    endloop
  endfacet
  facet normal 0 -0.514085 0.857739
    outer loop
      vertex 116.2 60.1668 10.2673
      vertex 118.6 59.384 9.79813
      vertex 118.6 60.1668 10.2673
    endloop
  endfacet
  facet normal 0 -0.514085 0.857739
    outer loop
      vertex 118.6 59.384 9.79813
      vertex 116.2 60.1668 10.2673
      vertex 116.2 59.384 9.79813
    endloop
  endfacet
  facet normal 0 0.740936 0.671576
    outer loop
      vertex 118.6 48.4239 11.4239
      vertex 116.2 47.811 12.1001
      vertex 118.6 47.811 12.1001
    endloop
  endfacet
  facet normal 0 0.740936 0.671576
    outer loop
      vertex 116.2 47.811 12.1001
      vertex 118.6 48.4239 11.4239
      vertex 116.2 48.4239 11.4239
    endloop
  endfacet
  facet normal 0 -0.671576 0.740936
    outer loop
      vertex 116.2 61.5761 11.4239
      vertex 118.6 60.8999 10.811
      vertex 118.6 61.5761 11.4239
    endloop
  endfacet
  facet normal 0 -0.671576 0.740936
    outer loop
      vertex 118.6 60.8999 10.811
      vertex 116.2 61.5761 11.4239
      vertex 116.2 60.8999 10.811
    endloop
  endfacet
  facet normal 0 -0.740936 0.671576
    outer loop
      vertex 116.2 61.5761 11.4239
      vertex 118.6 62.189 12.1001
      vertex 116.2 62.189 12.1001
    endloop
  endfacet
  facet normal 0 -0.740936 0.671576
    outer loop
      vertex 118.6 62.189 12.1001
      vertex 116.2 61.5761 11.4239
      vertex 118.6 61.5761 11.4239
    endloop
  endfacet
  facet normal 0 -0.97002 0.243025
    outer loop
      vertex 116.2 63.8995 15.3004
      vertex 118.6 64.1213 16.1857
      vertex 116.2 64.1213 16.1857
    endloop
  endfacet
  facet normal 0 -0.97002 0.243025
    outer loop
      vertex 118.6 64.1213 16.1857
      vertex 116.2 63.8995 15.3004
      vertex 118.6 63.8995 15.3004
    endloop
  endfacet
  facet normal 0 0.903988 0.427559
    outer loop
      vertex 118.6 46.7981 13.616
      vertex 116.2 46.4079 14.441
      vertex 118.6 46.4079 14.441
    endloop
  endfacet
  facet normal 0 0.903988 0.427559
    outer loop
      vertex 116.2 46.4079 14.441
      vertex 118.6 46.7981 13.616
      vertex 116.2 46.7981 13.616
    endloop
  endfacet
  facet normal 0 0.998795 0.0490851
    outer loop
      vertex 118.6 45.7448 17.0884
      vertex 116.2 45.7 18
      vertex 118.6 45.7 18
    endloop
  endfacet
  facet normal 0 0.998795 0.0490851
    outer loop
      vertex 116.2 45.7 18
      vertex 118.6 45.7448 17.0884
      vertex 116.2 45.7448 17.0884
    endloop
  endfacet
  facet normal 0 0.80321 0.595696
    outer loop
      vertex 118.6 47.811 12.1001
      vertex 116.2 47.2673 12.8332
      vertex 118.6 47.2673 12.8332
    endloop
  endfacet
  facet normal 0 0.80321 0.595696
    outer loop
      vertex 116.2 47.2673 12.8332
      vertex 118.6 47.811 12.1001
      vertex 116.2 47.811 12.1001
    endloop
  endfacet
  facet normal -0 0.671576 0.740936
    outer loop
      vertex 116.2 49.1001 10.811
      vertex 118.6 48.4239 11.4239
      vertex 118.6 49.1001 10.811
    endloop
  endfacet
  facet normal 0 0.671576 0.740936
    outer loop
      vertex 118.6 48.4239 11.4239
      vertex 116.2 49.1001 10.811
      vertex 116.2 48.4239 11.4239
    endloop
  endfacet
  facet normal 0 -1 0
    outer loop
      vertex 116.2 64.3 18
      vertex 118.6 64.3 41
      vertex 116.2 64.3 41
    endloop
  endfacet
  facet normal 0 -1 -0
    outer loop
      vertex 118.6 64.3 41
      vertex 116.2 64.3 18
      vertex 118.6 64.3 18
    endloop
  endfacet
  facet normal 0 1 -0
    outer loop
      vertex 118.6 45.7 18
      vertex 116.2 45.7 41
      vertex 118.6 45.7 41
    endloop
  endfacet
  facet normal 0 1 0
    outer loop
      vertex 116.2 45.7 41
      vertex 118.6 45.7 18
      vertex 116.2 45.7 18
    endloop
  endfacet
  facet normal -0.989184 0 0.14668
    outer loop
      vertex 61.5068 0 19.811
      vertex 61.5392 2.4 20.0295
      vertex 61.5068 2.4 19.811
    endloop
  endfacet
  facet normal -0.989184 0 0.14668
    outer loop
      vertex 61.5392 2.4 20.0295
      vertex 61.5068 0 19.811
      vertex 61.5392 0 20.0295
    endloop
  endfacet
  facet normal -0.998803 0 0.0489209
    outer loop
      vertex 61.5392 0 20.0295
      vertex 61.55 2.4 20.25
      vertex 61.5392 2.4 20.0295
    endloop
  endfacet
  facet normal -0.998803 0 0.0489209
    outer loop
      vertex 61.55 2.4 20.25
      vertex 61.5392 0 20.0295
      vertex 61.55 0 20.25
    endloop
  endfacet
  facet normal -0.969956 0 0.243282
    outer loop
      vertex 61.4531 0 19.5969
      vertex 61.5068 2.4 19.811
      vertex 61.4531 2.4 19.5969
    endloop
  endfacet
  facet normal -0.969956 0 0.243282
    outer loop
      vertex 61.5068 2.4 19.811
      vertex 61.4531 0 19.5969
      vertex 61.5068 0 19.811
    endloop
  endfacet
  facet normal -0.336939 0 0.941527
    outer loop
      vertex 59.9531 2.4 18.0969
      vertex 60.161 0 18.1713
      vertex 60.161 2.4 18.1713
    endloop
  endfacet
  facet normal -0.336939 0 0.941527
    outer loop
      vertex 60.161 0 18.1713
      vertex 59.9531 2.4 18.0969
      vertex 59.9531 0 18.0969
    endloop
  endfacet
  facet normal -0.243282 0 0.969956
    outer loop
      vertex 59.739 2.4 18.0432
      vertex 59.9531 0 18.0969
      vertex 59.9531 2.4 18.0969
    endloop
  endfacet
  facet normal -0.243282 0 0.969956
    outer loop
      vertex 59.9531 0 18.0969
      vertex 59.739 2.4 18.0432
      vertex 59.739 0 18.0432
    endloop
  endfacet
  facet normal 0.803357 -0 0.595498
    outer loop
      vertex 57.4292 0 19
      vertex 57.5607 2.4 18.8226
      vertex 57.4292 2.4 19
    endloop
  endfacet
  facet normal 0.803357 0 0.595498
    outer loop
      vertex 57.5607 2.4 18.8226
      vertex 57.4292 0 19
      vertex 57.5607 0 18.8226
    endloop
  endfacet
  facet normal 0.427541 0 0.903996
    outer loop
      vertex 58.2394 2.4 18.2657
      vertex 58.439 0 18.1713
      vertex 58.439 2.4 18.1713
    endloop
  endfacet
  facet normal 0.427541 0 0.903996
    outer loop
      vertex 58.439 0 18.1713
      vertex 58.2394 2.4 18.2657
      vertex 58.2394 0 18.2657
    endloop
  endfacet
  facet normal 0.336939 0 0.941527
    outer loop
      vertex 58.439 2.4 18.1713
      vertex 58.6469 0 18.0969
      vertex 58.6469 2.4 18.0969
    endloop
  endfacet
  facet normal 0.336939 0 0.941527
    outer loop
      vertex 58.6469 0 18.0969
      vertex 58.439 2.4 18.1713
      vertex 58.439 0 18.1713
    endloop
  endfacet
  facet normal 0.857773 -0 0.514029
    outer loop
      vertex 57.3157 0 19.1894
      vertex 57.4292 2.4 19
      vertex 57.3157 2.4 19.1894
    endloop
  endfacet
  facet normal 0.857773 0 0.514029
    outer loop
      vertex 57.4292 2.4 19
      vertex 57.3157 0 19.1894
      vertex 57.4292 0 19
    endloop
  endfacet
  facet normal -0.427541 0 0.903996
    outer loop
      vertex 60.161 2.4 18.1713
      vertex 60.3606 0 18.2657
      vertex 60.3606 2.4 18.2657
    endloop
  endfacet
  facet normal -0.427541 0 0.903996
    outer loop
      vertex 60.3606 0 18.2657
      vertex 60.161 2.4 18.1713
      vertex 60.161 0 18.1713
    endloop
  endfacet
  facet normal 0.595498 0 0.803357
    outer loop
      vertex 57.8726 2.4 18.5107
      vertex 58.05 0 18.3792
      vertex 58.05 2.4 18.3792
    endloop
  endfacet
  facet normal 0.595498 0 0.803357
    outer loop
      vertex 58.05 0 18.3792
      vertex 57.8726 2.4 18.5107
      vertex 57.8726 0 18.5107
    endloop
  endfacet
  facet normal -0.803357 0 0.595498
    outer loop
      vertex 61.0393 0 18.8226
      vertex 61.1708 2.4 19
      vertex 61.0393 2.4 18.8226
    endloop
  endfacet
  facet normal -0.803357 0 0.595498
    outer loop
      vertex 61.1708 2.4 19
      vertex 61.0393 0 18.8226
      vertex 61.1708 0 19
    endloop
  endfacet
  facet normal 0.14668 0 0.989184
    outer loop
      vertex 58.861 2.4 18.0432
      vertex 59.0795 0 18.0108
      vertex 59.0795 2.4 18.0108
    endloop
  endfacet
  facet normal 0.14668 0 0.989184
    outer loop
      vertex 59.0795 0 18.0108
      vertex 58.861 2.4 18.0432
      vertex 58.861 0 18.0432
    endloop
  endfacet
  facet normal -0.595498 0 0.803357
    outer loop
      vertex 60.55 2.4 18.3792
      vertex 60.7274 0 18.5107
      vertex 60.7274 2.4 18.5107
    endloop
  endfacet
  facet normal -0.595498 0 0.803357
    outer loop
      vertex 60.7274 0 18.5107
      vertex 60.55 2.4 18.3792
      vertex 60.55 0 18.3792
    endloop
  endfacet
  facet normal -0.514029 0 0.857773
    outer loop
      vertex 60.3606 2.4 18.2657
      vertex 60.55 0 18.3792
      vertex 60.55 2.4 18.3792
    endloop
  endfacet
  facet normal -0.514029 0 0.857773
    outer loop
      vertex 60.55 0 18.3792
      vertex 60.3606 2.4 18.2657
      vertex 60.3606 0 18.2657
    endloop
  endfacet
  facet normal -0.941527 0 0.336939
    outer loop
      vertex 61.3787 0 19.389
      vertex 61.4531 2.4 19.5969
      vertex 61.3787 2.4 19.389
    endloop
  endfacet
  facet normal -0.941527 0 0.336939
    outer loop
      vertex 61.4531 2.4 19.5969
      vertex 61.3787 0 19.389
      vertex 61.4531 0 19.5969
    endloop
  endfacet
  facet normal -0.14668 0 0.989184
    outer loop
      vertex 59.5205 2.4 18.0108
      vertex 59.739 0 18.0432
      vertex 59.739 2.4 18.0432
    endloop
  endfacet
  facet normal -0.14668 0 0.989184
    outer loop
      vertex 59.739 0 18.0432
      vertex 59.5205 2.4 18.0108
      vertex 59.5205 0 18.0108
    endloop
  endfacet
  facet normal -0.903996 0 0.427541
    outer loop
      vertex 61.2843 0 19.1894
      vertex 61.3787 2.4 19.389
      vertex 61.2843 2.4 19.1894
    endloop
  endfacet
  facet normal -0.903996 0 0.427541
    outer loop
      vertex 61.3787 2.4 19.389
      vertex 61.2843 0 19.1894
      vertex 61.3787 0 19.389
    endloop
  endfacet
  facet normal 0.0489209 0 0.998803
    outer loop
      vertex 59.0795 2.4 18.0108
      vertex 59.3 0 18
      vertex 59.3 2.4 18
    endloop
  endfacet
  facet normal 0.0489209 0 0.998803
    outer loop
      vertex 59.3 0 18
      vertex 59.0795 2.4 18.0108
      vertex 59.0795 0 18.0108
    endloop
  endfacet
  facet normal 0.514029 0 0.857773
    outer loop
      vertex 58.05 2.4 18.3792
      vertex 58.2394 0 18.2657
      vertex 58.2394 2.4 18.2657
    endloop
  endfacet
  facet normal 0.514029 0 0.857773
    outer loop
      vertex 58.2394 0 18.2657
      vertex 58.05 2.4 18.3792
      vertex 58.05 0 18.3792
    endloop
  endfacet
  facet normal -0.857773 0 0.514029
    outer loop
      vertex 61.1708 0 19
      vertex 61.2843 2.4 19.1894
      vertex 61.1708 2.4 19
    endloop
  endfacet
  facet normal -0.857773 0 0.514029
    outer loop
      vertex 61.2843 2.4 19.1894
      vertex 61.1708 0 19
      vertex 61.2843 0 19.1894
    endloop
  endfacet
  facet normal 0.941527 -0 0.336939
    outer loop
      vertex 57.1469 0 19.5969
      vertex 57.2213 2.4 19.389
      vertex 57.1469 2.4 19.5969
    endloop
  endfacet
  facet normal 0.941527 0 0.336939
    outer loop
      vertex 57.2213 2.4 19.389
      vertex 57.1469 0 19.5969
      vertex 57.2213 0 19.389
    endloop
  endfacet
  facet normal -0.0489209 0 0.998803
    outer loop
      vertex 59.3 2.4 18
      vertex 59.5205 0 18.0108
      vertex 59.5205 2.4 18.0108
    endloop
  endfacet
  facet normal -0.0489209 0 0.998803
    outer loop
      vertex 59.5205 0 18.0108
      vertex 59.3 2.4 18
      vertex 59.3 0 18
    endloop
  endfacet
  facet normal 0.671613 0 0.740902
    outer loop
      vertex 57.709 2.4 18.659
      vertex 57.8726 0 18.5107
      vertex 57.8726 2.4 18.5107
    endloop
  endfacet
  facet normal 0.671613 0 0.740902
    outer loop
      vertex 57.8726 0 18.5107
      vertex 57.709 2.4 18.659
      vertex 57.709 0 18.659
    endloop
  endfacet
  facet normal 0.969956 -0 0.243282
    outer loop
      vertex 57.0932 0 19.811
      vertex 57.1469 2.4 19.5969
      vertex 57.0932 2.4 19.811
    endloop
  endfacet
  facet normal 0.969956 0 0.243282
    outer loop
      vertex 57.1469 2.4 19.5969
      vertex 57.0932 0 19.811
      vertex 57.1469 0 19.5969
    endloop
  endfacet
  facet normal 0.243282 0 0.969956
    outer loop
      vertex 58.6469 2.4 18.0969
      vertex 58.861 0 18.0432
      vertex 58.861 2.4 18.0432
    endloop
  endfacet
  facet normal 0.243282 0 0.969956
    outer loop
      vertex 58.861 0 18.0432
      vertex 58.6469 2.4 18.0969
      vertex 58.6469 0 18.0969
    endloop
  endfacet
  facet normal -0.740902 0 0.671613
    outer loop
      vertex 60.891 0 18.659
      vertex 61.0393 2.4 18.8226
      vertex 60.891 2.4 18.659
    endloop
  endfacet
  facet normal -0.740902 0 0.671613
    outer loop
      vertex 61.0393 2.4 18.8226
      vertex 60.891 0 18.659
      vertex 61.0393 0 18.8226
    endloop
  endfacet
  facet normal 0.740902 -0 0.671613
    outer loop
      vertex 57.5607 0 18.8226
      vertex 57.709 2.4 18.659
      vertex 57.5607 2.4 18.8226
    endloop
  endfacet
  facet normal 0.740902 0 0.671613
    outer loop
      vertex 57.709 2.4 18.659
      vertex 57.5607 0 18.8226
      vertex 57.709 0 18.659
    endloop
  endfacet
  facet normal 0.903996 -0 0.427541
    outer loop
      vertex 57.2213 0 19.389
      vertex 57.3157 2.4 19.1894
      vertex 57.2213 2.4 19.389
    endloop
  endfacet
  facet normal 0.903996 0 0.427541
    outer loop
      vertex 57.3157 2.4 19.1894
      vertex 57.2213 0 19.389
      vertex 57.3157 0 19.1894
    endloop
  endfacet
  facet normal -0.671613 0 0.740902
    outer loop
      vertex 60.7274 2.4 18.5107
      vertex 60.891 0 18.659
      vertex 60.891 2.4 18.659
    endloop
  endfacet
  facet normal -0.671613 0 0.740902
    outer loop
      vertex 60.891 0 18.659
      vertex 60.7274 2.4 18.5107
      vertex 60.7274 0 18.5107
    endloop
  endfacet
  facet normal 0.989184 -0 0.14668
    outer loop
      vertex 57.0608 0 20.0295
      vertex 57.0932 2.4 19.811
      vertex 57.0608 2.4 20.0295
    endloop
  endfacet
  facet normal 0.989184 0 0.14668
    outer loop
      vertex 57.0932 2.4 19.811
      vertex 57.0608 0 20.0295
      vertex 57.0932 0 19.811
    endloop
  endfacet
  facet normal 0.998803 -0 0.0489209
    outer loop
      vertex 57.05 0 20.25
      vertex 57.0608 2.4 20.0295
      vertex 57.05 2.4 20.25
    endloop
  endfacet
  facet normal 0.998803 0 0.0489209
    outer loop
      vertex 57.0608 2.4 20.0295
      vertex 57.05 0 20.25
      vertex 57.0608 0 20.0295
    endloop
  endfacet
  facet normal -1 0 0
    outer loop
      vertex 61.55 0 20.25
      vertex 61.55 2.4 41
      vertex 61.55 2.4 20.25
    endloop
  endfacet
  facet normal -1 -0 0
    outer loop
      vertex 61.55 2.4 41
      vertex 61.55 0 20.25
      vertex 61.55 0 41
    endloop
  endfacet
  facet normal 1 -0 0
    outer loop
      vertex 57.05 0 41
      vertex 57.05 2.4 20.25
      vertex 57.05 2.4 41
    endloop
  endfacet
  facet normal 1 0 0
    outer loop
      vertex 57.05 2.4 20.25
      vertex 57.05 0 41
      vertex 57.05 0 20.25
    endloop
  endfacet
  facet normal -0.989184 0 0.14668
    outer loop
      vertex 61.5068 107.6 19.811
      vertex 61.5392 110 20.0295
      vertex 61.5068 110 19.811
    endloop
  endfacet
  facet normal -0.989184 0 0.14668
    outer loop
      vertex 61.5392 110 20.0295
      vertex 61.5068 107.6 19.811
      vertex 61.5392 107.6 20.0295
    endloop
  endfacet
  facet normal -0.998803 0 0.0489209
    outer loop
      vertex 61.5392 107.6 20.0295
      vertex 61.55 110 20.25
      vertex 61.5392 110 20.0295
    endloop
  endfacet
  facet normal -0.998803 0 0.0489209
    outer loop
      vertex 61.55 110 20.25
      vertex 61.5392 107.6 20.0295
      vertex 61.55 107.6 20.25
    endloop
  endfacet
  facet normal -0.969956 0 0.243282
    outer loop
      vertex 61.4531 107.6 19.5969
      vertex 61.5068 110 19.811
      vertex 61.4531 110 19.5969
    endloop
  endfacet
  facet normal -0.969956 0 0.243282
    outer loop
      vertex 61.5068 110 19.811
      vertex 61.4531 107.6 19.5969
      vertex 61.5068 107.6 19.811
    endloop
  endfacet
  facet normal -0.336939 0 0.941527
    outer loop
      vertex 59.9531 110 18.0969
      vertex 60.161 107.6 18.1713
      vertex 60.161 110 18.1713
    endloop
  endfacet
  facet normal -0.336939 0 0.941527
    outer loop
      vertex 60.161 107.6 18.1713
      vertex 59.9531 110 18.0969
      vertex 59.9531 107.6 18.0969
    endloop
  endfacet
  facet normal -0.243282 0 0.969956
    outer loop
      vertex 59.739 110 18.0432
      vertex 59.9531 107.6 18.0969
      vertex 59.9531 110 18.0969
    endloop
  endfacet
  facet normal -0.243282 0 0.969956
    outer loop
      vertex 59.9531 107.6 18.0969
      vertex 59.739 110 18.0432
      vertex 59.739 107.6 18.0432
    endloop
  endfacet
  facet normal 0.803357 -0 0.595498
    outer loop
      vertex 57.4292 107.6 19
      vertex 57.5607 110 18.8226
      vertex 57.4292 110 19
    endloop
  endfacet
  facet normal 0.803357 0 0.595498
    outer loop
      vertex 57.5607 110 18.8226
      vertex 57.4292 107.6 19
      vertex 57.5607 107.6 18.8226
    endloop
  endfacet
  facet normal 0.427541 0 0.903996
    outer loop
      vertex 58.2394 110 18.2657
      vertex 58.439 107.6 18.1713
      vertex 58.439 110 18.1713
    endloop
  endfacet
  facet normal 0.427541 0 0.903996
    outer loop
      vertex 58.439 107.6 18.1713
      vertex 58.2394 110 18.2657
      vertex 58.2394 107.6 18.2657
    endloop
  endfacet
  facet normal 0.336939 0 0.941527
    outer loop
      vertex 58.439 110 18.1713
      vertex 58.6469 107.6 18.0969
      vertex 58.6469 110 18.0969
    endloop
  endfacet
  facet normal 0.336939 0 0.941527
    outer loop
      vertex 58.6469 107.6 18.0969
      vertex 58.439 110 18.1713
      vertex 58.439 107.6 18.1713
    endloop
  endfacet
  facet normal 0.857773 -0 0.514029
    outer loop
      vertex 57.3157 107.6 19.1894
      vertex 57.4292 110 19
      vertex 57.3157 110 19.1894
    endloop
  endfacet
  facet normal 0.857773 0 0.514029
    outer loop
      vertex 57.4292 110 19
      vertex 57.3157 107.6 19.1894
      vertex 57.4292 107.6 19
    endloop
  endfacet
  facet normal -0.427541 0 0.903996
    outer loop
      vertex 60.161 110 18.1713
      vertex 60.3606 107.6 18.2657
      vertex 60.3606 110 18.2657
    endloop
  endfacet
  facet normal -0.427541 0 0.903996
    outer loop
      vertex 60.3606 107.6 18.2657
      vertex 60.161 110 18.1713
      vertex 60.161 107.6 18.1713
    endloop
  endfacet
  facet normal 0.595498 0 0.803357
    outer loop
      vertex 57.8726 110 18.5107
      vertex 58.05 107.6 18.3792
      vertex 58.05 110 18.3792
    endloop
  endfacet
  facet normal 0.595498 0 0.803357
    outer loop
      vertex 58.05 107.6 18.3792
      vertex 57.8726 110 18.5107
      vertex 57.8726 107.6 18.5107
    endloop
  endfacet
  facet normal -0.803357 0 0.595498
    outer loop
      vertex 61.0393 107.6 18.8226
      vertex 61.1708 110 19
      vertex 61.0393 110 18.8226
    endloop
  endfacet
  facet normal -0.803357 0 0.595498
    outer loop
      vertex 61.1708 110 19
      vertex 61.0393 107.6 18.8226
      vertex 61.1708 107.6 19
    endloop
  endfacet
  facet normal 0.14668 0 0.989184
    outer loop
      vertex 58.861 110 18.0432
      vertex 59.0795 107.6 18.0108
      vertex 59.0795 110 18.0108
    endloop
  endfacet
  facet normal 0.14668 0 0.989184
    outer loop
      vertex 59.0795 107.6 18.0108
      vertex 58.861 110 18.0432
      vertex 58.861 107.6 18.0432
    endloop
  endfacet
  facet normal -0.595498 0 0.803357
    outer loop
      vertex 60.55 110 18.3792
      vertex 60.7274 107.6 18.5107
      vertex 60.7274 110 18.5107
    endloop
  endfacet
  facet normal -0.595498 0 0.803357
    outer loop
      vertex 60.7274 107.6 18.5107
      vertex 60.55 110 18.3792
      vertex 60.55 107.6 18.3792
    endloop
  endfacet
  facet normal -0.514029 0 0.857773
    outer loop
      vertex 60.3606 110 18.2657
      vertex 60.55 107.6 18.3792
      vertex 60.55 110 18.3792
    endloop
  endfacet
  facet normal -0.514029 0 0.857773
    outer loop
      vertex 60.55 107.6 18.3792
      vertex 60.3606 110 18.2657
      vertex 60.3606 107.6 18.2657
    endloop
  endfacet
  facet normal -0.941527 0 0.336939
    outer loop
      vertex 61.3787 107.6 19.389
      vertex 61.4531 110 19.5969
      vertex 61.3787 110 19.389
    endloop
  endfacet
  facet normal -0.941527 0 0.336939
    outer loop
      vertex 61.4531 110 19.5969
      vertex 61.3787 107.6 19.389
      vertex 61.4531 107.6 19.5969
    endloop
  endfacet
  facet normal -0.14668 0 0.989184
    outer loop
      vertex 59.5205 110 18.0108
      vertex 59.739 107.6 18.0432
      vertex 59.739 110 18.0432
    endloop
  endfacet
  facet normal -0.14668 0 0.989184
    outer loop
      vertex 59.739 107.6 18.0432
      vertex 59.5205 110 18.0108
      vertex 59.5205 107.6 18.0108
    endloop
  endfacet
  facet normal -0.903996 0 0.427541
    outer loop
      vertex 61.2843 107.6 19.1894
      vertex 61.3787 110 19.389
      vertex 61.2843 110 19.1894
    endloop
  endfacet
  facet normal -0.903996 0 0.427541
    outer loop
      vertex 61.3787 110 19.389
      vertex 61.2843 107.6 19.1894
      vertex 61.3787 107.6 19.389
    endloop
  endfacet
  facet normal 0.0489209 0 0.998803
    outer loop
      vertex 59.0795 110 18.0108
      vertex 59.3 107.6 18
      vertex 59.3 110 18
    endloop
  endfacet
  facet normal 0.0489209 0 0.998803
    outer loop
      vertex 59.3 107.6 18
      vertex 59.0795 110 18.0108
      vertex 59.0795 107.6 18.0108
    endloop
  endfacet
  facet normal 0.514029 0 0.857773
    outer loop
      vertex 58.05 110 18.3792
      vertex 58.2394 107.6 18.2657
      vertex 58.2394 110 18.2657
    endloop
  endfacet
  facet normal 0.514029 0 0.857773
    outer loop
      vertex 58.2394 107.6 18.2657
      vertex 58.05 110 18.3792
      vertex 58.05 107.6 18.3792
    endloop
  endfacet
  facet normal -0.857773 0 0.514029
    outer loop
      vertex 61.1708 107.6 19
      vertex 61.2843 110 19.1894
      vertex 61.1708 110 19
    endloop
  endfacet
  facet normal -0.857773 0 0.514029
    outer loop
      vertex 61.2843 110 19.1894
      vertex 61.1708 107.6 19
      vertex 61.2843 107.6 19.1894
    endloop
  endfacet
  facet normal 0.941527 -0 0.336939
    outer loop
      vertex 57.1469 107.6 19.5969
      vertex 57.2213 110 19.389
      vertex 57.1469 110 19.5969
    endloop
  endfacet
  facet normal 0.941527 0 0.336939
    outer loop
      vertex 57.2213 110 19.389
      vertex 57.1469 107.6 19.5969
      vertex 57.2213 107.6 19.389
    endloop
  endfacet
  facet normal -0.0489209 0 0.998803
    outer loop
      vertex 59.3 110 18
      vertex 59.5205 107.6 18.0108
      vertex 59.5205 110 18.0108
    endloop
  endfacet
  facet normal -0.0489209 0 0.998803
    outer loop
      vertex 59.5205 107.6 18.0108
      vertex 59.3 110 18
      vertex 59.3 107.6 18
    endloop
  endfacet
  facet normal 0.671613 0 0.740902
    outer loop
      vertex 57.709 110 18.659
      vertex 57.8726 107.6 18.5107
      vertex 57.8726 110 18.5107
    endloop
  endfacet
  facet normal 0.671613 0 0.740902
    outer loop
      vertex 57.8726 107.6 18.5107
      vertex 57.709 110 18.659
      vertex 57.709 107.6 18.659
    endloop
  endfacet
  facet normal 0.969956 -0 0.243282
    outer loop
      vertex 57.0932 107.6 19.811
      vertex 57.1469 110 19.5969
      vertex 57.0932 110 19.811
    endloop
  endfacet
  facet normal 0.969956 0 0.243282
    outer loop
      vertex 57.1469 110 19.5969
      vertex 57.0932 107.6 19.811
      vertex 57.1469 107.6 19.5969
    endloop
  endfacet
  facet normal 0.243282 0 0.969956
    outer loop
      vertex 58.6469 110 18.0969
      vertex 58.861 107.6 18.0432
      vertex 58.861 110 18.0432
    endloop
  endfacet
  facet normal 0.243282 0 0.969956
    outer loop
      vertex 58.861 107.6 18.0432
      vertex 58.6469 110 18.0969
      vertex 58.6469 107.6 18.0969
    endloop
  endfacet
  facet normal -0.740902 0 0.671613
    outer loop
      vertex 60.891 107.6 18.659
      vertex 61.0393 110 18.8226
      vertex 60.891 110 18.659
    endloop
  endfacet
  facet normal -0.740902 0 0.671613
    outer loop
      vertex 61.0393 110 18.8226
      vertex 60.891 107.6 18.659
      vertex 61.0393 107.6 18.8226
    endloop
  endfacet
  facet normal 0.740902 -0 0.671613
    outer loop
      vertex 57.5607 107.6 18.8226
      vertex 57.709 110 18.659
      vertex 57.5607 110 18.8226
    endloop
  endfacet
  facet normal 0.740902 0 0.671613
    outer loop
      vertex 57.709 110 18.659
      vertex 57.5607 107.6 18.8226
      vertex 57.709 107.6 18.659
    endloop
  endfacet
  facet normal 0.903996 -0 0.427541
    outer loop
      vertex 57.2213 107.6 19.389
      vertex 57.3157 110 19.1894
      vertex 57.2213 110 19.389
    endloop
  endfacet
  facet normal 0.903996 0 0.427541
    outer loop
      vertex 57.3157 110 19.1894
      vertex 57.2213 107.6 19.389
      vertex 57.3157 107.6 19.1894
    endloop
  endfacet
  facet normal -0.671613 0 0.740902
    outer loop
      vertex 60.7274 110 18.5107
      vertex 60.891 107.6 18.659
      vertex 60.891 110 18.659
    endloop
  endfacet
  facet normal -0.671613 0 0.740902
    outer loop
      vertex 60.891 107.6 18.659
      vertex 60.7274 110 18.5107
      vertex 60.7274 107.6 18.5107
    endloop
  endfacet
  facet normal 0.989184 -0 0.14668
    outer loop
      vertex 57.0608 107.6 20.0295
      vertex 57.0932 110 19.811
      vertex 57.0608 110 20.0295
    endloop
  endfacet
  facet normal 0.989184 0 0.14668
    outer loop
      vertex 57.0932 110 19.811
      vertex 57.0608 107.6 20.0295
      vertex 57.0932 107.6 19.811
    endloop
  endfacet
  facet normal 0.998803 -0 0.0489209
    outer loop
      vertex 57.05 107.6 20.25
      vertex 57.0608 110 20.0295
      vertex 57.05 110 20.25
    endloop
  endfacet
  facet normal 0.998803 0 0.0489209
    outer loop
      vertex 57.0608 110 20.0295
      vertex 57.05 107.6 20.25
      vertex 57.0608 107.6 20.0295
    endloop
  endfacet
  facet normal -1 0 0
    outer loop
      vertex 61.55 107.6 20.25
      vertex 61.55 110 41
      vertex 61.55 110 20.25
    endloop
  endfacet
  facet normal -1 -0 0
    outer loop
      vertex 61.55 110 41
      vertex 61.55 107.6 20.25
      vertex 61.55 107.6 41
    endloop
  endfacet
  facet normal 1 -0 0
    outer loop
      vertex 57.05 107.6 41
      vertex 57.05 110 20.25
      vertex 57.05 110 41
    endloop
  endfacet
  facet normal 1 0 0
    outer loop
      vertex 57.05 110 20.25
      vertex 57.05 107.6 41
      vertex 57.05 107.6 20.25
    endloop
  endfacet
  facet normal -1 0 0
    outer loop
      vertex 20.7 0 28.7
      vertex 20.7 2.4 31.7
      vertex 20.7 2.4 28.7
    endloop
  endfacet
  facet normal -1 -0 0
    outer loop
      vertex 20.7 2.4 31.7
      vertex 20.7 0 28.7
      vertex 20.7 0 31.7
    endloop
  endfacet
  facet normal 0 0 -1
    outer loop
      vertex 12.1 0 31.7
      vertex 20.7 2.4 31.7
      vertex 20.7 0 31.7
    endloop
  endfacet
  facet normal -0 0 -1
    outer loop
      vertex 20.7 2.4 31.7
      vertex 12.1 0 31.7
      vertex 12.1 2.4 31.7
    endloop
  endfacet
  facet normal -0 0 1
    outer loop
      vertex 12.1 2.4 28.7
      vertex 20.7 0 28.7
      vertex 20.7 2.4 28.7
    endloop
  endfacet
  facet normal 0 0 1
    outer loop
      vertex 20.7 0 28.7
      vertex 12.1 2.4 28.7
      vertex 12.1 0 28.7
    endloop
  endfacet
  facet normal 1 -0 0
    outer loop
      vertex 12.1 0 31.7
      vertex 12.1 2.4 28.7
      vertex 12.1 2.4 31.7
    endloop
  endfacet
  facet normal 1 0 0
    outer loop
      vertex 12.1 2.4 28.7
      vertex 12.1 0 31.7
      vertex 12.1 0 28.7
    endloop
  endfacet
  facet normal -1 0 0
    outer loop
      vertex 20.7 107.6 28.7
      vertex 20.7 110 31.7
      vertex 20.7 110 28.7
    endloop
  endfacet
  facet normal -1 -0 0
    outer loop
      vertex 20.7 110 31.7
      vertex 20.7 107.6 28.7
      vertex 20.7 107.6 31.7
    endloop
  endfacet
  facet normal 0 0 -1
    outer loop
      vertex 12.1 107.6 31.7
      vertex 20.7 110 31.7
      vertex 20.7 107.6 31.7
    endloop
  endfacet
  facet normal -0 0 -1
    outer loop
      vertex 20.7 110 31.7
      vertex 12.1 107.6 31.7
      vertex 12.1 110 31.7
    endloop
  endfacet
  facet normal -0 0 1
    outer loop
      vertex 12.1 110 28.7
      vertex 20.7 107.6 28.7
      vertex 20.7 110 28.7
    endloop
  endfacet
  facet normal 0 0 1
    outer loop
      vertex 20.7 107.6 28.7
      vertex 12.1 110 28.7
      vertex 12.1 107.6 28.7
    endloop
  endfacet
  facet normal 1 -0 0
    outer loop
      vertex 12.1 107.6 31.7
      vertex 12.1 110 28.7
      vertex 12.1 110 31.7
    endloop
  endfacet
  facet normal 1 0 0
    outer loop
      vertex 12.1 110 28.7
      vertex 12.1 107.6 31.7
      vertex 12.1 107.6 28.7
    endloop
  endfacet
  facet normal -1 0 0
    outer loop
      vertex 106.5 0 28.7
      vertex 106.5 2.4 31.7
      vertex 106.5 2.4 28.7
    endloop
  endfacet
  facet normal -1 -0 0
    outer loop
      vertex 106.5 2.4 31.7
      vertex 106.5 0 28.7
      vertex 106.5 0 31.7
    endloop
  endfacet
  facet normal 0 0 -1
    outer loop
      vertex 97.9 0 31.7
      vertex 106.5 2.4 31.7
      vertex 106.5 0 31.7
    endloop
  endfacet
  facet normal -0 0 -1
    outer loop
      vertex 106.5 2.4 31.7
      vertex 97.9 0 31.7
      vertex 97.9 2.4 31.7
    endloop
  endfacet
  facet normal -0 0 1
    outer loop
      vertex 97.9 2.4 28.7
      vertex 106.5 0 28.7
      vertex 106.5 2.4 28.7
    endloop
  endfacet
  facet normal 0 0 1
    outer loop
      vertex 106.5 0 28.7
      vertex 97.9 2.4 28.7
      vertex 97.9 0 28.7
    endloop
  endfacet
  facet normal 1 -0 0
    outer loop
      vertex 97.9 0 31.7
      vertex 97.9 2.4 28.7
      vertex 97.9 2.4 31.7
    endloop
  endfacet
  facet normal 1 0 0
    outer loop
      vertex 97.9 2.4 28.7
      vertex 97.9 0 31.7
      vertex 97.9 0 28.7
    endloop
  endfacet
  facet normal -1 0 0
    outer loop
      vertex 106.5 107.6 28.7
      vertex 106.5 110 31.7
      vertex 106.5 110 28.7
    endloop
  endfacet
  facet normal -1 -0 0
    outer loop
      vertex 106.5 110 31.7
      vertex 106.5 107.6 28.7
      vertex 106.5 107.6 31.7
    endloop
  endfacet
  facet normal 0 0 -1
    outer loop
      vertex 97.9 107.6 31.7
      vertex 106.5 110 31.7
      vertex 106.5 107.6 31.7
    endloop
  endfacet
  facet normal -0 0 -1
    outer loop
      vertex 106.5 110 31.7
      vertex 97.9 107.6 31.7
      vertex 97.9 110 31.7
    endloop
  endfacet
  facet normal -0 0 1
    outer loop
      vertex 97.9 110 28.7
      vertex 106.5 107.6 28.7
      vertex 106.5 110 28.7
    endloop
  endfacet
  facet normal 0 0 1
    outer loop
      vertex 106.5 107.6 28.7
      vertex 97.9 110 28.7
      vertex 97.9 107.6 28.7
    endloop
  endfacet
  facet normal 1 -0 0
    outer loop
      vertex 97.9 107.6 31.7
      vertex 97.9 110 28.7
      vertex 97.9 110 31.7
    endloop
  endfacet
  facet normal 1 0 0
    outer loop
      vertex 97.9 110 28.7
      vertex 97.9 107.6 31.7
      vertex 97.9 107.6 28.7
    endloop
  endfacet
endsolid OpenSCAD_Model
